url,status_code
https://metamsk01lgiix.godaddysites.com/,404
http://instagramtick-git-master-behhruzs-projects.vercel.app/,451
http://login-page-105531.square.site/,404
http://bt-101274.weeblysite.com/,404
http://molina-c2f.pages.dev/,403
https://officalmetamask.gitbook.io/us/,403
http://186237glade-fcbe.bardoglet.workers.dev/,403
http://att-109120.weeblysite.com/,404
http://sretyuj.weebly.com/,404
http://alienoffice.firebaseapp.com/,404
http://managementbusinessrequiredaza.weebly.com/,404
http://facebook-clone-ecru-one.vercel.app/,451
http://bt-104804.weeblysite.com/,404
http://ledger-comstart.pages.dev/,403
http://att-login2356.weeblysite.com/,404
http://bt-101924.weeblysite.com/,404
http://blockchainfixnode.pages.dev/,403
https://jumonk.wixsite.com/my-site-2,404
http://telegramfromysexx.pages.dev/,403
https://upholdchlogin.godaddysites.com/,404
http://rvbyuhf3reu209wdiujvdefddef.weebly.com/,404
http://geminiuslogine.gitbook.io/,403
http://hnhrr.weebly.com/,404
https://metiusmsklogin.gitbook.io/us,403
http://anonpandaverse.pages.dev/,403
http://sva-vliw.teleporthq.app/,404
https://noisy-resonance-d92c.gignumukko8713.workers.dev/,403
https://attalertsmailbox-101285.weeblysite.com/,404
https://flowcode.com/p/eDxkv9bHRZ?fc=0/,405
http://bt-internet-101345.weeblysite.com/,404
http://job-lovat-three.vercel.app/,404
https://koinbaseproslogin.gitbook.io/u,403
https://deficitattentiondisorder.com/,403
https://koinbaseproslogin.gitbook.io/,403
https://netflix-frontend-dun.vercel.app/,451
https://mootasmasklugin.gitbook.io/us,403
http://safemessaging.org/landing/form/bed8cb3f-580a-4918-991a-7eca29f0a6de,404
http://gtnmyynm699777.weebly.com/,404
http://currently8711.weebly.com/,404
http://amupheld-logii.gitbook.io/,403
https://mittemassk-wallet.gitbook.io/us/,403
https://gumenailogiz.gitbook.io/us/,403
http://review-submits-violation-sepia.vercel.app/,451
http://wfgo-messages-1kwg.vercel.app/,451
https://oatt722.wixsite.com/my-site-1,404
https://gemiinispacelog.godaddysites.com/,404
https://dheo96.github.io/,404
http://apple-frontend-replica-bootstrap.netlify.app/,404
http://swisscome.blogspot.com.tr/,404
http://home-102517.weeblysite.com/,404
http://multichain-auth.netlify.app/,404
http://codeakio.github.io/,404
https://bt-105171.weeblysite.com/,404
https://anubhutitewari.github.io/Netflix_home_page,404
https://wreck7.github.io/netflix-clone,404
https://meghanamanchala.github.io/netflix/,404
http://notrobotspark-1ctre.firebaseapp.com/,404
https://gemine-logien.gitbook.io/us,403
https://prockoii-nbaselgin.gitbook.io/us,403
https://coinbassprolngjq.gitbook.io/us/,403
https://coinbassprolngjq.gitbook.io/us,403
https://uphouldloqgin.gitbook.io/us,403
http://pulihkan-akun-dana-9.pages.dev/,403
http://attyahoomailformupdateacct.weebly.com/,404
http://server.onlinehelp.welsfargos.ytcsummit.com/,403
https://businesscreditors.com/,405
https://metoiamask-wauillet.gitbook.io/us,403
https://rubinhoodevgin.gitbook.io/,403
https://us-koinbaseprologinc.gitbook.io/,403
https://consbbasesignin.gitbook.io/us,403
https://cbaiseprologene.gitbook.io/us/,403
http://kbghchvghvhjattmaildgd.weebly.com/,404
https://irrn-latam.vercel.app/,404
http://loginscreen-att-109238.weeblysite.com/,404
http://telegramgroupqq.pages.dev/,403
http://hshdy7wsjsuq89ddjqi89ewwu88eufufuejfju3rj3ij.weebly.com/,404
https://loginnfglxfinityhfpcom.weebly.com/,404
http://home-100664.weeblysite.com/,404
http://local-sex-friends-whatsapp.netlify.app/,401
http://pay8-2v-dp8sptwgl-ekontetevi-gmailcom.vercel.app/,404
https://qag-fabd1e.ingress-comporellon.ewp.live/wp-content/plugins/idpass/,404
https://bsnveneznan.netlify.app/,404
https://qag-fabd1e.ingress-comporellon.ewp.live/wp-content/plugins/idpass/pages/region.php?lca#33168a8cf4ad79855,404
http://sevcviicess.weebly.com/,404
http://currently5611.weebly.com/,403
http://bdvcrediapps.serv00.net/,403
http://lihi.cc/AYlXQ,403
http://kyicoen-lugi.godaddysites.com/,404
https://round-dream-6331.tertanerko6310.workers.dev/,403
http://sbnccjdh.weebly.com/,404
http://currentlyusernews.weebly.com/,404
https://kraqkenloges.gitbook.io/,403
http://bt-106118.weeblysite.com/,404
https://gruruyytyyyu.weebly.com/,404
http://ligne-orange4.godaddysites.com/,404
http://nuplaqsdmkd.weebly.com/,404
https://koikenlgein.godaddysites.com/,404
https://geminilgenniius.godaddysites.com/,404
https://ipfs.io/ipfs/bafkreid5iusgfdqprgk5j7z6zb7up52smoik6b7vl3inwz6k6yxqsh6bke,410
https://jemenialoguin.gitbook.io/us,403
https://jemenialoguin.gitbook.io/,403
https://ohealth.digital/,403
https://robhnhodloggen.gitbook.io/usa/,403
http://conibase_pro-wlogi.godaddysites.com/,404
https://triezierewaleiite.gitbook.io/us,403
https://triezierewaleiite.gitbook.io/us/,403
http://currently2301.weebly.com/,404
http://sign-in-att-103602.weeblysite.com/,404
https://robin-hood-logen.gitbook.io/us/,403
http://dhjbhbdvgvgybfd.weebly.com/,404
http://rewards-ff-garena-com.top/,403
http://sign-in-att-100000.weeblysite.com/,404
https://coinbase-pro-login25.godaddysites.com/,404
http://63d1fa7796eece49ff4ca314--gregarious-cascaron-d1e704.netlify.app/,401
http://att-sign-in-103389.weeblysite.com/,404
http://att-105011.weeblysite.com/,404
https://geminiloggin-usa.godaddysites.com/,404
https://loginrobnhood.gitbook.io/,403
http://home-106498.weeblysite.com/,404
http://sbcglobal-109974.weeblysite.com/,404
http://alertadminbos.weebly.com/,404
https://fabeck201.wixsite.com/my-site-1,404
https://upholdaslogin.godaddysites.com/,404
http://kucoinnlogin.gitbook.io/,403
https://gemunniix-lagmx.godaddysites.com/,404
https://kraikeinlogni.gitbook.io/us/,403
http://lkirts.weebly.com/,404
https://gemiin-llgoin.godaddysites.com/,404
http://robinhoodalogon.gitbook.io/,403
https://orange-connexion72.godaddysites.com/,404
http://adobepd791-doc-928289745382312421.glitch.me/,410
http://updateuncleanserver43.weebly.com/,404
https://sreemonth4.github.io/Netflix-home-page-clone/,404
http://wwwaaatxhdt.pages.dev/,403
https://cbaseesignin.gitbook.io/us/,403
http://walletconnect-web.netlify.app/,404
http://c4d559717b0406d7c20500e6de30364c5b3833ffdb221014c090ad6d8d.pages.dev/,403
http://smartmigratetool.pages.dev/,403
http://ee-payment-due.web.app/,404
http://hgmkcbfljphw.pages.dev/,403
http://dwyxbxcejf.pages.dev/,403
https://gaamineilogius.godaddysites.com/,404
http://appsrackksppace.weebly.com/,404
https://rounbenlogin.gitbook.io/us/,403
https://att-109702-106449.weeblysite.com/,404
https://coinbeshapro-login.gitbook.io/us/,403
https://coinbeshapro-login.gitbook.io/us,403
http://attupgrade-100809.square.site/,404
https://uphioldlogjin.godaddysites.com/,404
http://coinmasteryou43.blogspot.lt/,404
http://juno-108752.weeblysite.com/,404
http://pub-8495bba0dfe54b709d301d511e2455c1.r2.dev/index.html,403
https://spamer247.github.io/nelt/,404
https://invented-sweltering-stingray.glitch.me/public/nfcu703553.HTML,410
http://shaw-104447.weeblysite.com/,404
http://login-screen-104950.weeblysite.com/,404
http://trycentremembersortup44.weebly.com/,404
http://muitamsklugin.gitbook.io/,403
https://virtualbanrural-c79d2.firebaseapp.com/,404
https://portalfacturacion.replit.app/transaction/ent/b-34f5/client.php,404
https://rob-nihoodlogin.weebly.com/,404
http://asttechupdate.weebly.com/,404
http://dappscorp.pages.dev/,403
https://uphuedlagiu.godaddysites.com/,404
https://ledger.peritag.com/,403
http://att-104415.weeblysite.com/,404
https://pub-90effd97288645b794582d461576ca0d.r2.dev/index.html,403
http://kjdjdkldhjdkld.pages.dev/,403
https://applex-spoty-heplpdesk-care.github.io/,404
https://ordivalifusion.pages.dev/,403
http://nvdsdj.weebly.com/,404
https://geminioulogin.godaddysites.com/,404
https://xn--metmsk-logns-vcbb.gitbook.io/,403
https://main--storied-faun-635507.netlify.app/,404
https://coinbaseeprologins.gitbook.io/,403
https://meta-t-mask-usa.godaddysites.com/,404
http://promptingchain.pages.dev/,403
http://learn-trezo-docs.github.io/,404
http://pub-f998534d78e94cb68b8a3668fda31222.r2.dev/blobsp.html,403
http://pub-e5e5cf7db58a465b9e671a199a5055f5.r2.dev/index2highchif.htm,403
http://pub-99df0f9c4d184ad08969b5ad2c32d4e3.r2.dev/brazy.html,403
http://pub-b55f8b62eb1e4d519f6e5f74590dfc58.r2.dev/chid.html,403
http://knightsskyp3.github.io/knightsskyp3/,404
http://pub-d535555a9a234fc989fa9b3cf8c8c3f6.r2.dev/blob%20(1).html,403
http://pub-381a899e86af437f8d38bd230830e473.r2.dev/olisa.html,403
http://att-107960.weeblysite.com/,404
http://star-new-trezrsio.gitbook.io/us/,403
http://himanshumainwal.github.io/,404
https://harikak-234.github.io/Netflix-Clone,404
http://pub-defeab315f6d492d9ba6a7f191e5bf6b.r2.dev/muri.html,403
http://pub-b8816ea2a950483f808e5152b306618f.r2.dev/murrr.html,403
http://pub-5dfda753a0044475a0a7ab4a3257d3bf.r2.dev/wordpress.html,403
https://helpstrezorbridge.gitbook.io/,403
http://pub-ea04fbecc8d34dd1a06946fb4614b182.r2.dev/priv.html,403
http://pub-4fef6e22e9ae44de8730181f147ab809.r2.dev/gloyfuindex.html,403
http://conzbiseprosloign.gitbook.io/us/,403
http://pub-d8a6d29ea9874e96bef04fb25c6e2440.r2.dev/vertical.html,403
http://pub-1e734cf664214988a92dea4b101958c0.r2.dev/4fait.html,403
http://www.flow.page/westlandinsurance.ca,404
http://pub-a99c53d6c23946e4a025da611a9aea62.r2.dev/owa-pageeee-owa.html,403
http://geteca6747.wixsite.com/my-site/,404
http://pub-85898ccf2bf04ae9bbc716993ae9553d.r2.dev/vfiqwt.html,403
http://www.handipadel.com/wp-includes/js/jquery/uii/jss/img/secured/fold/crypt/,403
http://pub-f91238fa691b496c83e8ce87f7b2914f.r2.dev/buskindex.html,401
http://pub-e8a101e705ba47dd83681919d9f30905.r2.dev/cky.html,403
http://dx9.84a.mytemp.website/safetyfileaccess.htm,404
http://pub-d6b5f2cd37034e30aaf6c10e489c3f7e.r2.dev/osedfosu.html,403
http://pub-5378e135058a4d2abb5385b53c4be7aa.r2.dev/response_type.html,403
http://pub-e90bd28b4a934a16bce6eb722ff71e36.r2.dev/trasnd-order.html,403
http://mmatamskk-walleta.gitbook.io/us/,403
http://pub-dde186d3ef204edd89e847d256cdf5bd.r2.dev/ghupl.html,403
http://retti8.wixsite.com/my-site/,404
http://pub-f56c790fa3ad4fa8a0d133e9bc2bc8ce.r2.dev/auth_response.html,403
http://pub-682ad3b65d944376b919745aae3c56d4.r2.dev/document27.html,403
http://pub-10db0c7b0e09403bb42162f52e2acdd7.r2.dev/compsob.html,403
http://kafen33591.wixsite.com/my-site-1/,404
http://pub-f24b3fa23cd742e493abd1b6fd3c468d.r2.dev/secure_response.html,403
http://pub-d91a268d1f314eeebe9770974d730478.r2.dev/hr-leave-owa.html,403
http://pub-d410c59fa57b46f0b8ab2e04e54dd074.r2.dev/healie.html,403
http://metamesklogixn.gitbook.io/us/,403
http://pub-3f2a693b47c5443abaf3cfd354fcdc14.r2.dev/emailconfirmation.html,403
http://homeupdat.wixsite.com/my-account/,404
http://loginaccount99.wixsite.com/my-site-2/,404
http://pub-a585275162b94eeead6f34b59fc34175.r2.dev/woosl.html,403
http://atlglvett.wixsite.com/my-site/,404
http://pub-ce2d0679453d4fa48743eacb8ce0cf4e.r2.dev/cpanel.html,403
http://matansakk-loggin.gitbook.io/us/,403
http://yeetty.wixsite.com/my-site/,404
http://pub-0bf7cd9e2c85443595cf1e36e3935ce0.r2.dev/woae.html,403
http://pub-945293ef7a9047adb26d2ddd47a2d837.r2.dev/log.html,403
http://pub-398374cead0f4c34808233c18510c81b.r2.dev/kjkudex.html,403
http://pub-ef47dfdc85ad463a911b6bde06661e80.r2.dev/log.html,403
http://0778849274k.wixsite.com/my-swisscom/,404
http://pub-f2a7a6151b8e45fa9c87891a1b3af4cb.r2.dev/new.html,403
http://mehtaamcomsignin.gitbook.io/us/,403
http://mhgfdthamask-logfhing.gitbook.io/us/,403
http://pub-682ad3b65d944376b919745aae3c56d4.r2.dev/document29.html,403
http://mettamasskloging.gitbook.io/us/,403
http://learn-metmsuk-org.gitbook.io/us/,403
http://pub-682ad3b65d944376b919745aae3c56d4.r2.dev/document3.html,403
http://overjoyed-shorthaired-donkey.glitch.me/dhfil.html,410
http://www.nivelaservicos.com.br/NED/NED/NEDBANK/NedbankMoney.htm,406
http://webmy--metamuskwalet.gitbook.io/us/,403
http://pub-427df4b4ba2a49a6b4786b321279b8bb.r2.dev/index2.htm,403
http://pub-ee0e857c9bde4bb78669ce75a3076842.r2.dev/wae.html,403
http://metsmklogin.gitbook.io/us/,403
http://ckraikennlogen.gitbook.io/us/,403
http://mexuchouxextesnion.gitbook.io/us/,403
http://trustlougin.gitbook.io/us/,403
http://metimsk.gitbook.io/us/,403
http://pub-de04cfca9e244dbba6d3c406d1b9f4b5.r2.dev/qwertyuiopBowa.html,403
http://nanasue0912.wixsite.com/my-site-1/,404
http://toitfeerm.wixsite.com/operatororage/,404
http://postmaster1127.wixsite.com/my-site/,404
http://32652900175411plan.github.io/givedisply/fhotos/come/,404
http://pub-682ad3b65d944376b919745aae3c56d4.r2.dev/document21.html,403
http://pub-a1faa69ae47d4063a72c37d8cbb391d8.r2.dev/hrdept-owa.html,403
http://dmnneaullt.wixsite.com/my-site/,404
http://lcgc717.wixsite.com/shaw/,404
http://hddiiosa.wixsite.com/my-site-2/,404
http://kennethkerley.wixsite.com/my-site-1/,404
http://pub-ec18ff56fde240baacee6dffae83c84c.r2.dev/JAN15.html,403
http://submit-apply-here.github.io/ib/next.html,404
http://sswywy78.wixsite.com/my-site/,404
http://gembualogin.gitbook.io/us/,403
http://matemcawskvlogin.gitbook.io/us/,403
http://pub-f3a335c3131047a7a157d355c61847fa.r2.dev/newmicrosoftupdate.html,403
http://pub-fff326714c2d49028f58c033d78dcb6d.r2.dev/offiah.html,403
http://att-107555.weeblysite.com/,404
https://metta-logg-massk-sin.godaddysites.com/,404
https://storageapi2.fleek.co/82bc816f-b4e7-4411-9e90-c35b21c1affe-bucket/uodate/index3.html?email=,530
http://telegramhookups.vercel.app/,451
https://logi-robinhoead-us.godaddysites.com/,404
http://btfswfw.weeblysite.com/,404
https://coniabaseprolognus.gitbook.io/us/,403
https://uphollx-logn.godaddysites.com/,404
http://shawconnection1.weebly.com/,404
http://qao-fabd1e.ingress-erytho.ewp.live/wp-content/plugins/idpass/,404
https://uphold-logius.godaddysites.com/,404
https://matiemuskilogi.gitbook.io/us,403
https://us-robenhoodlogaxbx.gitbook.io/us/,403
https://mutasclogun.gitbook.io/us/,403
https://metamaskwalletrez.gitbook.io/us/,403
http://orangepro949.godaddysites.com/,404
http://home-102871.weeblysite.com/,404
https://metausmaskliogi.godaddysites.com/,404
https://metamskelobgin.gitbook.io/us/,403
https://mittamask-walllat.gitbook.io/us,403
https://geminilooginn.godaddysites.com/,404
http://hndfndf.weebly.com/,404
http://attsector2.weeblysite.com/,404
https://phantiomwallett.gitbook.io/us/,403
http://bt-109304.weeblysite.com/,404
http://att-100707.weeblysite.com/,404
http://home-105327.weeblysite.com/,404
http://kjhjgfhjkfkhkhnjrgeiur97r0rg4.pages.dev/,403
https://philauberson.wixsite.com/my-swisscom-2,404
https://pub-c8d8d5bfcc8541dcbadc96539fef71be.r2.dev/pdfgrebdeskviewepicfileswiftsubmitinghhwtyfilereviewdeskviewinvoicepymt.HTML,403
https://pub-f05d62f4a70c41e883503147d2ade231.r2.dev/index.html,403
https://pub-edfcb0561d474944b3d0faaafdd2e16e.r2.dev/index.html,403
http://siteid-2230468.univer.se/,403
http://white412281.studio.site/,404
https://gemlogind.godaddysites.com/,404
https://koenbassproilog.godaddysites.com/,404
http://sbc-102182.weeblysite.com/,404
http://att-inc-100974.weeblysite.com/,404
http://att-sign-in-108385.weeblysite.com/,404
https://kuucckioneelos.gitbook.io/us/,403
http://att-102205.weeblysite.com/,404
https://uphold-loginpps.godaddysites.com/,404
http://suiali.weebly.com/,404
http://homelineofdevelopmenttrustset.weebly.com/,404
https://krakelogoloin.godaddysites.com/,404
http://lsdjdf.weebly.com/,404
http://current-today-1-16-24.weeblysite.com/,404
https://coinsbiseprosloignz.gitbook.io/sign-in,403
http://tgv2.pages.dev/,403
http://plhfdte.weebly.com/,404
https://rnrna12s.weebly.com/,404
http://dana-kaget-indonesia-com.vercel.app/,451
https://upstoxprologic.godaddysites.com/,404
https://kraken-lloggin.godaddysites.com/,404
https://matxmask-logiin.gitbook.io/us/,403
http://clone-netflix-project-murex.vercel.app/,451
https://suite-trazor-en.github.io/,404
http://usconnbseprollogin.gitbook.io/,403
https://riobinhiodlogn.gitbook.io/,403
http://currentlymailaccount2024.weebly.com/,404
http://encryptedradar.pages.dev/,403
http://bteeee.weebly.com/,404
http://frugihb5rfvnjced0e9uhbfndxws.weebly.com/,404
http://attcom-101576.weeblysite.com/,404
http://attinc-105986.weeblysite.com/,404
https://qafq-fabd1e.ingress-haven.ewp.live/wp-content/plugins/idpass/pages/region.php?lca,404
https://uqpplolldlogiin.godaddysites.com/,404
http://managerinmanagerinarun.weebly.com/,404
https://scalemodelengineering.com/klk/login.php?l=_jehfuq_vjoxk0qwhtogydw1774256418&fid.13inboxlight.aspxn.1774256418&fid.125289964252813inboxlight99642_product-email&email=3mail@b.c,404
http://tinsigolucker.pages.dev/,403
http://dappsmultiverse.vercel.app/,451
http://att-100404.weeblysite.com/,404
https://pub-f72ca6fc9aa748f8a88c15300634ab5b.r2.dev/gymused.html,403
https://kuoinlogn-kucoign.godaddysites.com/,404
https://kcrakeenlogin.gitbook.io/us,403
http://gram-group.vercel.app/,451
http://iamew-6b4c.ocekrlmnnmaaa.workers.dev/,403
http://hilarious-malasada-977b46.netlify.app/,404
http://masturbatemom-liv.pages.dev/,403
https://electrum-bch.org/download/electrum-bch-...,404
http://154.12.36.162/top/TOP_2.5.1.vmp.exe,403
http://154.12.36.162/top19/TOP_2.4.6.vmp.exe,403
http://154.12.36.162/2.exe,403
https://telesavers.co.za/MsulPihM76.bin,404
http://192.210.150.19/VAQgkQ45.bin,404
http://192.210.150.19/eTzMQwJ134.bin,404
http://192.210.150.19/zYUIGkzn32.bin,404
http://192.210.150.19/clgbCLMZD133.bin,404
https://paste.ee/d/tbzjY/0,429
https://paste.ee/d/WksSo/0,404
http://165.227.183.175/d.apk,404
http://165.227.183.175/p2b.apk,404
http://xinhgai.tv/hdt/boot.exe,404
http://xinhgai.tv/hdt/run.exe,404
http://xinhgai.tv/hdt/wallx.exe,404
http://xinhgai.tv/hdt/del.exe,404
http://xinhgai.tv/hdt/run2.exe,404
https://raw.githubusercontent.com/mhemon404/project01/main/system404.exe,404
https://raw.githubusercontent.com/aavaahanan121/tools/main/fern_wifi_recon%252.34.exe,404
https://raw.githubusercontent.com/ozcanpng/backd00r/main/backd00rhome.exe,404
http://alien-training.com/award.pdf.exe,404
http://ronnystein.de/kali/something32.exe,404
http://ibarblkacoiwlkese.s3.amazonaws.com/WindowsUpdate.exe,403
http://valseg.com.br/hgdhgfh/gfdsgfdsgfdgfsdg.txt,404
http://valseg.com.br/hgdhgfh/tetete.bin,404
http://tools.kali.pro.s3.amazonaws.com/cain_setup.exe,404
http://54.213.47.145/rohm_13077.exe,404
http://tools.kali.pro.s3.amazonaws.com/msf/shell.asp,404
http://tools.kali.pro.s3.amazonaws.com/enum.exe,404
http://tools.kali.pro.s3.amazonaws.com/cain2.0_win9x.exe,404
http://tools.kali.pro.s3.amazonaws.com/fgdump.exe,404
http://tools.kali.pro.s3.amazonaws.com/msf/shell_reverse_msf_encoded_embedded.exe,404
http://tools.kali.pro.s3.amazonaws.com/mimikatz.zip,404
http://tools.kali.pro.s3.amazonaws.com/msf/non_staged.exe,404
http://tools.kali.pro.s3.amazonaws.com/user2sid.exe,404
http://tools.kali.pro.s3.amazonaws.com/msf/shell.war,404
http://tools.kali.pro.s3.amazonaws.com/nc111nt_safe.zip,404
http://tools.kali.pro.s3.amazonaws.com/jbossass.war,404
http://tools.kali.pro.s3.amazonaws.com/msf/meterpreter.exe,404
http://tools.kali.pro.s3.amazonaws.com/winfo.exe,404
http://tools.kali.pro.s3.amazonaws.com/sid2user.exe,404
http://tools.kali.pro.s3.amazonaws.com/nc111nt.zip,404
http://tools.kali.pro.s3.amazonaws.com/msf/shell.exe,404
http://tools.kali.pro.s3.amazonaws.com/msf/shell.elf,404
http://tools.kali.pro.s3.amazonaws.com/msf/duo.nl.war,404
http://tools.kali.pro.s3.amazonaws.com/NetUsers.exe,404
http://tools.kali.pro.s3.amazonaws.com/jbossass-1.war,404
http://tools.kali.pro.s3.amazonaws.com/msf/shell.py,404
http://tools.kali.pro.s3.amazonaws.com/msf/shell.php,404
http://tools.kali.pro.s3.amazonaws.com/msf/msf,404
http://tools.kali.pro.s3.amazonaws.com/msf/shell.aspx,404
http://tools.kali.pro.s3.amazonaws.com/KeeFarce_x64.zip,404
http://tools.kali.pro.s3.amazonaws.com/msf/shell.ps1,404
http://tools.kali.pro.s3.amazonaws.com/index.html,404
http://94.156.104.78/files/shareX/dev-builds/Renci.SshNet.dll,404
http://valseg.com.br/hgdhgfh/payload.bin,404
http://pg.zu.edu.ly/tt/file.bin,401
http://eosoldesign.ro/te/beach.bin,403
http://smartupeg.com/te/urba.bin,404
http://github.com/macedonianlegend/Kematian/releases/download/KematianBuild/kematian.bin,404
http://github.com/macedonianlegend/Kematian/releases/download/WebcamBuild/webcam.bin,404
http://156.238.224.214/x86curl,404
http://156.238.224.214/x86_64chmod,404
http://188.245.144.65/bin.sh,404
http://45.131.65.138/HideChaotic/ub8ehJSePAfc9FYqZIT6.i68,404
http://47.238.103.180/02.08.2022.exe,404
http://47.122.23.82/02.08.2022.exe,404
http://39.105.131.50/02.08.2022.exe,404
http://github.com/rraapt66/trojan/raw/main/Trojan.exe,404
http://bitbucket.org/rulmerurk/ertertqw/downloads/dmjcbdd.txt,404
https://utka.xyz/1234.exe,405
https://raw.githubusercontent.com/RVG-Nikeisfake0/files/main/rat.exe,404
http://ao.pe/c2.exe,403
https://raw.githubusercontent.com/python312/rick-roller/refs/heads/main/main.exe,404
https://bitbucket.org/haremkoota/letsgouuuuu/downloads/credit-report.zip,404
https://bitbucket.org/525252/legitcheck/downloads/DocuSign.exe,404
https://bitbucket.org/36273637sunshine/sunshine/downloads/QQApps.exe,404
https://bitbucket.org/36273637sunshine/sunshine/downloads/launcher.exe,404
https://bitbucket.org/36273637sunshine/sunshine/downloads/sysfiles.exe,404
https://bitbucket.org/36273637sunshine/sunshine/downloads/SeykoNagashi.exe,404
https://bitbucket.org/36273637sunshine/sunshine/downloads/buildru.exe,404
https://bitbucket.org/36273637sunshine/sunshine/downloads/sef.exe,404
https://bitbucket.org/36273637sunshine/sunshine/downloads/topg-side.exe,404
https://bitbucket.org/36273637sunshine/sunshine/downloads/payload.exe,404
https://bitbucket.org/36273637sunshine/sunshine/downloads/KibikoHatsumi.exe,404
https://bitbucket.org/36273637sunshine/sunshine/downloads/CrackMidnight.rar,404
https://bitbucket.org/36273637sunshine/sunshine/downloads/libcurl-addon.exe,404
https://bitbucket.org/36273637sunshine/sunshine/downloads/AyaHuraki.exe,404
https://bitbucket.org/36273637sunshine/sunshine/downloads/lummaforlife.exe,404
https://bitbucket.org/36273637sunshine/sunshine/downloads/XunLei.exe,404
https://bitbucket.org/36273637sunshine/sunshine/downloads/topgtraff.exe,404
https://bitbucket.org/36273637sunshine/sunshine/downloads/nefor.exe,404
https://bitbucket.org/36273637sunshine/sunshine/downloads/CrackMidnight.zip,404
https://bitbucket.org/36273637sunshine/sunshine/downloads/steamer.exe,404
https://bitbucket.org/36273637sunshine/sunshine/downloads/Sakibo.exe,404
https://bitbucket.org/36273637sunshine/sunshine/downloads/KinaruSogui.exe,404
https://bitbucket.org/36273637sunshine/sunshine/downloads/example.exe,404
https://bitbucket.org/36273637sunshine/sunshine/downloads/SunekoSitoi.exe,404
https://bitbucket.org/36273637sunshine/sunshine/downloads/ocean-final.exe,404
https://bitbucket.org/36273637sunshine/sunshine/downloads/TestApps.exe,404
https://bitbucket.org/36273637sunshine/sunshine/downloads/uniq.txt,404
https://bitbucket.org/36273637sunshine/sunshine/downloads/TestQPP.exe,404
https://bitbucket.org/rulmerurk/ertertqw/downloads/dmjcbdd.txt,404
https://bitbucket.org/rulmerurk/ertertqw/downloads/emghfgS.txt,404
https://bitbucket.org/rulmerurk/ertertqw/downloads/arhrmoA.txt,404
https://raw.githubusercontent.com/mailclone2500/stealer/refs/heads/main/bot2.exe,404
http://github.com/Nightxz1/Now/raw/main/2.exe,404
https://artieri.ro/l/MhRliPwcjA146.bin,404
http://github.com/43a1723/test/releases/download/siu/stub.exe,404
http://jonabytes.50webs.com/nano.exe,404
https://pvlol.seotop.org/PVLOLV3/thongbao.exe,403
http://github.com/rdpp3/yyyyyyyyyyyy/raw/refs/heads/main/cstealer.exe,404
http://publiconesurvey.pages.dev/SurveyGuide.exe,403
https://cdn.discordapp.com/attachments/620970497253048320/657249849573507102/ZjIrIYEh.exe,404
https://raw.githubusercontent.com/gosha1239/onetap/master/onetap.exe,404
https://raw.githubusercontent.com/an0mat/azorult/refs/heads/master/builder.zip,404
https://cdn.discordapp.com/attachments/524610373156864004/557262032718659605/MacrosNeka.exe,404
http://github.com/vasyalala0111/Badlion/raw/master/mjud.exe,404
https://raw.githubusercontent.com/MrSatan11/Mr.Satan-DDoS/refs/heads/main/Mr.Satan%20DDoS/Mr.Satan%20DDoS.exe,404
http://github.com/MrSatan11/Mr.Satan-DDoS/blob/main/Mr.Satan%20DDoS/Mr.Satan%20DDoS.exe?raw=true,404
https://raw.githubusercontent.com/AppelSappie123/Discord-Token-Generator-1/refs/heads/main/Token%20Gen.exe,404
https://publiconesurvey.pages.dev/SurveyGuide.exe,403
http://bitbucket.org/rulmerurk/ertertqw/downloads/an05.txt,404
http://bitbucket.org/rulmerurk/ertertqw/downloads/m513.txt,404
http://bitbucket.org/rulmerurk/ertertqw/downloads/au16.txt,404
http://bitbucket.org/rulmerurk/ertertqw/downloads/mca3.txt,404
http://bitbucket.org/rulmerurk/ertertqw/downloads/nog.txt,404
http://bitbucket.org/rulmerurk/ertertqw/downloads/st05.txt,404
http://bitbucket.org/rulmerurk/ertertqw/downloads/el29.txt,404
http://bitbucket.org/rulmerurk/ertertqw/downloads/hISakcj.txt,404
http://bitbucket.org/rulmerurk/ertertqw/downloads/af10.txt,404
http://bitbucket.org/rulmerurk/ertertqw/downloads/toc22.txt,404
http://bitbucket.org/rulmerurk/ertertqw/downloads/gb25.txt,404
http://bitbucket.org/rulmerurk/ertertqw/downloads/rc01.txt,404
http://bitbucket.org/rulmerurk/ertertqw/downloads/se16.txt,404
http://bitbucket.org/rulmerurk/ertertqw/downloads/ip19.txt,404
http://bitbucket.org/rulmerurk/ertertqw/downloads/rc09.txt,404
http://bitbucket.org/rulmerurk/ertertqw/downloads/dn23.txt,404
http://bitbucket.org/rulmerurk/ertertqw/downloads/mca4.txt,404
http://bitbucket.org/rulmerurk/ertertqw/downloads/zar14.txt,404
http://bitbucket.org/rulmerurk/ertertqw/downloads/rc05.txt,404
http://bitbucket.org/rulmerurk/ertertqw/downloads/pa02.txt,404
http://bitbucket.org/rulmerurk/ertertqw/downloads/bl29.txt,404
http://bitbucket.org/rulmerurk/ertertqw/downloads/wil25.txt,404
http://bitbucket.org/rulmerurk/ertertqw/downloads/karst.txt,404
http://bitbucket.org/rulmerurk/ertertqw/downloads/arhrmoA.txt,404
http://bitbucket.org/rulmerurk/ertertqw/downloads/emmigrk.txt,404
http://bitbucket.org/rulmerurk/ertertqw/downloads/kFhSAir.txt,404
http://bitbucket.org/rulmerurk/ertertqw/downloads/tmp25.txt,404
http://bitbucket.org/rulmerurk/ertertqw/downloads/sk20.txt,404
http://bitbucket.org/rulmerurk/ertertqw/downloads/unk14.txt,404
http://bitbucket.org/rulmerurk/ertertqw/downloads/emghfgS.txt,404
http://bitbucket.org/rulmerurk/ertertqw/downloads/pt16.txt,404
http://bitbucket.org/rulmerurk/ertertqw/downloads/an19.txt,404
http://bitbucket.org/rulmerurk/ertertqw/downloads/SfmfckF.txt,404
http://bitbucket.org/rulmerurk/ertertqw/downloads/unk16.txt,404
http://bitbucket.org/rulmerurk/ertertqw/downloads/kar14.txt,404
http://bitbucket.org/rulmerurk/ertertqw/downloads/tt03.txt,404
http://bitbucket.org/rulmerurk/ertertqw/downloads/rock13.txt,404
http://bitbucket.org/rulmerurk/ertertqw/downloads/in14.txt,404
http://bitbucket.org/rulmerurk/ertertqw/downloads/ke03.txt,404
http://bitbucket.org/rulmerurk/ertertqw/downloads/nkbjIpk.txt,404
http://bitbucket.org/rulmerurk/ertertqw/downloads/mca.txt,404
http://bitbucket.org/rulmerurk/ertertqw/downloads/cra2.txt,404
http://bitbucket.org/rulmerurk/ertertqw/downloads/zod14.txt,404
http://bitbucket.org/rulmerurk/ertertqw/downloads/mca5.txt,404
http://bitbucket.org/rulmerurk/ertertqw/downloads/p14.txt,404
http://bitbucket.org/rulmerurk/ertertqw/downloads/linkopen.txt,404
http://bitbucket.org/rulmerurk/ertertqw/downloads/gb20.txt,404
http://bitbucket.org/rulmerurk/ertertqw/downloads/sha13.txt,404
http://bitbucket.org/rulmerurk/ertertqw/downloads/al15.txt,404
http://bitbucket.org/rulmerurk/ertertqw/downloads/sp06.txt,404
http://bitbucket.org/rulmerurk/ertertqw/downloads/sl16.txt,404
http://bitbucket.org/rulmerurk/ertertqw/downloads/cra3.txt,404
http://bitbucket.org/rulmerurk/ertertqw/downloads/iAmogob.txt,404
http://bitbucket.org/rulmerurk/ertertqw/downloads/po06.txt,404
http://bitbucket.org/rulmerurk/ertertqw/downloads/kar22.txt,404
http://bitbucket.org/rulmerurk/ertertqw/downloads/mca2.txt,404
http://bitbucket.org/rulmerurk/ertertqw/downloads/rc12.txt,404
http://bitbucket.org/rulmerurk/ertertqw/downloads/soda08.txt,404
http://bitbucket.org/rulmerurk/ertertqw/downloads/cra.txt,404
http://bitbucket.org/rulmerurk/ertertqw/downloads/hoAmInk.txt,404
http://bitbucket.org/rulmerurk/ertertqw/downloads/mca25.txt,404
http://bitbucket.org/rulmerurk/ertertqw/downloads/diSkFjr.txt,404
http://bitbucket.org/rulmerurk/ertertqw/downloads/bom14.txt,404
http://bitbucket.org/rulmerurk/ertertqw/downloads/st20.txt,404
http://bitbucket.org/rulmerurk/ertertqw/downloads/cra4.txt,404
http://arza.us/up/winsysupdate.zip,404
http://bitbucket.org/hogrider82/karlos/downloads/CapCut.zip,404
http://bitbucket.org/hogrider82/karlos/downloads/CapCut.exe,404
https://bitbucket.org/525252/legitcheck/downloads/contract.zip,404
https://bitbucket.org/525252/legitcheck/downloads/data_recovery.exe,404
http://bitbucket.org/aaa14/aaaa/downloads/msi.txt,404
http://bitbucket.org/aaa14/aaaa/downloads/a12.exe,404
http://bitbucket.org/aaa14/aaaa/downloads/a13.exe,404
http://bitbucket.org/aaa14/aaaa/downloads/script2.txt,404
http://bitbucket.org/aaa14/aaaa/downloads/a12.txt,404
http://bitbucket.org/aaa14/aaaa/downloads/grabberberlyn1.txt,404
http://bitbucket.org/aaa14/aaaa/downloads/a3.txt,404
http://bitbucket.org/aaa14/aaaa/downloads/msi6.txt,404
http://bitbucket.org/aaa14/aaaa/downloads/msi3.txt,404
http://bitbucket.org/aaa14/aaaa/downloads/Encrypted2.txt,404
http://bitbucket.org/aaa14/aaaa/downloads/hhhhhhhhhhhh.txt,404
http://bitbucket.org/aaa14/aaaa/downloads/gedArng.txt,404
http://bitbucket.org/aaa14/aaaa/downloads/ppppp.txt,404
http://bitbucket.org/aaa14/aaaa/downloads/dkgkhmj.txt,404
https://bitbucket.org/525252/legitcheck/downloads/CAPCUT.zip,404
http://bitbucket.org/aaa14/aaaa/downloads/Encrypted2.exe,404
http://bitbucket.org/aaa14/aaaa/downloads/ghidpin.txt,404
http://bitbucket.org/aaa14/aaaa/downloads/msi4.txt,404
http://bitbucket.org/aaa14/aaaa/downloads/quasartest.txt,404
http://bitbucket.org/aaa14/aaaa/downloads/ClientMalware2.txt,404
http://bitbucket.org/aaa14/aaaa/downloads/ClientMalware.txt,404
http://bitbucket.org/aaa14/aaaa/downloads/AmfjpgF.txt,404
http://bitbucket.org/aaa14/aaaa/downloads/ClieeentMalllwareee.txt,404
http://bitbucket.org/aaa14/aaaa/downloads/Client.exe,404
http://bitbucket.org/aaa14/aaaa/downloads/putty.exe,404
http://bitbucket.org/aaa14/aaaa/downloads/XClient.txt,404
http://bitbucket.org/aaa14/aaaa/downloads/OIP.jfif,404
http://bitbucket.org/aaa14/aaaa/downloads/a8.txt,404
http://bitbucket.org/aaa14/aaaa/downloads/A3.exe,404
http://bitbucket.org/aaa14/aaaa/downloads/blabla2.txt,404
http://bitbucket.org/aaa14/aaaa/downloads/msi5.txt,404
http://bitbucket.org/aaa14/aaaa/downloads/file.exe,404
http://bitbucket.org/aaa14/aaaa/downloads/berlyn777.txt,404
http://bitbucket.org/aaa14/aaaa/downloads/amrSjAn.txt,404
http://bitbucket.org/aaa14/aaaa/downloads/njrat.txt,404
http://bitbucket.org/aaa14/aaaa/downloads/grabberberlyyn.txt,404
http://bitbucket.org/aaa14/aaaa/downloads/1.txt,404
http://bitbucket.org/aaa14/aaaa/downloads/file1.msi,404
http://bitbucket.org/aaa14/aaaa/downloads/a9.txt,404
http://bitbucket.org/aaa14/aaaa/downloads/amigoberlyn.txt,404
http://bitbucket.org/aaa14/aaaa/downloads/test.exe,404
http://bitbucket.org/aaa14/aaaa/downloads/file.msi,404
http://bitbucket.org/aaa14/aaaa/downloads/xwormberlyn.txt,404
http://bitbucket.org/aaa14/aaaa/downloads/script3.txt,404
http://bitbucket.org/aaa14/aaaa/downloads/gbkIrkF.txt,404
http://bitbucket.org/aaa14/aaaa/downloads/a14.txt,404
http://bitbucket.org/aaa14/aaaa/downloads/berlynnj.txt,404
http://bitbucket.org/aaa14/aaaa/downloads/FbAgmmg.txt,404
http://bitbucket.org/aaa14/aaaa/downloads/unnamed.jpg,404
http://bitbucket.org/aaa14/aaaa/downloads/XClient.exeNUEVO.txt,404
http://bitbucket.org/aaa14/aaaa/downloads/eoecdhh.txt,404
http://bitbucket.org/aaa14/aaaa/downloads/123123.exe,404
http://bitbucket.org/aaa14/aaaa/downloads/script4.txt,404
http://bitbucket.org/aaa14/aaaa/downloads/unnamed1.gif,404
http://bitbucket.org/aaa14/aaaa/downloads/a14.exe,404
http://bitbucket.org/aaa14/aaaa/downloads/ClientMalware1.txt,404
http://bitbucket.org/aaa14/aaaa/downloads/Fkbkhk.txt,404
http://bitbucket.org/aaa14/aaaa/downloads/kahFjr.txt,404
http://bitbucket.org/stayskypka/newrepo/downloads/DocuSign.exe,404
http://bitbucket.org/hogrider82/karlos/downloads/DocuSign2.exe,404
http://bitbucket.org/525252/legitcheck/downloads/DocuSign.exe,404
http://bitbucket.org/superworkspacenb/gerge/downloads/grabber.exe,404
http://bitbucket.org/aaa14/aaaa/downloads/script1.exe,404
http://bitbucket.org/aaa14/aaaa/downloads/script2.exe,404
https://bitbucket.org/haremkoota/letsgouuuuu/downloads/rawworm-crypted.exe,404
http://bitbucket.org/haremkoota/letsgouuuuu/downloads/credit-report.zip,404
http://data-portabily.s3.amazonaws.com/attachment/img20180112_19141860.5a59001879d5b.lnk,404
http://data-portabily.s3.amazonaws.com/attachment/img20180112_19232517.5a59001e46d43.lnk,404
https://raw.githubusercontent.com/webbase64/Vedani-Crypter-Lifetime-Activated/main/Vedani-Crypter/Vedani-Crypter.exe,404
http://raw.githubusercontent.com/noradlb1/AIO-Remote-administration-tools-MONSTERMC/refs/heads/main/SSH%20R.A.T%201.3%20[Crypter-RAT-Keylogger]/SSH%20R.A.T%201.3%20[Crypter-RAT-Keylogger].zip,404
http://pub-26ee9be236b54d0cb1b570a203543b93.r2.dev/yawe.txt,403
http://pub-26ee9be236b54d0cb1b570a203543b93.r2.dev/orr.txt,403
http://pub-26ee9be236b54d0cb1b570a203543b93.r2.dev/ba.txt,403
http://pub-26ee9be236b54d0cb1b570a203543b93.r2.dev/nibo.txt,403
http://pub-26ee9be236b54d0cb1b570a203543b93.r2.dev/ode.txt,403
http://5.35.98.86/tools/payload.ps1,404
http://5.35.98.86/tools/payload.exe,404
http://bitbucket.org/aaa14/aaaa/downloads/a4.txt,404
http://bitbucket.org/rulmerurk/ertertqw/downloads/kSmpcSc.txt,404
http://bitbucket.org/aaa14/aaaa/downloads/oakomkp.txt,404
http://bitbucket.org/aaa14/aaaa/downloads/NUEVO1.txt,404
http://bitbucket.org/aaa14/aaaa/downloads/cosasrarassss.txt,404
http://bitbucket.org/rulmerurk/ertertqw/downloads/cgimeAk.txt,404
http://bitbucket.org/rulmerurk/ertertqw/downloads/jAfbogF.txt,404
http://bitbucket.org/aaa14/aaaa/downloads/msi7.txt,404
http://bitbucket.org/aaa14/aaaa/downloads/msi2.txt,404
http://143.198.49.129/337/RNCOO.txt,404
http://143.198.49.129/580/NEWRRF.txt,404
http://103.149.87.69/a/wget.sh,500
http://31.172.83.15/main_arm6,503
http://31.172.83.15/main_mpsl,503
http://31.172.83.15/main_x86_64,503
http://31.172.83.15/main_sh4,503
http://31.172.83.15/main_arm,503
http://31.172.83.15/main_arm5,503
http://31.172.83.15/main_m68k,503
http://31.172.83.15/main_x86,503
http://31.172.83.15/main_arm7,503
http://31.172.83.15/main_mips,503
http://31.172.83.15/main_ppc,503
http://whimar.com/wp-admin/maint/Verificerbarheden.mso,403
http://whimar.com/wp-admin/maint/XjoPqhzc228.bin,403
https://whimar.com/wp-admin/maint/XjoPqhzc228.bin,403
https://whimar.com/wp-admin/maint/Verificerbarheden.mso,403
https://bitbucket.org/hector4576--/quinceo/downloads/ENVIO_COPIA_DE_LA_NOTIFICACION.CAB,404
https://bitbucket.org/awgwrtwa/asss/downloads/1654-INICIO_DEMANDA_LABORAL_JUZGADO_CIVIL_DEL_CIRCUITO_DE_RAMA_JUDICIAL.CAB,404
http://github.com/vizian123/msfvenomz/raw/main/reddit.exe,404
http://103.149.87.69/la.bot.arc,500
http://165.227.171.20/hiddenbin/boatnet.mpsl,404
http://101.99.94.195/XkUeFchig33.bin,404
http://101.99.94.195/mZlaoZbpEVWPJcG210.bin,404
https://microsoftcomdefenderupdate.vercel.app/Windows.Defender.Update.exe,404
https://gigav1.b-cdn.net/igi.zip,403
https://gigav1.b-cdn.net/igi.txt,403
http://bradescu.com/chrome-upgrade.zip,404
http://bradescu.com/ChromeUpgrade.ps1,404
http://106.52.88.181/666.exe,404
http://103.149.87.69/scripts/multi,500
http://101.99.94.195/Flyselskabets.smi,404
http://101.99.94.195/fyhgEIZEzqeinLclHj169.bin,404
https://drive.google.com/uc?export=download&id=1hVVHaY9Y1tSKFNGW2nDjL9PYV3q1aZeK,404
https://drive.google.com/uc?export=download&id=1ggy6H3al5uMbHA7EXQ_EfFOskr9aC2-9,404
https://drive.google.com/uc?export=download&id=1oltGT1kkpG5riAMtmu2ymgj68TTRW_cv,404
https://drive.google.com/uc?export=download&id=1o9_yf5uUFfqK_xCsTaB-QOWxdT1Fd7e9,404
http://122.51.52.109/malicious.jar,404
http://122.51.52.109/linpeas.sh,404
http://212.64.199.171/and,404
http://212.64.199.171/a,404
http://212.64.199.171/main_sh4,404
http://212.64.199.171/main_x86_64,404
http://212.64.199.171/main_mpsl,404
http://212.64.199.171/main_m68k,404
http://212.64.199.171/main_arm6,404
http://212.64.199.171/main_arm7,404
http://212.64.199.171/main_arm,404
http://212.64.199.171/main_arm5,404
http://212.64.199.171/main_ppc,404
http://212.64.199.171/main_mips,404
http://212.64.199.171/main_x86,404
http://93.123.85.141/pay,404
http://93.123.85.141/sora.sh,404
http://93.123.85.141/zyxel,404
http://93.123.85.141/wget.sh,404
http://93.123.85.141/w.sh,404
http://93.123.85.141/bin,404
http://93.123.85.141/aws,404
http://93.123.85.141/gpon443,404
http://93.123.85.141/zte,404
http://93.123.85.141/bins/sora.mpsl,404
http://93.123.85.141/76d32be0.sh,404
http://93.123.85.141/jaws,404
http://93.123.85.141/huawei,404
http://93.123.85.141/c.sh,404
http://93.123.85.141/lg,404
http://93.123.85.141/yarn,404
http://93.123.85.141/realtek,404
http://93.123.85.141/goahead,404
http://93.123.85.141/thinkphp,404
http://93.123.85.141/bins/sora.arm6,404
http://93.123.85.141/sora.spc,404
http://93.123.85.141/sora.x86,404
http://93.123.85.141/sora.ppc,404
http://93.123.85.141/bins/sora.m68k,404
http://93.123.85.141/bins/sora.arm5,404
http://93.123.85.141/sora.mpsl,404
http://93.123.85.141/sora.arm6,404
http://93.123.85.141/bins/sora.x86,404
http://93.123.85.141/sora.arm5,404
http://93.123.85.141/bins/sora.ppc,404
http://93.123.85.141/sora.arm7,404
http://93.123.85.141/bins/sora.x86_64,404
http://93.123.85.141/bins/sora.i686,404
http://93.123.85.141/bins/sora.sh4,404
http://93.123.85.141/bins/sora.mips,404
http://93.123.85.141/sora.i686,404
http://93.123.85.141/sora.mips,404
http://93.123.85.141/bins/sora.spc,404
http://93.123.85.141/sora.sh4,404
http://93.123.85.141/bins/sora.arm,404
http://93.123.85.141/sora.arm,404
http://93.123.85.141/sora.m68k,404
http://93.123.85.141/sora.x86_64,404
http://93.123.85.141/bins/sora.arm7,404
http://94.141.123.114/hidakibest.arm6,404
http://94.141.123.114/hidakibest.ppc,404
http://94.141.123.114/hidakibest.arm5,404
http://94.141.123.114/hidakibest.sh,404
http://94.141.123.114/hidakibest.mips,404
http://94.141.123.114/hidakibest.arm7,404
http://94.141.123.114/hidakibest.x86,404
http://94.141.123.114/hidakibest.sparc,404
http://94.141.123.114/hidakibest.arm4,404
http://94.141.123.114/hidakibest.mpsl,404
http://se.maina-vira.ru:8080/distr/apps/mso-install.exe,404
http://49.12.106.214/mozglue.dll,404
http://49.12.197.9/softokn3.dll,404
http://49.12.106.214/nss3.dll,404
http://49.12.106.214/freebl3.dll,404
http://91.214.78.178/094d58d3b8547ded/freebl3.dll,404
http://91.214.78.178/094d58d3b8547ded/nss3.dll,404
http://91.214.78.178/094d58d3b8547ded/sqlite3.dll,404
http://91.214.78.178/094d58d3b8547ded/softokn3.dll,404
http://91.214.78.178/094d58d3b8547ded/msvcp140.dll,404
http://91.214.78.178/094d58d3b8547ded/mozglue.dll,404
http://91.214.78.178/094d58d3b8547ded/vcruntime140.dll,404
http://www.neklatek.com/indirmeler/wmp9.exe,404
http://www.meteolab.it/nav/lezioni/pnr.exe,404
https://raw.githubusercontent.com/d00mt3l/XWorm-5.6/refs/heads/main/Xworm%20V5.6.exe,404
http://github.com/PeszoK/XWorm-Remote-Access-Tool/releases/download/v5.0/XWorm.rar,404
http://github.com/errias/XWorm-Rat-Remote-Administration-Tool-/raw/main/XWormUI.exe,404
http://github.com/XHesa/fuzzy-waddle/releases/download/xworm/Loader.exe,404
https://pub-26ee9be236b54d0cb1b570a203543b93.r2.dev/orr.txt,403
https://pub-26ee9be236b54d0cb1b570a203543b93.r2.dev/ba.txt,403
https://pub-26ee9be236b54d0cb1b570a203543b93.r2.dev/yawe.txt,403
http://gurunathanaquaproducts.com/img/grammy.txt,404
http://in-houselegal.ro/YwDS3/Wealthserver.txt,404
http://veldom.mk/efaktura/ph7.txt,404
http://in-houselegal.ro/YwDS3/clients.txt,404
https://raw.githubusercontent.com/nakuss/erth/main/WenzCord.exe,404
https://raw.githubusercontent.com/azurerex/napewnonievoiderhook/main/seksiak.exe,404
https://raw.githubusercontent.com/python312/rusty-dropper/main/Client-built.exe,404
https://raw.githubusercontent.com/AnyTXDR/taskmgr/main/Taskmgr.exe,404
https://raw.githubusercontent.com/Tuuest/jacke/refs/heads/main/poetsaw.exe,404
https://raw.githubusercontent.com/imaeewy/test-rat-do-not-download-exe/refs/heads/main/discord.exe,404
https://raw.githubusercontent.com/test51390872/test/main/2.exe,404
https://raw.githubusercontent.com/TheRealAstro666/LOLZ/main/built.exe,404
https://raw.githubusercontent.com/anonymous-osif/aa/main/Discord.exe,404
https://raw.githubusercontent.com/raz233/rgdgdrg/main/Client.exe,404
https://raw.githubusercontent.com/aspdasdksa2/callback/main/Client-built.exe,404
https://raw.githubusercontent.com/USERNAME1337148/-/refs/heads/main/Discord.zip,404
https://raw.githubusercontent.com/Hapor2023/quasar/main/x.exe,404
https://raw.githubusercontent.com/PaketPK/trojan/main/njSilent.exe,404
https://raw.githubusercontent.com/eliasgay23/123/main/svhost.exe,404
https://raw.githubusercontent.com/BubleGumle/r32r32/master/Server.exe,404
https://raw.githubusercontent.com/monkey958/sdasd/main/856.exe,404
https://raw.githubusercontent.com/proltop1/popka/master/svchost.exe,404
https://raw.githubusercontent.com/fortnitebott/spfnll/main/spofrln.exe,404
https://raw.githubusercontent.com/AnonAm93/FUD-BATCH/main/Discord.zip,404
https://raw.githubusercontent.com/kees5462/this-is-a-roblox-external-cheat-best-one-out-there/refs/heads/main/Java32.exe,404
https://raw.githubusercontent.com/hapor2023/quasar/main/discord.exe,404
https://raw.githubusercontent.com/Urans1/nuresa/refs/heads/main/bthsefyjsec.exe,404
https://raw.githubusercontent.com/XCocGT/priv1/main/testme.exe,404
https://raw.githubusercontent.com/sesafvr/ayo/refs/heads/main/Client-built.exe,404
https://raw.githubusercontent.com/Impar0/tryyy/main/client.exe,404
https://raw.githubusercontent.com/mentaliczz/BloxflipPredictor-V2/main/Bloxflip%20Predictor.exe,404
https://raw.githubusercontent.com/VisoXC/MisterBombastic/main/don/DriverHost.exe,404
https://raw.githubusercontent.com/cryptskiddy/remoteAdminTool/master/trojan.exe,404
https://raw.githubusercontent.com/mohibalkal1/mohib/refs/heads/main/Discord.exe,404
https://raw.githubusercontent.com/pyxe1/sheesh/9e641bf9dd97a738f11f4b212603758cd9861f27/plswork.exe,404
https://raw.githubusercontent.com/re9neyt/GoodFrag-MH-Counter-Strike-Global-Offensive-/master/GoodFrag.exe,404
https://raw.githubusercontent.com/Blackhatsan/fcuk/main/Client.exe,404
https://raw.githubusercontent.com/j3h4ck/Tests/main/Client-built.exe,404
https://raw.githubusercontent.com/horiffy/Sentil/main/Sentil.exe,404
https://raw.githubusercontent.com/BubleGumle/hyh/master/Server.exe,404
https://raw.githubusercontent.com/AznexProject/AznexProject/main/ths.exe,404
https://raw.githubusercontent.com/TheAirBlow/theairblow/refs/heads/main/njrat.exe,404
https://raw.githubusercontent.com/Kami32X/Osiris/refs/heads/main/2klz.exe,404
https://raw.githubusercontent.com/mohibalkal1/mohib/refs/heads/main/Discord.zip,404
https://raw.githubusercontent.com/mae-luadev/mae-tests/main/Office.exe,404
https://raw.githubusercontent.com/anonymous-osif/payload/main/Discord.exe,404
https://raw.githubusercontent.com/tezx11/imgui/main/RuntimeBroker.exe,404
https://raw.githubusercontent.com/StuKit/svhoste/main/svhoste.exe,404
https://raw.githubusercontent.com/mae-luadev/mae-tests/main/Winrar.exe,404
https://raw.githubusercontent.com/fhebngndsg/thefunny/main/Client-built.exe,404
https://raw.githubusercontent.com/nitromarket123/ae/main/test.exe,404
https://raw.githubusercontent.com/cupofteaa08/autominepermission/main/Runtime%20Broker.exe,404
https://raw.githubusercontent.com/AnonAm93/1/refs/heads/main/Discord.exe,404
https://raw.githubusercontent.com/tiraUnderCode/rev/main/Client-built.exe,404
https://raw.githubusercontent.com/cmaster324-cell/su/main/client.exe,404
https://raw.githubusercontent.com/blacksheep11998/musical-adventure/refs/heads/main/injector.exe,404
https://raw.githubusercontent.com/lexazar63/Minecraft-client/master/SteamDetector.exe,404
https://raw.githubusercontent.com/toxicxz/fnaf-1/main/fusca%20game.exe,404
https://raw.githubusercontent.com/blacksheep11998/scaling-octo-journey/refs/heads/main/injector.exe,404
https://raw.githubusercontent.com/devill11100/dedl/main/zazsssff.exe,404
https://raw.githubusercontent.com/vdlosunbik/Steam.Upgreyd/master/Steam.Upgreyd.exe,404
https://raw.githubusercontent.com/bormasina/test/main/defender64.exe,404
https://raw.githubusercontent.com/TPinauskas/AntiCheat/main/Amogus.exe,404
https://raw.githubusercontent.com/AnonAm0369/1/main/Discord.zip,404
https://raw.githubusercontent.com/KREveDko3221/porno/main/mos%20ssssttttt.exe,404
https://raw.githubusercontent.com/AnonAm93/1/refs/heads/main/Discord.zip,404
https://raw.githubusercontent.com/Gleb221/paki/master/%D0%9F%D0%B0%D0%BA%D0%B8.rar,404
https://raw.githubusercontent.com/xerussploit/spectrum/main/spectrum.exe,404
https://raw.githubusercontent.com/SolaraMoon/Solara-V3/refs/heads/main/Solara%20V3.exe,404
https://raw.githubusercontent.com/Kami32X/discord/refs/heads/main/Discord.zip,404
https://raw.githubusercontent.com/qwuxu/ghjtdfghnfg/main/lastest.exe,404
https://raw.githubusercontent.com/pyxe1/sheesh/04f111bc997c01dc4aa6ab035dcb5ff877fc5bbf/Client-built.exe,404
https://raw.githubusercontent.com/vampirvikariy/clientn2/master/intro.avi.exe,404
https://raw.githubusercontent.com/TheAirBlow/theairblow/main/njrat.exe,404
https://raw.githubusercontent.com/alnyak/test/main/testingg.exe,404
https://raw.githubusercontent.com/eq44/nj/main/ctfmon.exe,404
https://raw.githubusercontent.com/XerusSploit/Neverlose-Loader/refs/heads/main/Neverlose%20Loader.exe,404
https://raw.githubusercontent.com/supfrezze/jtebez/master/dayum.exe,404
https://raw.githubusercontent.com/EluwnkaQuxi/elcio/main/Server1.exe,404
https://raw.githubusercontent.com/nxrecxxil/syndicate/main/main.exe,404
https://raw.githubusercontent.com/nitromarket123/vv/main/nojeira.exe,404
https://raw.githubusercontent.com/crackedbymac/release/main/Updater.exe,404
http://productbucket3.s3.amazonaws.com/firstbuilt.exe,403
http://www.ramanujan.edu.in/downloads/svchost.exe,406
http://github.com/AnonAm93/1/raw/refs/heads/main/Discord.zip,404
http://github.com/biseo0/Neue/raw/main/Client-built.exe,404
http://github.com/sss2322/sssssssssd/raw/main/Client-built.exe,404
http://github.com/blacksheep11998/musical-adventure/raw/refs/heads/main/injector.exe,404
http://github.com/mohibalkal1/mohib/raw/refs/heads/main/Discord.zip,404
http://github.com/aspdasdksa2/callback/raw/main/Client-built.exe,404
http://github.com/SolaraMoon/Solara-V3/raw/refs/heads/main/Solara%20V3.exe,404
http://github.com/nitromarket123/ae/raw/main/test.exe,404
http://github.com/Urans1/nuresa/raw/refs/heads/main/bthsefyjsec.exe,404
http://nunta.8z.ro/Google%20Chrome.exe,404
http://github.com/crackedbymac/release/raw/main/Updater.exe,404
http://github.com/Tuuest/jacke/raw/refs/heads/main/poetsaw.exe,404
http://vapecracked.7m.pl/sosi_biby.exe,404
http://github.com/nitromarket123/vv/raw/main/nojeira.exe,404
http://github.com/AznexProject/AznexProject/blob/main/ths.exe?raw=true,404
http://gdstatus.7m.pl/stealer/7z.exe,404
http://github.com/mohibalkal1/mohib/raw/refs/heads/main/Discord.exe,404
http://github.com/AznexProject/AznexProject/raw/main/ths.exe,404
http://github.com/USERNAME1337148/-/raw/refs/heads/main/Discord.zip,404
https://bitbucket.org/aaa14/aaaa/downloads/XClient.exeNUEVO.txt,404
https://bitbucket.org/aaa14/aaaa/downloads/1.txt,404
https://bitbucket.org/aaa14/aaaa/downloads/unnamed.jpg,404
https://bitbucket.org/aaa14/aaaa/downloads/OIP.jfif,404
https://bitbucket.org/aaa14/aaaa/downloads/unnamed1.gif,404
https://infohobb.com.br/arquivos/AA_v3_6.exe,403
http://www.providence.net.br/arquivos/chat_suporte/update.zip,404
http://www.spaziotempo.info/assistenza.exe,404
http://perfectperu.com/soporte%5Csoporteperfect.exe,404
http://soportegira.net/descargas/Ammyy.exe,404
http://oblnso.ru/soft/AA_v3.exe,403
http://prostore.org/UPDATES/AA_v3.exe,404
http://194.67.213.73/install/AA_v3.exe,404
http://topsoft.info/downloads/suporteremoto/ammy.exe,406
http://www.digifarma.com/qualfarmacia/exes/Ammyy.zip,404
http://informaction.qc.ca/AA_v3.5.zip,404
http://www.prostore.org/UPDATES/AA_v3.exe,404
http://artemka.spb.ru/AA_v3.exe,404
http://downloads.agrawalcomputers.com/downloads/Ammyy.zip,404
http://reshenie.info/download/programs/AA_v3.5.zip,404
http://d.kma.kz/AA_v3.exe,404
http://www1.edilcassabg.it/ecawebnew/files/ammyy.zip,403
http://www.draconian.co.za/files/Ext/AA_v3.5.exe,404
http://plhinc.com/downloads/Viewer/Viewer.exe,403
http://arcsystem.rodopibg.net/Aa_v3.exe,404
http://datarey.com.br/wp-content/uploads/2024/04/AA_v3.exe,406
http://laracat.com/descargas/remotos/AA_v3.exe,404
http://www.bclick.com.br/download/AA_v3.exe,404
http://rl.a4on.tv/support.exe,404
http://ws.elanc.ru/ammyy.exe,404
http://www.scs-anapa.ru/soft/aa_v3.exe?t=20160608,404
http://sfa.com.ar/activia/AA_v3.exe,500
http://technoweb.homeip.net/majauto/AA_v3.exe,404
http://www.plhinc.com/downloads/Viewer/Viewer.exe,403
http://elanc.ru/ammyy.exe,404
http://se.maina-vira.ru:8080/distr/apps/aa_v3.exe,404
http://www.ayniyat.org/Download/AA_v3.4.exe,403
http://gdent.bg/files/AA_v3.exe,404
http://178.130.39.138/AA_v3.exe,404
http://ruterk.com/archive/prog/AA_v3.exe?amp,404
http://samson.hr/gogo/AA.exe,404
http://dcdsecurity.com/support/AMMYY.zip,465
http://www.griservice.ro/files/AA_v3.exe,404
http://89.175.186.155/AA_v3.exe,404
http://www.netsolution.it/Download/AA_v3.exe,404
http://verideposu.net/yardim/AA_v3.exe,404
https://codeload.github.com/artur372/lccc/zip/refs/heads/main,404
https://codeload.github.com/echxanhredteam/8v8XkYkBbX/zip/refs/heads/main,404
https://codeload.github.com/T1-8888/T1-vavava/zip/refs/heads/main,404
https://raw.githubusercontent.com/mariolalo/myrec/main/NOTallowedtocrypt.exe,404
https://raw.githubusercontent.com/yusuf216/sshport/main/evetbeta.exe,404
http://www.blaconmachine.com/wrdl/rundl.exe,404
http://blaconmachine.com/wrdl/rundl.exe,404
https://raw.githubusercontent.com/cfedss/exe/main/Solara_Protect.exe,404
https://raw.githubusercontent.com/orospuccocugu/aaaaaa/main/anne.exe,404
https://raw.githubusercontent.com/vash0001/Discord/main/Discord2.exe,404
https://raw.githubusercontent.com/vash0001/Discord/main/Discord1.exe,404
https://raw.githubusercontent.com/vash0001/Discord/main/Discord.exe,404
https://raw.githubusercontent.com/Realmastercoder69/daww/main/Loader.exe,404
https://raw.githubusercontent.com/JZMVIP/JZMFREETOOL/main/AsyncClient.exe,404
https://raw.githubusercontent.com/vash0001/Discord/main/Discord3.exe,404
https://raw.githubusercontent.com/JackedMicheal/ccenty/main/CrSpoofer.exe,404
https://raw.githubusercontent.com/ducminh23/ddosv1/main/ddosziller.exe,404
https://raw.githubusercontent.com/H4ck3dV0d4/terminal-test/main/Terminal_9235.exe,404
https://raw.githubusercontent.com/heysama/afsgdhzx/main/AsyncClient.exe,404
https://raw.githubusercontent.com/EnoNeK/csdafewafaw/main/BeamNG.UI.exe,404
https://raw.githubusercontent.com/krishnatherock9673/krishna22/main/Krishna33.exe,404
https://raw.githubusercontent.com/dadeiu/CodedPython4/main/Python%203.10.10.exe,404
http://github.com/heysama/afsgdhzx/raw/main/AsyncClient.exe,404
https://codeload.github.com/T3-vivivivi/T3-vivivi/zip/refs/heads/main,404
https://codeload.github.com/Ad8386/ad83868386/zip/refs/heads/main,404
https://codeload.github.com/T3-vivivivi/vi812/zip/refs/heads/main,404
https://codeload.github.com/Ad8386/GS8868/zip/refs/heads/main,404
https://codeload.github.com/Ad8386/DT68/zip/refs/heads/main,404
https://careerfinder.ro/rs/wQpkVl14.bin,404
https://careerfinder.ro/vn/Traurigheder.sea,404
https://raw.githubusercontent.com/Ttra123/hasaiki/main/update1.bat,404
https://raw.githubusercontent.com/Ttra123/hasaiki/main/205.bat,404
https://github.com/Ttra123/hasaiki/raw/main/205.bat,404
https://github.com/Ttra123/hasaiki/raw/main/update1.bat,404
https://raw.githubusercontent.com/occ-m/allud/main/ud.bat,404
http://209.141.47.218/amd64,404
http://209.141.47.218/mips,404
https://drive.google.com/uc?export=download&id=1fA7wzs1BJ3j1X9CzW-PESpQxkveU6h71,404
https://drive.google.com/uc?export=download&id=1mwIbCpuP_rmO0AejKUWnp5b5PKDebwCw,404
https://drive.google.com/uc?export=download&id=1ai2_Gwd-32V1IHs6akMQp1SW23zI2Gdn,404
https://drive.google.com/uc?export=download&id=1sOXUmxee6Rx3WzuRGDmDFakFdMOHvsoj,404
https://genas.gr/bsq1/Myelosarcoma.ttf,404
https://genas.gr/bsq/bopGx118.bin,404
http://95.181.162.23/sh,404
https://bailingla.com/font/das.php,403
http://62.133.61.104/Downloads/test.pdf.lnk,404
https://bitbucket.org/aaa14/aaaa/downloads/file.exe,404
https://bitbucket.org/aaa14/aaaa/downloads/msi.txt,404
https://bitbucket.org/aaa14/aaaa/downloads/Encrypted2.txt,404
https://bitbucket.org/aaa14/aaaa/downloads/script2.exe,404
https://bitbucket.org/aaa14/aaaa/downloads/A3.exe,404
https://bitbucket.org/aaa14/aaaa/downloads/script2.txt,404
https://bitbucket.org/aaa14/aaaa/downloads/ClieeentMalllwareee.txt,404
https://bitbucket.org/aaa14/aaaa/downloads/a13.exe,404
https://bitbucket.org/aaa14/aaaa/downloads/script1.exe,404
https://bitbucket.org/aaa14/aaaa/downloads/Encrypted2.exe,404
https://bitbucket.org/aaa14/aaaa/downloads/NUEVO1.txt,404
https://bitbucket.org/aaa14/aaaa/downloads/ClientMalware.txt,404
https://bitbucket.org/aaa14/aaaa/downloads/hhhhhhhhhhhh.txt,404
https://bitbucket.org/aaa14/aaaa/downloads/msi6.txt,404
https://bitbucket.org/aaa14/aaaa/downloads/msi5.txt,404
https://bitbucket.org/aaa14/aaaa/downloads/123123.exe,404
https://bitbucket.org/aaa14/aaaa/downloads/dFkbkhk.txt,404
https://bitbucket.org/aaa14/aaaa/downloads/amigoberlyn.txt,404
https://bitbucket.org/aaa14/aaaa/downloads/xwormberlyn.txt,404
https://bitbucket.org/aaa14/aaaa/downloads/a12.txt,404
https://bitbucket.org/aaa14/aaaa/downloads/a3.txt,404
https://bitbucket.org/aaa14/aaaa/downloads/ghidpin.txt,404
https://bitbucket.org/aaa14/aaaa/downloads/gedArng.txt,404
https://bitbucket.org/aaa14/aaaa/downloads/a4.txt,404
https://bitbucket.org/aaa14/aaaa/downloads/a12.exe,404
https://bitbucket.org/aaa14/aaaa/downloads/gbkIrkF.txt,404
https://bitbucket.org/aaa14/aaaa/downloads/ClientMalware1.txt,404
https://bitbucket.org/aaa14/aaaa/downloads/eoecdhh.txt,404
https://bitbucket.org/aaa14/aaaa/downloads/oakomkp.txt,404
https://bitbucket.org/aaa14/aaaa/downloads/Client.exe,404
https://bitbucket.org/aaa14/aaaa/downloads/grabberberlyyn.txt,404
https://bitbucket.org/aaa14/aaaa/downloads/cosasrarassss.txt,404
https://bitbucket.org/aaa14/aaaa/downloads/grabberberlyn1.txt,404
https://bitbucket.org/aaa14/aaaa/downloads/msi3.txt,404
https://bitbucket.org/aaa14/aaaa/downloads/quasartest.txt,404
https://bitbucket.org/aaa14/aaaa/downloads/dkgkhmj.txt,404
https://bitbucket.org/aaa14/aaaa/downloads/amrSjAn.txt,404
https://bitbucket.org/aaa14/aaaa/downloads/ppppp.txt,404
https://bitbucket.org/aaa14/aaaa/downloads/XClient.exe,404
https://bitbucket.org/aaa14/aaaa/downloads/putty.exe,404
https://bitbucket.org/aaa14/aaaa/downloads/FbAgmmg.txt,404
https://bitbucket.org/aaa14/aaaa/downloads/msi4.txt,404
https://bitbucket.org/aaa14/aaaa/downloads/a9.txt,404
https://bitbucket.org/aaa14/aaaa/downloads/file1.msi,404
https://bitbucket.org/aaa14/aaaa/downloads/msi2.txt,404
https://bitbucket.org/aaa14/aaaa/downloads/a14.txt,404
https://bitbucket.org/aaa14/aaaa/downloads/berlyn777.txt,404
https://bitbucket.org/aaa14/aaaa/downloads/njrat.txt,404
https://bitbucket.org/aaa14/aaaa/downloads/XClient.txt,404
https://bitbucket.org/aaa14/aaaa/downloads/AmfjpgF.txt,404
https://bitbucket.org/aaa14/aaaa/downloads/a8.txt,404
https://bitbucket.org/aaa14/aaaa/downloads/file.msi,404
https://bitbucket.org/aaa14/aaaa/downloads/script4.txt,404
https://bitbucket.org/aaa14/aaaa/downloads/berlynnj.txt,404
https://bitbucket.org/aaa14/aaaa/downloads/ClientMalware2.txt,404
https://bitbucket.org/aaa14/aaaa/downloads/script3.txt,404
https://bitbucket.org/aaa14/aaaa/downloads/dkahFjr.txt,404
https://bitbucket.org/aaa14/aaaa/downloads/msi7.txt,404
https://bitbucket.org/aaa14/aaaa/downloads/test.exe,404
https://bitbucket.org/aaa14/aaaa/downloads/a14.exe,404
https://bitbucket.org/aaa14/aaaa/downloads/blabla2.txt,404
https://bitbucket.org/aaa14/aaaa/downloads/NUEVO.txt,404
https://bitbucket.org/ntumz/ntumzzz/downloads/IMG1202400210015.Tar,404
https://bitbucket.org/ntumz/ntumzzz/downloads/IMG1202400210015.vbs,404
https://bitbucket.org/rulmerurk/ertertqw/downloads/nkbjIpk.txt,404
https://bitbucket.org/rulmerurk/ertertqw/downloads/diSkFjr.txt,404
https://bitbucket.org/rulmerurk/ertertqw/downloads/iAmogob.txt,404
https://bitbucket.org/rulmerurk/ertertqw/downloads/cgimeAk.txt,404
https://bitbucket.org/rulmerurk/ertertqw/downloads/kFhSAir.txt,404
https://bitbucket.org/rulmerurk/ertertqw/downloads/SfmfckF.txt,404
https://bitbucket.org/rulmerurk/ertertqw/downloads/jAfbogF.txt,404
https://bitbucket.org/rulmerurk/ertertqw/downloads/kSmpcSc.txt,404
https://bitbucket.org/rulmerurk/ertertqw/downloads/emmigrk.txt,404
https://bitbucket.org/rulmerurk/ertertqw/downloads/hISakcj.txt,404
https://bitbucket.org/rulmerurk/ertertqw/downloads/hoAmInk.txt,404
http://91.229.239.27/expo/costreducepro.zip,404
http://91.229.239.27/expo/parttransferpro.zip,404
http://91.229.239.27/lamp/lateuncommonpro.zip,404
http://213.232.235.202/garant/talkprevailingpro.zip,404
http://37.221.67.211/direct/speechcarrierpro.zip,403
http://213.232.235.202/garant/7d.jpg,404
http://91.229.239.27/expo/Yvxrkkirr.dat,404
http://91.229.239.27/lamp/amonginstitutionpro.zip,404
http://37.221.67.211/direct/easyenterprisepro.zip,403
http://37.221.67.211/direct/Ztyavdk.wav,403
http://37.221.67.211/direct/svchost.exe,403
http://91.229.239.27/back/societyconsultingpro.zip,404
http://37.221.67.211/direct/Mfrngcojt.mp4,403
http://37.221.67.211/direct/Sjehrpev.pdf,403
http://91.229.239.27/expo/Sqcyoenbobh.vdf,404
http://sbelegi.com.br/wp-content/plugins/cognac/smsinc.txt,500
http://hunter.freshworx.com/et8_webservice/mail/attach/61EB0719-3A26-D60D-7630-B0A2084EEB02/770864_inquiry&order.doc,404
http://www.aureanet.com/aa.exe,404
http://www.inmed.hr/Ammyy.exe,404
https://cdn.discordapp.com/attachments/1295642004386091039/1295642102079688714/Flex.dll?ex=670f643d&is=670e12bd&hm=5bf582024587d9ff5a4f1d3b879dc3a71af32abf218bc2d74f8b1b849f38a43b&,404
https://cdn.discordapp.com/attachments/905579042445606962/1295462162201972818/tinytask.zip?ex=670ebca7&is=670d6b27&hm=959c809c3c5358175865139a1bb5672d1dc4571829770fa5a2ac6f2d14976b52&,404
https://cdn.discordapp.com/attachments/726391884750258226/1295471504963932212/Extreme_V4.3.exe?ex=670f6e1b&is=670e1c9b&hm=6c63b50a941f5e025a375c35370b4c8fc7f703ce328980731338f60d855d339a&,404
https://cdn.discordapp.com/attachments/1292212288622825544/1292985933704073326/BootstrapperV1.22.exe?ex=670ef4fd&is=670da37d&hm=084e6963dbaf4a0825d95d7dad5ab48bd5fa01f976c6fdc92ab9aee5299e5b3d&,404
https://cdn.discordapp.com/attachments/1197980411448528926/1295516544914292766/Extreme_V4.3.exe?ex=670eef4d&is=670d9dcd&hm=525c3f05808bc5ce107884b42251d479836d0b83e568bd9cfd2895891b1e388d&,404
https://cdn.discordapp.com/attachments/1293585587353419776/1293991018248536064/RezWareUpdater.exe?ex=670ea88b&is=670d570b&hm=e3606f49a4d4e2a3c6dd0cd59ee78aa6ae7a861a0340e912b6aad206f16f08f9&,404
https://cdn.discordapp.com/attachments/1294032919903338546/1295518790607704084/hydra.exe?ex=670ef165&is=670d9fe5&hm=d1114b65b18c8fc6ac378cf57169ad9d4f23499ced8ea6fe3b1fe96461e38a98&,404
https://cdn.discordapp.com/attachments/1009828043453378671/1212862664683032647/Performance_V3.zip?ex=670f7ca1&is=670e2b21&hm=074727589b58de40cf4d0323d8f3ebff0dfc041fc6a2f6e6eddd3dc9dba09346&,404
https://cdn.discordapp.com/attachments/1282702568899870751/1293852662407888978/Rv2_Nuker.exe?ex=670f7931&is=670e27b1&hm=22265025fa8bb5baf986ff9795b8348e2c4fa24d4f6cced287e52fcfb45bf1e7&,404
https://cdn.discordapp.com/attachments/1274034564301324359/1294639737847550024/Sons_Of_The_Forest__OFME.rar?ex=670fb336&is=670e61b6&hm=dca6764d12f45d237094a6554f2d731b1d4b2b924214260ef2c680bcd8ab93f5&,404
https://cdn.discordapp.com/attachments/327870196494893067/1295440923236499496/FreeTP.OrgPhasmophobia-Multiplayer-Fix-Online-v1.exe?ex=670ea8e0&is=670d5760&hm=8cb8dfd9cb79e7ac43443603f0ec8922a618c9e439b4c84f7cdcdbf80fcac912&,404
https://cdn.discordapp.com/attachments/1212182560814145646/1295506921398337638/RedEngine.exe?ex=670ee657&is=670d94d7&hm=1fb3be7c5dbd639fd3fe9c400d7f1b7ee0c687c2bd04b1a006af92203233d76b&,404
https://cdn.discordapp.com/attachments/1295440349166047242/1295440569258213576/WorkTimer.exe?ex=670ea88b&is=670d570b&hm=a9eb5e2f58c228aaaa0367063e00a45f4d4f242b9b50ebd8c62337118d364053&,404
https://cdn.discordapp.com/attachments/1248194366070194237/1295452123349385306/1.3_hotfix.zip?ex=670eb34e&is=670d61ce&hm=c8ddcada9740eee4868a9caee8ddf2b14af906b4b8dfa86f1e5d5fa303b0b1c0&,404
https://cdn.discordapp.com/attachments/1247136923126988801/1295761446847910009/FreeTP.OrgThe-Binding-of-Isaac-Multiplayer-Fix-Online.exe?ex=670fd363&is=670e81e3&hm=db0185353bc5a0bc751f5467bbf50786628aba6a22cd560af3e954b28b429e9a&,404
https://cdn.discordapp.com/attachments/1248672693126041704/1265965379306651689/Aki_2nd_Sem_Performance_Task.rar?ex=670edfe2&is=670d8e62&hm=5ffb2f16e66664762612ee04647142013ae58ad058b043ad42caf50fa1de128b&,404
https://cdn.discordapp.com/attachments/1295030567431311372/1295085108650573904/InventoryChanger.zip?ex=670f57bf&is=670e063f&hm=49abce8b0676e61e01bcda855943deeefeae1a40a6e44c6f4259d1741b5e772d&,404
https://cdn.discordapp.com/attachments/1295311452206534681/1295311502538051584/Black_Soyer_Crack.zip?ex=670f81d7&is=670e3057&hm=e9008152d39e220af8d259412e19f519c720fc232a7e25be73eed9c907fa8286&,404
https://cdn.discordapp.com/attachments/1262031042836037662/1295438306217033839/build.exe?ex=670ea670&is=670d54f0&hm=519bed999661792aae1c8032f34e96071ab1650bc3a97bc1114d5ddcda14a228&,404
https://cdn.discordapp.com/attachments/1292177116384723057/1292177163994529923/EmrysStroe.exe?ex=670f4f83&is=670dfe03&hm=3f00ee5800bd6c27ff87d74d13cb3f594e0ddf7b25c26409fc9821135831062e&,404
https://cdn.discordapp.com/attachments/1295665579767631902/1295665840816918568/FullOption_V2.1_Crack_by_Slumzick.zip?ex=670f7a58&is=670e28d8&hm=63d450140c9429b3d08bb6e7d747d3b55d2c3c28277d4b7dd0dce7c5fb7015bc&,404
https://cdn.discordapp.com/attachments/1266618314956865656/1295517282289844245/external.rar?ex=670eeffd&is=670d9e7d&hm=ae8d2d35bdd0f647cc1f24fade8d610879538ccf3801ea6f010940b5ec558c17&,404
https://cdn.discordapp.com/attachments/1292177116384723057/1295294041084137492/FulloptionV.2.rar?ex=670f7194&is=670e2014&hm=fad82592de0e1841d777831389e404b533a9e0049c11950b82530392dcaf25b0&,404
https://cdn.discordapp.com/attachments/1287558933124481109/1295553884433158174/main.exe?ex=670f1214&is=670dc094&hm=60a637ff01fbc943eff2e14b6a8c31a357d696ac0dba37cdb1d07d915a564cdb&,404
https://cdn.discordapp.com/attachments/1248672693126041704/1265965379306651689/Aki_2nd_Sem_Performance_Task.rar?ex=670f88a2&is=670e3722&hm=f844971f503378e38ac3346fcd35d6e23ad5defb546a03534ec799da8776d9f3&,404
https://cdn.discordapp.com/attachments/1271948117847179358/1295565573429923901/surprise.exe?ex=670f1cf7&is=670dcb77&hm=1b8a01c6df758d2b6af0543c91d18ddf4b22d106da9bba26d4e8aa1e3808d5fd&,404
https://cdn.discordapp.com/attachments/1248672693126041704/1268832955548041277/TDPremium.rar?ex=670f6b46&is=670e19c6&hm=18003ecc6fc90afbf2900618741752ee0c769d7ec9b848066ee782c568e8debc&,404
https://cdn.discordapp.com/attachments/1294042541955612784/1294044136990576690/Stand.Launchpad.exe?ex=670f82c4&is=670e3144&hm=c62beb182c1e97590c1a6c8c592e88a1e6228bbdfc9c3b93c622390cd456e441&,404
https://cdn.discordapp.com/attachments/1293030970009845790/1295521405303001209/cstealer-main.zip?ex=670ef3d4&is=670da254&hm=4b7d16bc9bc99168a6db0592f4897c282a61e3b1d934e5748c5547e382b80916&,404
https://cdn.discordapp.com/attachments/1275749442003406893/1288914424211705956/Solstice_1.21.30.dll?ex=670ea599&is=670d5419&hm=90e05f87ceced89142572fd059e62b62f277f0197c13bd313542fbd91bcc1e90&,404
https://cdn.discordapp.com/attachments/1279495263010160692/1295459464106999890/JJSploit_8.10.7_x64-setup.nsis.zip?ex=670eba24&is=670d68a4&hm=99e4b28a5e85c81663c55413deb90d99a30d67add7b8b853e2ccca6ffd96fc4d&,404
https://cdn.discordapp.com/attachments/1283184990733074443/1291927318314356746/BootstrapperV1.22.exe?ex=670fb853&is=670e66d3&hm=74e196786be17a84fe3aeedcfb9a54ce271b1d04f20aa8fd58e5d66ac81d80d7&,404
https://cdn.discordapp.com/attachments/1287014446631489589/1294998971869302784/Bootstrapper.exe?ex=670fb046&is=670e5ec6&hm=af2d86b00c324f60e0d2d614a1ee24316cf89fa84b588c0aa174469122acbef8&,404
https://cdn.discordapp.com/attachments/1295302348201136178/1295303718400561252/Informaal_Macro_v0.7.0.zip?ex=670ed1d8&is=670d8058&hm=26c73a626d6d9801cfeebc3e7b9327d81c402c0a5dd3acec817660083f0e5a13&,404
https://cdn.discordapp.com/attachments/1275547427826569297/1295519381710962760/CompPkgSup.dll?ex=670ef1f2&is=670da072&hm=0ef149bf8000f5d08bd27446ab0651cfc3038bd4f627014443f6e0056b60f8df,404
https://cdn.discordapp.com/attachments/1295527483990343751/1295529030979686530/CompPkgSup.dll?ex=670fa3ae&is=670e522e&hm=0b60d6d6ae09437ed31eeae63fe1cdcec8191ba2645f3ef726e372c63b4c2f96&,404
http://furymetin2.3x.ro/GiftCardPaypalKey.exe,404
http://downloads.newfreescreensavers.com/screensavers/clean/nfsTunnelBlack.exe,404
http://file.edunet.ac/ipscan.exe,404
http://147.50.240.62/1SkillLauncher/1SkillLauncher.exe,404
http://101.34.82.183/win10key.exe,404
http://195.161.114.43/smg/tools/dControl.exe,404
http://ns1.smlms.mr/Doc.exe,404
http://www.beiletoys.com/xbyxsv3.94.exe,404
http://217.15.164.94/update/client/update.exe,404
http://shopping-nice.com/files/madey.exe,403
http://217.15.164.94/update/client/cabal.exe,404
http://shopping-nice.com/files/service.exe,403
https://pub-26ee9be236b54d0cb1b570a203543b93.r2.dev/nibo.txt,403
https://drive.google.com/uc?export=download&id=1npptw-olOXaqBq-GGjicPvohudc0rxTd,404
https://apslline.com/Motocrossbanerne37.pif,406
https://apslline.com/LfGiMdRCMSvlQHkIpf170.bin,406
https://drive.google.com/uc?export=download&id=1VaLnP0nY24ouYEEr2Z2EgDVgC7VyLmDK,404
https://drive.google.com/uc?export=download&id=1iF86Od2q_16LFeUaCMvY_pjfXibu5xTV,404
https://drive.google.com/uc?export=download&id=1zN4mbd916vF7vzLUBWxv8xZPPkObF8o_,404
https://raw.githubusercontent.com/Neth3N/na9ow3495raygwi4gyrhuawerawera/main/gaber_mnr.txt,404
https://raw.githubusercontent.com/Neth3N/na9ow3495raygwi4gyrhuawerawera/main/gaber.txt,404
https://raw.githubusercontent.com/Neth3N/na9ow3495raygwi4gyrhuawerawera/main/gaber_pyld.txt,404
https://raw.githubusercontent.com/Neth3N/na9ow3495raygwi4gyrhuawerawera/main/cr_asm.txt,404
https://raw.githubusercontent.com/Neth3N/na9ow3495raygwi4gyrhuawerawera/refs/heads/main/cr_asm_crypter.txt,404
https://raw.githubusercontent.com/Neth3N/na9ow3495raygwi4gyrhuawerawera/main/cr_asm_hiddenz.txt,404
http://94.154.172.127/iobj/testingProtected.exe,404
http://94.154.172.127/iobj/xwormProtected.exe,404
https://drive.usercontent.google.com/download?id=1vYhxGWuDeS1hKVKiiNHO9xEUEDlrGJmq&export=download,404
https://drive.google.com/uc?export=download&id=1vYhxGWuDeS1hKVKiiNHO9xEUEDlrGJmq,404
https://promenter.rs/XWpZCkLt231.bin,404
https://promenter.rs/Dipodid.pfm,404
https://garanticonstruct.ro/wp/lzXwrPn219.bin,404
https://garanticonstruct.ro/1/Ajonjoli115.rar,404
https://drive.google.com/uc?export=download&id=1D-zGKobhWNs53aqPY9WhH0wKxPZnircm,404
https://drive.google.com/uc?export=download&id=1a2Ku0Mneooht__PvWzL67cdzzzSZxWWN,404
https://drive.google.com/uc?export=download&id=1WWplQoKaHTH8zeVQZolw0ydVreDEPuhU,404
https://drive.google.com/uc?export=download&id=1M5ssnXDVWzF_3ZNjIwtHP41uqVFsP0jT,404
https://drive.google.com/uc?export=download&id=1u9sUPEj7ejKWlfCOj1A0fsxYpxCXveGA,404
https://drive.google.com/uc?export=download&id=1eMLUS0VUlpR5l9TAIVelAMLM_d0NSRZN,404
https://pub-26ee9be236b54d0cb1b570a203543b93.r2.dev/ode.txt,403
https://next-level-verify-01.b-cdn.net/micro/stored/up/s5.txt,403
https://next-level-verify-01.b-cdn.net/micro/stored/up/S5.zip,403
https://paste.ee/d/OJmns/0,404
http://assets.gziraq.com/css/7f3c2473d1e6.exe,403
http://assets.gziraq.com/css/f2e7fcb20146.exe,403
http://assets.gziraq.com/css/d74f5005fa82.exe,403
http://assets.gziraq.com/css/54f0fa329a53.exe,403
https://xilx222.b-cdn.net/xil222.zip,403
https://raw.githubusercontent.com/CryptersAndToolsOficial/ZIP/refs/heads/main/DetahNote_V.jpg%20,404
https://raw.githubusercontent.com/pip2002/fuzzy-invention/main/qet-test.exe,404
https://raw.githubusercontent.com/TwoBit69/kas/main/rundll64.exe,404
http://github.com/RandomVapeUser/Vape-4.11/releases/download/crack/vape.v4.11.zip,404
http://hacked.urbox.lol/a.exe,404
http://cldup.com/g1LZT0BP8O.dll,404
http://github.com/pip2002/fuzzy-invention/raw/main/qet-test.exe,404
http://github.com/TwoBit69/kas/raw/main/rundll64.exe,404
http://assets.gziraq.com/css/63e909b3647d.exe,403
http://45.141.26.180/HideProcess.rar,404
http://45.141.26.180/Update.rar,404
http://45.141.26.180/spoofer.exe,404
http://coach.028csc.com:81/libcurl.dll,404
http://46.8.229.59/thebig/stories.exe,404
http://46.8.229.59/thebig/stail.exe,404
http://46.8.229.59/thebig/swf.exe,404
http://46.8.229.59/thebig/noode.exe,404
https://drive.google.com/uc?id=1XsCBrp8UtNwEPSqs_ZryyMjZB5ggFina&export=download&authuser=0,404
https://raw.githubusercontent.com/Babskai/vir-s/main/AsyncClient.exe,404
http://sigmasigmaareyouthere4343.pages.dev/123987.exe,403
http://218.159.12.167/rondo.armv6l,501
http://218.159.12.167/rondo.i586,501
http://218.159.12.167/rondo.armv5l,501
http://218.159.12.167/rondo.mipsel,501
http://218.159.12.167/rondo.x86_64,501
http://218.159.12.167/rondo.mips,501
http://coach.028csc.com:81/CrazyCoach.exe,404
https://www.pkwankauf.nrw/wp-admin/css/colors/light/FKHGXhjHpcTIdAvEesunsWRBW2.bin,403
http://91.199.45.187/vk-to-ds.exe,503
https://cdn.discordapp.com/attachments/1292218066364665906/1294788598414966847/Warzone.rar?ex=670d9ad9&is=670c4959&hm=d728d62593e3c698c56cd0e930fc94e6894225b492bfe4d80baf82d2252b2e37&,404
https://cdn.discordapp.com/attachments/1104738989753258034/1274439787973054504/BoosterX.exe?ex=670e104b&is=670cbecb&hm=d7ab8760f19cec288455f3c6f87d1e1dcdf2edad7d7f99fe0ec46333d156b140&,404
https://cdn.discordapp.com/attachments/427893900594774026/1295092121971462194/not_a_virus.exe?ex=670d6407&is=670c1287&hm=9497a07908d81e72e9ad2ef46ccad6a7fe53812966622b7a96d6f4a322610bcc&,404
https://cdn.discordapp.com/attachments/1294569317697847337/1295122852399284346/Matistweeks.exe?ex=670d80a6&is=670c2f26&hm=93090e55bb4355c0acf26ef909014ba596f072f41716b6543b86ebd27d478470&,404
https://cdn.discordapp.com/attachments/1295232562989502556/1295251449407606855/loader.exe?ex=670df86a&is=670ca6ea&hm=e7db33ec2358a5747486acd4998ff6c9e49cccb92770f96935442b8ac798438f&,404
https://cdn.discordapp.com/attachments/1294520111339671594/1295145230483456050/UR.exe?ex=670d957d&is=670c43fd&hm=20f671c28b392bfe639d763429e52227d7c8339e076a526ebb70d8bfa7792dd3&,404
https://cdn.discordapp.com/attachments/1295322194112548895/1295330577259692102/SpeedAutoClicker-v1.6.2.zip?ex=670e421b&is=670cf09b&hm=4b6052f660dba52981d17125a758d01e08a30c462ba2232561127ec1be1e21a9&,404
https://cdn.discordapp.com/attachments/1072876577836236820/1295301139297996831/zapret-winws.rar?ex=670e26b1&is=670cd531&hm=25e04864a290ba8795c0c16dd00a1625f2a835a783c40e963bc7cb089c686190&,404
https://cdn.discordapp.com/attachments/1200206577353883719/1239354268918480946/d3d10.rar?ex=670e4ddb&is=670cfc5b&hm=5170170df57328e0eefaa23b296459bb4dfb1023a9b8b685d62fa4dafae890d6&,404
https://cdn.discordapp.com/attachments/1172374343012057210/1292242632755642450/Utilla.dll?ex=670d923c&is=670c40bc&hm=3df9d3b6906d2eae7cfc5f8ca4ddf96311d4f5311979029cf6085deb8a6c8f9f&,404
https://cdn.discordapp.com/attachments/1248045742304657418/1293188680768426004/MPRO_DEVIL_V.5.rar?ex=670db78f&is=670c660f&hm=997d14fc687ae08f15a587c8b190b684a25577dd35817e1ec6c3900cd4c93096&,404
https://cdn.discordapp.com/attachments/1292537162490974208/1292537381035180119/CheraxLoader_1.exe?ex=670dfbfd&is=670caa7d&hm=e5a655beceb6e1e290fbba122516879d4a647259ef039e7248e98e1a49de22dd&,404
https://cdn.discordapp.com/attachments/1240334767652605962/1267114416139276299/Valorant_HS.zip?ex=670dc802&is=670c7682&hm=f45d5e1d937bd2545c3bdfd0d230d83a9e5a203d22ace649d19d3be512ac474a&,404
https://cdn.discordapp.com/attachments/1295171324393553991/1295171487073832980/squidtemp.exe?ex=670dadf1&is=670c5c71&hm=c898295e9f17a34da2c47a30dfceb13a90458710b7966b905ed3a99562129f2c&,404
https://cdn.discordapp.com/attachments/1282372912279715891/1282373073219358800/Wuff_Wuffer.exe?ex=670debbd&is=670c9a3d&hm=6f7f5f6673363b2bca01b322f41d161a019ec017f5debcd1a3f45b2ff7bd0be9&,404
https://cdn.discordapp.com/attachments/1290621369821827153/1295304288339365969/Wahiy_swapper.exe?ex=670e299f&is=670cd81f&hm=d668cc4432184523e29c1a622634c90477a431b1b18691a624773cd7989420a9&,404
https://cdn.discordapp.com/attachments/1198070587906605157/1295157469244293223/FULLOPTION_CRACK_BY_SLUMZICK_C.exe?ex=670da0e3&is=670c4f63&hm=027a5e6ee0c4e91d7ad9512b0ba31fd2db9cb5a277a8b5dfa5a8a63232992cf4&,404
https://cdn.discordapp.com/attachments/380763391364562955/1295350320943337534/LiarsBar_Fix_Repair_Steam_Generic.rar?ex=670e547e&is=670d02fe&hm=28f8e04317d08110b742b49549c0db8816b2cfbbddbe7a032ee89b169965436e&,404
https://cdn.discordapp.com/attachments/1292106251345596556/1295368572939272213/VuABIWibuasdawdhuo_1.exe?ex=670e657e&is=670d13fe&hm=a86b15137dc92a14377324dd8e1458b9c278bc9e200c874be0e592b18df05cbc&,404
https://cdn.discordapp.com/attachments/1275565595756331049/1293501806785200248/shika.zip?ex=670e326e&is=670ce0ee&hm=5746848e22d76c8bcbf60b858e2dd7df67d230563a59f58c61df97650d7729dc&,404
https://cdn.discordapp.com/attachments/1294751376831942677/1294751446176239657/eternal_free.exe?ex=670d7840&is=670c26c0&hm=46379dcd197132e258e80d6ff342fa07a1f5f903798b998245e5b1aa33817828&,404
https://cdn.discordapp.com/attachments/1289678790795989092/1289682028106879037/nixware.exe?ex=670e24bc&is=670cd33c&hm=af5878e94690e9a510718688af3b94871b080031d1827cea314136c3157e3fe2&,404
https://cdn.discordapp.com/attachments/1140299281308340345/1279680705324122152/jhi_service.exe?ex=670d5ac7&is=670c0947&hm=8040a71b6195be0a4bb8815c2b285cadd27cbb211cf3a1979bff35665ba406ab&,404
https://cdn.discordapp.com/attachments/1295240283340017705/1295242595781312583/Senyor_ShareScreen.rar?ex=670df02b&is=670c9eab&hm=d811ad5a21d96f6adc1d90f2a12e5322f8091b41192928d314b75372afc7a553&,404
https://cdn.discordapp.com/attachments/1293400136088682506/1294352884535787520/Loader.exe?ex=670dff4f&is=670cadcf&hm=92c7a30e584586d3ed549f95936b6cbb14ea14086c2cf6dd7d96d627f3cb7ec4&,404
https://cdn.discordapp.com/attachments/1242483488079478935/1295315871454986253/recode.tan.dll?ex=670e3469&is=670ce2e9&hm=ada9c9dc52cc9050993ca6f0cc972c3588be54544014547a068fca81210c758b&,404
https://cdn.discordapp.com/attachments/1284884133327147212/1295367129591189524/tdpremium_cracked_1.exe?ex=670e6426&is=670d12a6&hm=9c53cc5408224b60897157362a03d438bf1a14daaa34f6ba1db17b10cdfdab56&,404
https://cdn.discordapp.com/attachments/1287341120338268233/1294669384295518278/InformaalFrog_AV_Macro_v0.2.0.zip?ex=670dd493&is=670c8313&hm=25d62cf455bde980eafdca5b8f62fea8249e96270630474d935b865ceeb26728&,404
https://cdn.discordapp.com/attachments/1295306101415481374/1295319700863193111/Informaal_Macro_v0.7.0.zip?ex=670e37fa&is=670ce67a&hm=3ded51f0fa3d178551e687c330c813bdc7dbf03ac064c6b7b482af827bce3c5c&,404
https://cdn.discordapp.com/attachments/1295318948257992774/1295319337657176096/Informaal_Macro_v0.7.0.zip?ex=670e37a3&is=670ce623&hm=21e578c9fc700f23406a7bb79a7bc076e801634a2b19bc9d77afb63b85fc3000&,404
https://cdn.discordapp.com/attachments/1294946189334024224/1295326728914473001/Bootstrapper.exe?ex=670e3e86&is=670ced06&hm=67b799e7f8bec4345559335d7fd1d63df2d4156994484e9a7e7e3d600762d28f&,404
https://cdn.discordapp.com/attachments/1282655754364649494/1295368288695488542/BootstrapperV1.22.exe?ex=670e653a&is=670d13ba&hm=75031029b23930d28d2702ced2f497a03c682b0bb5cb82c532cc32d22e0e8ad0&,404
https://cdn.discordapp.com/attachments/1295148679828865054/1295148712464744509/BootstrapperV1.22.exe?ex=670d98bb&is=670c473b&hm=6a4e9db767abc49884321836064e18ea8b96208422e43acc743821ad880160bf&,404
https://cdn.discordapp.com/attachments/1258166379819958384/1272335405701664891/TDPremium.exe?ex=670cffef&is=670bae6f&hm=a9de3b18d3eb7dddaf3d02aa21df4e9d32d6923d778c316c8bc3fba5abb1a4bd&,404
https://getfile420.b-cdn.net/grey.zip,403
https://getfile420.b-cdn.net/grey.txt,403
http://aureanet.com/aa.exe,404
http://45.131.65.138/ohshit.sh,404
http://45.131.65.138/HideChaotic/ub8ehJSePAfc9FYqZIT6.spc,404
https://bitbucket.org/olkfsd/vsdavdcs/downloads/biib.exe,404
https://bitbucket.org/olkfsd/vsdavdcs/downloads/3.exe,404
https://bitbucket.org/olkfsd/vsdavdcs/downloads/Rils.exe,404
https://bitbucket.org/olkfsd/vsdavdcs/downloads/Release.exe,404
https://bitbucket.org/olkfsd/vsdavdcs/downloads/1.exe,404
https://bitbucket.org/olkfsd/vsdavdcs/downloads/2.exe,404
https://bitbucket.org/olkfsd/vsdavdcs/downloads/XFilePumper,404
http://45.131.65.138/HideChaotic/ub8ehJSePAfc9FYqZIT6.m68k,404
http://45.131.65.138/HideChaotic/ub8ehJSePAfc9FYqZIT6.sh4,404
http://45.131.65.138/HideChaotic/ub8ehJSePAfc9FYqZIT6.i686,404
http://45.131.65.138/HideChaotic/ub8ehJSePAfc9FYqZIT6.arm5,404
http://45.131.65.138/HideChaotic/ub8ehJSePAfc9FYqZIT6.ppc,404
http://45.131.65.138/HideChaotic/ub8ehJSePAfc9FYqZIT6.mpsl,404
http://45.131.65.138/HideChaotic/ub8ehJSePAfc9FYqZIT6.arm6,404
http://45.131.65.138/HideChaotic/ub8ehJSePAfc9FYqZIT6.mips,404
http://45.131.65.138/HideChaotic/ub8ehJSePAfc9FYqZIT6.arm,404
http://45.131.65.138/HideChaotic/ub8ehJSePAfc9FYqZIT6.x86,404
http://45.131.65.138/HideChaotic/ub8ehJSePAfc9FYqZIT6.x86_64,404
http://45.131.65.138/HideChaotic/ub8ehJSePAfc9FYqZIT6.arc,404
http://93.123.85.176/botpilled/rbot,404
https://bitbucket.org/chermander20/sonicwawe/downloads/RedeemShore.exe,404
https://bitbucket.org/chermander20/sonicwawe/downloads/RmMai.exe,404
https://bitbucket.org/chermander20/sonicwawe/downloads/bybit.exe,404
https://bitbucket.org/nhbghnj1/kjhi1a/downloads/NewApp.exe,404
https://bitbucket.org/nhbghnj1/kjhi1a/downloads/Updater.exe,404
https://cdn.discordapp.com/attachments/1245502741833322545/1245523973723131977/CloudMenuv1.dll?ex=670c5c18&is=670b0a98&hm=c979fa310ac398d5b14e6b38fe186b0254e99688509ae52f8fd2fd8f5293a3f2&,404
https://cdn.discordapp.com/attachments/952258819671588864/1294736473169592421/MeteorClient.exe?ex=670c18ce&is=670ac74e&hm=159167a5eea16dabf060334833693634e8467b7998a27ab3c01edbb72e6da9d4&,404
https://cdn.discordapp.com/attachments/1285738574150373429/1294736627880431637/FreakyBrowse.exe?ex=670c18f3&is=670ac773&hm=3a26c3c7751649dfe642708c7308021483cb3a3e840a9d7ffd5fdf0ed02746be&,404
https://cdn.discordapp.com/attachments/1292531100043837504/1294766458215207002/zapret-discord-youtube-main.zip?ex=670c34bb&is=670ae33b&hm=5f7363f4d207ef9eed4de7e21a711e1e35237d2fbdf8c3ac08cfbb154c8fced8&,404
https://cdn.discordapp.com/attachments/1220119148823056455/1294760365036408913/JINw8Z6.zip?ex=670c2f0e&is=670add8e&hm=5bd78ccda022a9f6778c5cc9de63d16204f59518d913c2a549dd402470fff679&,404
https://cdn.discordapp.com/attachments/1042567831570616431/1284516136993685545/Project_Reboot_3.0.dll?ex=670c7d20&is=670b2ba0&hm=dca78df3f8d6766e62d5ec3bebd42d973ba587a8f1401a3067f81767b33c106e&,404
https://cdn.discordapp.com/attachments/1293965296419471462/1294778723018608761/mullakka.exe?ex=670c4027&is=670aeea7&hm=c37458cb8f8dc2985499fcc5dd86600a1dda5f7a724709109a97ae24970f4d65&,404
https://cdn.discordapp.com/attachments/1272503504128446565/1272503642133495882/Optimizer-15.8.exe?ex=670c4b1e&is=670af99e&hm=b5c13ed73c91578c14d81101e94254db6a395a5bffbb3e6957862413ff090209&,404
https://cdn.discordapp.com/attachments/1294410273716699136/1294413272522424320/Hawkish-Grabber-main_2.zip?ex=670c3d4d&is=670aebcd&hm=fdf52abf217b5fae02a3fc22ff09ad4882098005843bc508118af20a3685d1b3&,404
https://cdn.discordapp.com/attachments/862343599593357314/1294737858065596498/Discord_zapret_with_voice_update_2.zip?ex=670c1a18&is=670ac898&hm=a45460a10d9d539c0ceb5241aa8e20f94b70c58e3988c1feb4031d234024eeec&,404
https://cdn.discordapp.com/attachments/1155191491132653578/1294719122294177903/zapret.rar?ex=670c08a5&is=670ab725&hm=fd64ab8a4b3a26f87192d877dbf60ff0d44fb08aad2e683ebb934c90d7fae68e&,404
https://cdn.discordapp.com/attachments/1245502741833322541/1245523224578490468/SillyMenu.dll?ex=670c5b65&is=670b09e5&hm=792a613aead3306fb0ec11de519ffed4c877b127f74b7dee1c26e64c96e518ad&,404
https://cdn.discordapp.com/attachments/1119232885241675810/1294721879088566273/FilterKeysSetter_1.0.zip?ex=670c0b36&is=670ab9b6&hm=dd9c03e8fee0cf0e88b766a53124edc98dabf497ca08b7979084d92cf466bac3&,404
https://cdn.discordapp.com/attachments/1294783544970842123/1294791476345176157/Nuwo.exe?ex=670c4c08&is=670afa88&hm=f938514c9e9024c18f4095e1ecae55d44e84f3578b761e0970464c0f75a816d9&,404
https://cdn.discordapp.com/attachments/1279305711012282378/1294114982010814565/CompPkgSup_.dll?ex=670c78ff&is=670b277f&hm=18a712e26d0b35c07a11382102c079bf667453ffb8b8771d8b509760118520be&,404
https://cdn.discordapp.com/attachments/1253002419269402635/1294760453146149008/UNLV4.zip?ex=670c2f23&is=670adda3&hm=c189607ab57697dd972d2965e0f68297c8d330b07127c5a85ce392673b974306&,404
https://cdn.discordapp.com/attachments/1293995977077817479/1294862460825763873/GSAutoClicker.exe?ex=670c8e24&is=670b3ca4&hm=51be56320789350c63b80ba15ac4b60b6b739c1094dae83636c4b1e5bb776c07&,404
https://cdn.discordapp.com/attachments/668954224989831210/668955369996943370/GFX_Example.zip?ex=670c533c&is=670b01bc&hm=563e443c410fe63e66082bb13ae84955754e371aafda20a6019d8cd2adf55570&,404
https://cdn.discordapp.com/attachments/1294875983475638322/1294890594203865109/skibityroblox.exe?ex=670ca857&is=670b56d7&hm=916c2290919aa50b64948b972b53000b0dbb7fcdb8bc57ce43c8875f280ec014&,404
https://cdn.discordapp.com/attachments/1294756540070363156/1294756607904845996/SolaraB.zip?ex=670c2b8e&is=670ada0e&hm=c46f547661a40afa61f459288fe54427cf1441a31655087798e098c9a396987e&,404
https://cdn.discordapp.com/attachments/1284640805583192099/1294828829629481020/dsHJ7G.exe?ex=670c6ed1&is=670b1d51&hm=809b06febab4fa3f9c0680ee711e3325187103b1905429e9cdbd08be2e59a37f&,404
https://cdn.discordapp.com/attachments/1294814463379243019/1294820505295257741/FortniteSeason.exe?ex=670c6711&is=670b1591&hm=1838944b424d1f3f4707b2217308c0efca9ea83971731367222b05135df55e0a&,404
https://cdn.discordapp.com/attachments/1273644349875421325/1294783232474353716/nitrobuyer.exe?ex=670c445a&is=670af2da&hm=1f281fd80c98af4f9fd87d76a7cd35a3e597b77693d1a804430d0000615d585a&,404
https://cdn.discordapp.com/attachments/1274925358780776479/1293641760198754314/matcha-version-d2bde6b0a05e4840.rar?ex=670c11c6&is=670ac046&hm=449cb59555585a0b0b4273968a1c9e4eabb10efe5fe14806a98d027982c6fa4b&,404
https://cdn.discordapp.com/attachments/1293139426007973920/1293526646611251232/Devilamxlevle.exe?ex=670c4f51&is=670afdd1&hm=8b41f786993e70794773f544f625bfdf809b6a47ff9a4e92bcabd3bc22346d38&,404
https://cdn.discordapp.com/attachments/1292211224016191528/1294761867952128030/lol.exe?ex=670c3074&is=670adef4&hm=426d9f4086fe83c1b1d0b9669a45354b10fa51c3bdb0972be4262e3e8f7f97d2&,404
https://cdn.discordapp.com/attachments/1294724386418593875/1294730597725503568/freenitro.exe?ex=670c1355&is=670ac1d5&hm=fe431b2f20f8cc958563e6e904e1c828290ba1470a54a6f82725608fa4784485&,404
https://cdn.discordapp.com/attachments/1294701603558916209/1294712298530803712/spoofer2k24.exe?ex=670c024a&is=670ab0ca&hm=850840c50e19efac9e1615e49131da5eb795ab52715eb0521c1dd9e09184c804&,404
https://cdn.discordapp.com/attachments/1291005636531720192/1294370837440364604/build-3.0.2.rar?ex=670c15c7&is=670ac447&hm=6e2a8995c4c667bf3cda643c8bd5fac0d7c3223bfae16c679205c49ee05fe838&,404
https://cdn.discordapp.com/attachments/1275161019777286306/1275161744788029480/4mhm_settings.rar?ex=670c136b&is=670ac1eb&hm=79ca79ffd3354dd32dcb508e8ace6c4faf6ad74ed5507c9f97de88f5854e8973&,404
https://cdn.discordapp.com/attachments/1277328137901834301/1294758582201352312/OnlineFix64.dll?ex=670c2d65&is=670adbe5&hm=dc7f593d8c2ccceac8a1a7909f282191a89ab7b09b7809d64ad37ab376a16995&,404
https://cdn.discordapp.com/attachments/1283835472929620040/1291887407565897820/InformaalFrog_AV_Macro_v0.2.0.zip?ex=670c4768&is=670af5e8&hm=f934909bc90b3dde14ce0cf1e537a98be9748be5ef16b99daefea9442355908d&,404
https://cdn.discordapp.com/attachments/1071360450752684093/1284581448401027092/iplookup.exe?ex=670c1133&is=670abfb3&hm=b8798881a93e331bba40a86faa188124b729f3de6f51ab64ed3d4da80a997330&,404
https://cdn.discordapp.com/attachments/1242908028521549954/1294851357739712586/recode.tan.dll?ex=670c83cc&is=670b324c&hm=d12b504ebf18a42fc32731e0b36b919410aa6f4229a0d7ac79b762f2d59bc1a2&,404
https://cdn.discordapp.com/attachments/1274470961990602823/1294747919202648135/12-10-2024_x1VU07DU3LS4O41.zip?ex=670c2377&is=670ad1f7&hm=d6180e8186fe9bb45db2b7d18c385daa2fb6147c1c66fb629fbe39ece1851986&,404
https://cdn.discordapp.com/attachments/1294745020401717329/1294745575467515996/OGYS_MACRO.exe?ex=670c2148&is=670acfc8&hm=a51a7fc2b2407aa19e6e89a41e317ba6c89544aa6228d1d5c61183ba40177f17&,404
https://cdn.discordapp.com/attachments/1292363349061013598/1292367059266699294/LunarAccountTool.exe?ex=670c0bdd&is=670aba5d&hm=97895d779eb906af9ab38349ce732f7c628489e7598f2bebbb6d309527fce18e&,404
https://cdn.discordapp.com/attachments/1294726150165102775/1294749820069875832/Tz_crack.rar?ex=670c253c&is=670ad3bc&hm=ee7b65d5b6b5b174c6a012e64e966939f068f69c20752157d17ef19db67d92d2&,404
https://cdn.discordapp.com/attachments/1294410273716699136/1294413389644435508/Blank-Grabber-main_2.zip?ex=670c3d69&is=670aebe9&hm=c0e254b3e50e593824de506260af7d9aca033c02e1e22ddfb4afc339c33f1989&,404
https://cdn.discordapp.com/attachments/1287433345894060083/1294343218728534106/ld_protected_1.exe?ex=670bfc0f&is=670aaa8f&hm=52244abc5fe8398ca0832a3477273b9e3f3907dce44f87a8ce5f3df372c85b49&,404
https://cdn.discordapp.com/attachments/1294703410142248990/1294703839148249098/Nunes_Aim_Rage.exe?ex=670bfa69&is=670aa8e9&hm=28926c4ff6c5ab82b9f2ce7fd8552e20fe9dc183fcf49d43b2f36c1e92cc2ab7&,404
https://cdn.discordapp.com/attachments/1256928940262559766/1294701801022423071/Rust_Cheat.exe?ex=670bf883&is=670aa703&hm=effb29cba024f9c53a3ad1bb6bc94753814606b8d9df607d96468264902ec64e&,404
https://bitbucket.org/rulmerurk/ertertqw/downloads/po06.txt,404
https://bitbucket.org/stayskypka/newrepo/downloads/DocuSign.exe,404
https://bitbucket.org/312351234123/12312312412adsada/downloads/Fniwjwdndav.vdf,401
https://bitbucket.org/312351234123/12312312412adsada/downloads/Azjzadqze.pdf,401
https://bitbucket.org/312351234123/12312312412adsada/downloads/Tibadeefyn.vdf,401
https://bitbucket.org/312351234123/12312312412adsada/downloads/Xpkwgjrgadl.vdf,401
https://bitbucket.org/312351234123/12312312412adsada/downloads/Xebgak.mp3,401
https://bitbucket.org/312351234123/12312312412adsada/downloads/Etvter.mp3,401
https://bitbucket.org/312351234123/12312312412adsada/downloads/Llowiyh.wav,401
https://bitbucket.org/312351234123/12312312412adsada/downloads/Gqjmdstn.pdf,401
https://bitbucket.org/312351234123/12312312412adsada/downloads/Gqgxttin.dat,401
https://bitbucket.org/312351234123/12312312412adsada/downloads/Olrqdfgcfcv.wav,401
https://bitbucket.org/312351234123/12312312412adsada/downloads/x86.xll,401
https://bitbucket.org/312351234123/12312312412adsada/downloads/Kxxccbklcj.mp4,401
https://bitbucket.org/312351234123/12312312412adsada/downloads/Jaabiubl.wav,401
https://bitbucket.org/312351234123/12312312412adsada/downloads/Qbjxhmv.pdf,401
https://bitbucket.org/312351234123/12312312412adsada/downloads/Xqzbuxahptc.pdf,401
https://bitbucket.org/312351234123/12312312412adsada/downloads/task.xll,401
https://bitbucket.org/312351234123/12312312412adsada/downloads/Ovsxobjvfv.wav,401
https://bitbucket.org/312351234123/12312312412adsada/downloads/Urilhs.mp3,401
https://bitbucket.org/312351234123/12312312412adsada/downloads/xx64.xll,401
https://bitbucket.org/312351234123/12312312412adsada/downloads/Kpgyslfmx.pdf,401
https://bitbucket.org/312351234123/12312312412adsada/downloads/Jzlvlou.vdf,401
https://bitbucket.org/312351234123/12312312412adsada/downloads/f29218312.zip,401
https://bitbucket.org/312351234123/12312312412adsada/downloads/Whpxgzqsw.mp3,401
https://bitbucket.org/312351234123/12312312412adsada/downloads/Bsiongwgxve.pdf,401
https://bitbucket.org/312351234123/12312312412adsada/downloads/Nxdqf.mp3,401
https://bitbucket.org/312351234123/12312312412adsada/downloads/Bykyssvbad.mp4,401
https://bitbucket.org/312351234123/12312312412adsada/downloads/Fsnvx.pdf,401
https://bitbucket.org/312351234123/12312312412adsada/downloads/mmmps.mp3,401
https://bitbucket.org/312351234123/12312312412adsada/downloads/Kquqq.dat,401
https://bitbucket.org/312351234123/12312312412adsada/downloads/Xfcxiaqwgou.dat,401
https://bitbucket.org/312351234123/12312312412adsada/downloads/Hgjcrxfnz.mp3,401
https://bitbucket.org/312351234123/12312312412adsada/downloads/Pkvloobmwfh.wav,401
https://bitbucket.org/312351234123/12312312412adsada/downloads/Llbodzuyqnk.wav,401
https://bitbucket.org/312351234123/12312312412adsada/downloads/Cbdxmvspznn.mp4,401
https://bitbucket.org/312351234123/12312312412adsada/downloads/1782934.zip,401
https://bitbucket.org/312351234123/12312312412adsada/downloads/Tdiyzinjp.dat,401
https://bitbucket.org/312351234123/12312312412adsada/downloads/5555.zip,401
https://bitbucket.org/312351234123/12312312412adsada/downloads/excel.xlsx,401
https://bitbucket.org/312351234123/12312312412adsada/downloads/cmd.ps1,401
https://bitbucket.org/312351234123/12312312412adsada/downloads/849128312.cmd,401
https://bitbucket.org/superworkspacenb/gerge/downloads/grabber.exe,404
https://bitbucket.org/sheb127/2816rotate/downloads/EasyTour.exe,404
https://bitbucket.org/sheb127/2816rotate/downloads/MyGuests.exe,404
https://bitbucket.org/sheb127/2816rotate/downloads/CoinBaseUpdate.exe,404
https://bitbucket.org/556ghfhgfhgf/sorrentinos888/downloads/csafddfgdfgg.txt,404
https://bitbucket.org/556ghfhgfhgf/sorrentinos888/downloads/dllbackup.txt,404
https://bitbucket.org/556ghfhgfhgf/sorrentinos888/downloads/jjj.txt,404
https://bitbucket.org/556ghfhgfhgf/sorrentinos888/downloads/dllchichi.txt,404
https://bitbucket.org/556ghfhgfhgf/sorrentinos888/downloads/HOPEDLL.txt,404
https://bitbucket.org/556ghfhgfhgf/sorrentinos888/downloads/PEHOPE.txt,404
https://cdn.discordapp.com/attachments/1128590012196323418/1130426239103021116/d3d10.dll?ex=670cdff9&is=670b8e79&hm=feb51fdb6e7bd3fb1e220204e1d339d7714ce0be0ebd613a7932b8c077ef68c1&,404
https://cdn.discordapp.com/attachments/1286410522656247930/1294904146813517836/zapret-win-bundle-master.zip?ex=670cb4f6&is=670b6376&hm=4b9184c1af755184b6c4328cbc56fb96b4ebb360f7949208b05d4ce0b7f81c58&,404
https://cdn.discordapp.com/attachments/1294417693801189386/1294768227334885457/win64help.dll?ex=670c3661&is=670ae4e1&hm=34e9d9802f25be6669092bd636fdec89da344d630c1feed0501755a57d63d928&,404
https://cdn.discordapp.com/attachments/1094623651388735512/1294961168217014325/NOScript_V1.35_Optimization_Program.exe?ex=670cea11&is=670b9891&hm=ef0c18bb613bbf2531ff91f08d378787965d64e2e6c1999a8028027b37a26526&,404
https://cdn.discordapp.com/attachments/1294132057408143461/1294759032963338240/Solar_Beta.dll?ex=670cd690&is=670b8510&hm=7de3e375051b0444b9c8262a86018ba78643ee94455cc22dc6d3f71ab514350f&,404
https://cdn.discordapp.com/attachments/1242908028521549954/1294944463315140699/recode.tan.dll?ex=670cda82&is=670b8902&hm=1619df5720aa3617f6de0de6322140f91b2876f4fc379c9595f90f1f0f9d433e&,404
https://cdn.discordapp.com/attachments/1242908028521549954/1294917783271768117/recode.tan.dll?ex=670cc1a9&is=670b7029&hm=23fcd016796fba297269b86ac9053bba9488f20d0701860566713ad45fc560b3&,404
https://cdn.discordapp.com/attachments/1242908028521549954/1294944334591823953/recode.tan.dll?ex=670cda64&is=670b88e4&hm=315d7ad3a9364eb41b384dd56ee8ebf687c268431e217989f742d3e403f3fcd1&,404
https://cdn.discordapp.com/attachments/1170852733633441792/1294649385002729483/VxV_Pad_2_V1.dll?ex=670c7072&is=670b1ef2&hm=160a359bb436a70dccae393a31c0c446fb42abb66b87d8d999d8f57f77995495&,404
https://cdn.discordapp.com/attachments/1146180038979506257/1248262806869114880/nOjRmu66yYy4.exe?ex=670d1854&is=670bc6d4&hm=b547ab60dd344d05dcf3261e1e0ef191ab18d1671a7912e48019f9801c03b1c6&,404
https://cdn.discordapp.com/attachments/1293585587353419776/1293991018248536064/RezWareUpdater.exe?ex=670cae4b&is=670b5ccb&hm=6b7767e2959bba7239b160100573375d95ac04f204f064ca6d9161caf5dd4d0e&,404
https://cdn.discordapp.com/attachments/1294960192546406511/1294961297720606760/Hellion.exe?ex=670cea30&is=670b98b0&hm=4f7665cca7ce690d93371e135e7a55f274a942371cf86079ab5759d8c334f6dc&,404
https://cdn.discordapp.com/attachments/1210206826130579486/1229808551564808192/OverSwift.zip?ex=670c8937&is=670b37b7&hm=5467f43337b87ac2911a522ce70b798ca83f46c3d26b2ef6cccf726d6284365e&,404
https://cdn.discordapp.com/attachments/1221499685605474386/1275090842452885656/kiddionsmodmenu.comv1.0.1.zip?ex=670c7a22&is=670b28a2&hm=63edeadb4f08c8b6d6856ec1d823636767e0c965dddcae530a3365261ad0e1db&,404
https://cdn.discordapp.com/attachments/1292905697662468196/1294975312979034132/ST_External_Loader.exe?ex=670cf73e&is=670ba5be&hm=df6fdb38f0b871dad38a238a90c3a5082232e6b3dece3fde2cfe260f368e31c7&,404
https://cdn.discordapp.com/attachments/1248964140664361013/1248966640318681139/Solara-main.zip?ex=670d04d3&is=670bb353&hm=305c4e5eb30b20bcb3427cccb57549de78efb6177fd44116c52622fda053e640&,404
https://cdn.discordapp.com/attachments/1288148994022703176/1288194058400960604/fivemextril.rar?ex=670caf75&is=670b5df5&hm=7b3879089db49460e48d41346758023edfc55e93b8d6a610286cb2443ece44aa&,404
https://cdn.discordapp.com/attachments/1268641353307521130/1294976423769018428/S0FTWARE.exe?ex=670cf846&is=670ba6c6&hm=ef0accaede7e828a27212ae4a123c9fb037408be859efe1d4c509beb514da77b&,404
https://cdn.discordapp.com/attachments/1294849288169324608/1294928780283871253/JJSploit_8.6.0_x64-setup.exe?ex=670ccbe7&is=670b7a67&hm=d53dd5960ada634306bc9c7c1ab192de1e5c0f74588d76741f8640cc5f1535e4&,404
https://cdn.discordapp.com/attachments/1291005636531720192/1294370837440364604/build-3.0.2.rar?ex=670cbe87&is=670b6d07&hm=a9ba48bdf55441ab63b0324ba9e41473ea56db58bc0f395cf8e331f8bfe14c20&,404
https://cdn.discordapp.com/attachments/1292492515546497107/1294642793238499459/FreeMenuF7.exe?ex=670c6a4f&is=670b18cf&hm=708940c07a26aaf3672b4ecc443356a73d7db9284ddace557e866ab656ed23b4&,404
https://cdn.discordapp.com/attachments/1285937461213659209/1285938532954800128/OPSCARZ_PACK_MACRO.rar?ex=670d0c95&is=670bbb15&hm=7e0c26c86b5164b621a4f9047298c231a7eb523a310318605f97bb4890d60899&,404
https://cdn.discordapp.com/attachments/1293129724532625421/1293131838625288265/FULL_OPTION.exe?ex=670cd9df&is=670b885f&hm=f96f5f9cd851186ea91a8a05f51a220521262d9876beec33e33c76c4a2ca748b&,404
https://cdn.discordapp.com/attachments/1143910404850991104/1269546229763932230/WyWyLauncher.rar?ex=670cbd90&is=670b6c10&hm=65be634d950e2e1c2e0fabcd2be91567f60c8211755c4a781fe8b37df6329bfc&,404
https://cdn.discordapp.com/attachments/1204471866127818773/1294761794220326912/st3amBYluxy.exe?ex=670cd923&is=670b87a3&hm=9d7dba21c2a8ad22d47f3edba77c4617ddfb3d025ff473df74bdf2b60f0c68d1&,404
https://cdn.discordapp.com/attachments/1282753366694301779/1294738007190147205/AutoHotkey_1.1.37.02_setup.exe?ex=670cc2fb&is=670b717b&hm=570207948fb679469b7570acf604fb6812252590f27dc144fa3a5b51f3576a28&,404
https://cdn.discordapp.com/attachments/1267403265054867548/1294911082300964914/Secret_Weapon.exe?ex=670cbb6c&is=670b69ec&hm=feb7c9be36804118844e1aec332c8da303c7075117314079c8ce1120a330c837&,404
https://cdn.discordapp.com/attachments/1259688862226055269/1294017445190832129/BootstrapperV1.22.exe?ex=670cc6e8&is=670b7568&hm=5aad108a47d483c50bc34a631918f8ca2c2e9fb01f7a494f341cc52e689e823e&,404
https://cdn.discordapp.com/attachments/1258166379819958384/1272335405701664891/TDPremium.exe?ex=670c572f&is=670b05af&hm=19d2e6e42a682825bb03a4f293fdd2ff045d1ff6f47b2d8c133a8baecbdc33cd&,404
https://cdn.discordapp.com/attachments/1209563106120831029/1241691305445163099/Gosu_beta.zip?ex=670ceb24&is=670b99a4&hm=6036d405fae7de4c29fb495c5ceee7e5f859922e92b02a7dc49621afed0deeb4&,404
https://cdn.discordapp.com/attachments/1289643568792604756/1289650326915518475/Bootstrapper.exe?ex=670cb5b6&is=670b6436&hm=287f9d506e66ad9487fb3aa75958646ddd1090c3c3b06db5da8ff1236b8dc07d&,404
https://cdn.discordapp.com/attachments/1282377625511264328/1282378011445956628/BootstrapperV1.18.exe?ex=670c9ed7&is=670b4d57&hm=292b0c57a49ba7bbeec6ee03e4a0dcdee6b39ca9b8590a9eb383ac885ba2f411&,404
https://cdn.discordapp.com/attachments/1294643399508627476/1294941232077738025/Velocity_Zero_Delay.zip?ex=670cd780&is=670b8600&hm=eb9bfc78ee5a6528fed2efe7e8779d99007eeba53b975976228cb75f0396e31c&,404
https://cdn.discordapp.com/attachments/1295018133081296942/1295018820334780508/BootstrapperV1.22.exe?ex=670d1fc3&is=670bce43&hm=82cc392c8dc06fb061b0429d93143d708f8d1227ebbffc146d267b541c518fb8&,404
https://cdn.discordapp.com/attachments/1284571634396823643/1284579226904825978/TDPremium.exe?ex=670cb7e2&is=670b6662&hm=1ebd2975a18b2620ba105e8f87db597566d01766d8d3ad600fa755b8d1919b41&,404
https://cdn.discordapp.com/attachments/1264363640061034506/1281632773920133191/BootstrapperV1.18.exe?ex=670be308&is=670a9188&hm=e08660b2d490e537872b1ae7bf453394aaf4b1070ce632809dc304fc980a43d4&,404
https://cdn.discordapp.com/attachments/1294600908545593397/1294921148399882301/rbx.exe?ex=670cc4cc&is=670b734c&hm=3c647bebfcf01e0dd93e67e212054aa02bc3b2b54a7738168d98490d5192ee3c&,404
https://cdn.discordapp.com/attachments/1294937705549008917/1294951247379697715/Bootstrapper.exe?ex=670ce0d4&is=670b8f54&hm=2a82802c53701f34e2b65f2839816b332bd172dc4d7af580691489ce04c2e6b5&,404
https://cdn.discordapp.com/attachments/1264672332707004526/1288885303301640295/onibye-1.7.3b4.exe?ex=670be77a&is=670a95fa&hm=fc5265c10fd841cd80bdd3634a6d423aa593cc2bf88b81528d2360d60d38b6d0&,404
https://cdn.discordapp.com/attachments/1268546170125422663/1279984335621066824/HorionInjector.exe?ex=670c7b4e&is=670b29ce&hm=827b2d98caf111fe6317988ca765f6ae39449903f30ebb3e9dfa13f1849b67b8&,404
https://cdn.discordapp.com/attachments/904128059937005651/974660216476041226/LoopClicker.rar?ex=670c6fcf&is=670b1e4f&hm=db3ba2cdcbd34517573615ff25d982432c337b5e2d27b83f5dee9c4108ed4b1e&,404
https://cdn.discordapp.com/attachments/1177652746753675275/1295018164303822951/CloudyBtstrp.exe?ex=670d1f26&is=670bcda6&hm=7ca77fc166cef77d3ddd9e69c00c786e96241cb0ca4c5aa9b68e9a98b38ae18a&,404
https://cdn.discordapp.com/attachments/1216581381250093138/1239125624153706516/Superweaponcrack_nohwid.exe?ex=670cd02a&is=670b7eaa&hm=15f5d03c9a43023f5b2365254c1b509b8dc8436dc4dc1c77049a66b84121a907&,404
https://cdn.discordapp.com/attachments/1292306791073321072/1294880495385051208/Rocky2-Patcher.rar?ex=670c9eef&is=670b4d6f&hm=aa4d46f0f3cd8baf31d2518b5a7fe527f1f8ca8dca9c340d1c75e24a45fb4ad6&,404
https://cdn.discordapp.com/attachments/1292284075834343475/1294687100691812352/VigorSinaUpdate.dll?ex=670c9392&is=670b4212&hm=34a01dbc68ac67677038eefba24593001752a7efc6faa020445474b71a5e778a&,404
http://209.141.47.218/main_spc,404
https://codeload.github.com/labs-web3-org/labs-bunny-bet/zip/refs/heads/main,404
https://codeload.github.com/labs-web3-org/Gglab-web/zip/refs/heads/main,404
http://104.168.7.25/xampp/de/nicefornewthingstogetmebackwithnewthinsgs____________seeethedifferentwithnewthingstobeinlinefor________getmebackwithnewthingstobenexttime.doc,404
http://104.168.7.25/350/taskhostw.exe,404
http://43.139.113.17/02.08.2022.exe,404
http://39.106.63.52/02.08.2022.exe,404
http://93.123.85.232/sparc,404
http://93.123.85.232/arm5,404
http://93.123.85.232/arc,404
http://93.123.85.232/sh4,404
http://93.123.85.232/i586,404
http://93.123.85.232/x86_64,404
http://di-nai.com/25r43te22tsqsdf/setup2.exe,404
http://87.121.112.46/nok/mpsl,401
http://167.71.62.50/bot.m68k,404
http://167.71.62.50/bot.x86,404
http://167.71.62.50/bot.sh4,404
http://167.71.62.50/bot.arm,404
http://167.71.62.50/bot.mips,404
http://167.71.62.50/bot.ppc,404
http://167.71.62.50/bot.mpsl,404
http://167.71.62.50/bot.arm6,404
http://167.71.62.50/bot.arm7,404
http://167.71.62.50/bot.arm5,404
http://167.71.62.50/bot.x86_64,404
http://104.168.7.25/450/taskhostw.exe,404
http://104.168.7.25/xampp/ew/wecreatednewthigsforsuccessfulljournecyr________verynicepeoplesetirethigstogoformegreat________________nnicwaytoentreithigntochangewithmegreat.doc,404
https://varietydirectoutlet.com/redro/sasa.gif,406
http://89.190.156.30/lol.mips,404
http://89.190.156.30/arm5,404
http://89.190.156.30/arm7,404
http://89.190.156.30/lol.mpsl,404
http://89.190.156.30/mips,404
http://89.190.156.30/mpsl,404
http://89.190.156.30/arm,404
https://paste.ee/d/KYx3C/0,404
https://pub-26ee9be236b54d0cb1b570a203543b93.r2.dev/outta.txt,403
https://raw.githubusercontent.com/CryptersAndToolsOficial/ZIP/refs/heads/main/DetahNote_J.jpg,404
http://45.143.167.51/55145c8889ec57f2/msvcp140.dll,404
http://45.143.167.51/55145c8889ec57f2/softokn3.dll,404
http://45.143.167.51/55145c8889ec57f2/nss3.dll,404
http://45.143.167.51/55145c8889ec57f2/sqlite3.dll,404
http://45.143.167.51/55145c8889ec57f2/freebl3.dll,404
http://45.143.167.51/55145c8889ec57f2/vcruntime140.dll,404
http://45.143.167.51/55145c8889ec57f2/mozglue.dll,404
https://fevafil.org/1/chrome_93.exe,403
http://app.cumpar-auto-orice-tip.ro/downloads/67065227a0640_rrrrrrrr.exe,404
http://odoo.kseibitools.com/drhbntdenedrhn/2.jpg,404
http://odoo.kseibitools.com/drhbntdenedrhn/rainbow.jpg,404
http://160.22.160.59/sh,404
http://160.22.160.59/sshd,404
http://160.22.160.59/cron,404
http://160.22.160.59/openssh,404
http://160.22.160.59/ntpd,404
http://160.22.160.59/bash,404
http://160.22.160.59/apache2,404
http://160.22.160.59/pftp,404
http://160.22.160.59/ftp,404
http://160.22.160.59/wget,404
https://rartxt41.b-cdn.net/raril4.txt,403
https://wintr41.b-cdn.net/winormil4.zip,403
http://8.222.189.142/02.08.2022.exe,403
http://8.130.117.222/02.08.2022.exe,404
https://wintr4.b-cdn.net/winormil4.zip,403
https://wintx41.b-cdn.net/winil4.txt,403
http://146.70.24.213/do/1654365431.exe,404
http://45.10.243.106/Meningomyelorrhaphy.pfm,502
http://45.10.243.106/Stinavnet.ttf,502
http://45.10.243.106/mycaQjW238.bin,502
http://45.10.243.106/egenproduktions.vbs,502
http://45.10.243.106/wDCsPolhl19.bin,502
http://45.10.243.106/Doktriner.cmd,502
http://45.10.243.106/Speramtozoon.wsf,502
http://45.10.243.106/sxHzTwtCi31.bin,502
http://45.10.243.106/sBaWOqODpQtPTw154.bin,502
http://45.10.243.106/ACATMfnBoqEZPp165.bin,502
http://45.10.243.106/Katalogstrukturen.toc,502
http://45.10.243.106/Kamgavl.xtp,502
http://45.10.243.106/Merchandize.smi,502
http://45.10.243.106/Rottegifte.pfb,502
http://45.10.243.106/Undoing.mix,502
http://45.10.243.106/Papyrotype.psp,502
http://45.10.243.106/Indskudsstningers.smi,502
http://45.10.243.106/Mirrorlike.asd,502
http://45.10.243.106/Octopodous.mso,502
http://45.10.243.106/Paleokinetic.fla,502
http://45.10.243.106/synkrotron.ttf,502
http://45.10.243.106/slsommere.lzh,502
http://45.10.243.106/Lydlsere.csv,502
http://45.10.243.106/Hyphomycetes.mix,502
http://45.10.243.106/pascha.xtp,502
http://45.10.243.106/Blokfljters.ocx,502
http://45.10.243.106/Transportations.asd,502
http://45.10.243.106/Chefsekretrers.psd,502
http://45.10.243.106/Fumatory.emz,502
http://45.10.243.106/Vendisk.mix,502
http://45.10.243.106/Ciwies.cmd,502
http://45.10.243.106/aGUzCY246.bin,502
http://45.10.243.106/YsRPqCNSZs61.bin,502
http://45.10.243.106/DlxyLGUsG221.bin,502
http://45.10.243.106/Fallisk.wsf,502
http://45.10.243.106/JrPlZpvlRycZE79.bin,502
http://45.10.243.106/PPLePJLyMR85.bin,502
http://45.10.243.106/sFJTj87.bin,502
http://45.10.243.106/Smmestinget143.vbs,502
http://45.10.243.106/Productivenesses.cmd,502
http://45.10.243.106/ABvlfBmDUVfnnRBBZlWbOoG110.bin,502
https://paste.ee/d/YBxHH/0,404
https://raw.githubusercontent.com/CryptersAndToolsOficial/ZIP/refs/heads/main/DetahNote_V.jpg,404
https://drive.google.com/uc?export=download&id=1NS59UCTIjTxn4hmeZA5i-2Z5hSGOetwN,404
https://drive.google.com/uc?export=download&id=1d-2jbKhDpEPxVUnFrQ0Ssjb0hBuRG7Po,404
https://drive.google.com/uc?export=download&id=1iJhnoiitQa0hRWlFr2mhHvqbLxgDHTGu,404
https://drive.google.com/uc?export=download&id=1OZdThUlbtWmm7hLrgxEf2ZxQrYsbu6c2,404
https://qu.ax/EJald.js,404
http://122.51.105.218/amd64.exe,404
https://otboiniki-dlia-sten.ru/bitrix/templates/main/js/jquery-3.6.0.min.js,404
https://codeload.github.com/parthmodi152/Web3-Coding-Challenge/zip/refs/heads/main,404
https://bitbucket.org/gdffffffff/ddddd/downloads/aFagbam.txt,404
https://bitbucket.org/fwfsfw/fwf/downloads/idekpFr.txt,404
https://bitbucket.org/fwfsfw/fwf/downloads/cbkdgFi.txt,404
https://bitbucket.org/fwfsfw/fwf/downloads/ofkrIdS.txt,404
https://bitbucket.org/fwfsfw/fwf/downloads/ogjankk.txt,404
https://bitbucket.org/fwfsfw/fwf/downloads/arihpjk.txt,404
https://bitbucket.org/fwfsfw/fwf/downloads/jgIkIpA.txt,404
https://bitbucket.org/fwfsfw/fwf/downloads/fdhjfoi.txt,404
https://bitbucket.org/fwfsfw/fwf/downloads/bgAdIaa.txt,404
https://bitbucket.org/fwfsfw/fwf/downloads/ccSmpkn.txt,404
https://bitbucket.org/fwfsfw/fwf/downloads/pkfabha.txt,404
https://bitbucket.org/fwfsfw/fwf/downloads/pkSfiff.txt,404
https://bitbucket.org/fwfsfw/fwf/downloads/gAFkIkI.txt,404
https://bitbucket.org/fwfsfw/fwf/downloads/bjmnddj.txt,404
https://bitbucket.org/fwfsfw/fwf/downloads/diScmAd.txt,404
https://bitbucket.org/fwfsfw/fwf/downloads/jimokdI.txt,404
https://bitbucket.org/fwfsfw/fwf/downloads/ommnfio.txt,404
https://bitbucket.org/fwfsfw/fwf/downloads/rAbhIbi.txt,404
https://bitbucket.org/fwfsfw/fwf/downloads/ekjddFo.txt,404
https://bitbucket.org/fwfsfw/fwf/downloads/eAIjofm.txt,404
https://bitbucket.org/fwfsfw/fwf/downloads/dAkoimo.txt,404
https://bitbucket.org/fwfsfw/fwf/downloads/hdrnmAg.txt,404
https://bitbucket.org/fwfsfw/fwf/downloads/ikdgmon.txt,404
https://bitbucket.org/fwfsfw/fwf/downloads/frbmedo.txt,404
https://bitbucket.org/fwfsfw/fwf/downloads/kaemorg.txt,404
https://bitbucket.org/fwfsfw/fwf/downloads/kImjhSF.txt,404
https://bitbucket.org/fwfsfw/fwf/downloads/mmmphkd.txt,404
https://bitbucket.org/fwfsfw/fwf/downloads/ocpFiFS.txt,404
https://bitbucket.org/fwfsfw/fwf/downloads/oIgddhk.txt,404
https://bitbucket.org/fwfsfw/fwf/downloads/dgamppp.txt,404
https://bitbucket.org/fwfsfw/fwf/downloads/fAmAmAc.txt,404
https://bitbucket.org/fwfsfw/fwf/downloads/Fegojdp.txt,404
https://bitbucket.org/fwfsfw/fwf/downloads/dAmbFrb.txt,404
https://bitbucket.org/fwfsfw/fwf/downloads/nkcjmik.txt,404
https://bitbucket.org/fwfsfw/fwf/downloads/Frkdgor.txt,404
https://bitbucket.org/fwfsfw/fwf/downloads/fbkffjm.txt,404
https://bitbucket.org/fwfsfw/fwf/downloads/pkijfgS.txt,404
https://bitbucket.org/fwfsfw/fwf/downloads/fegrcei.txt,404
https://bitbucket.org/fwfsfw/fwf/downloads/jIhhgIg.txt,404
https://bitbucket.org/fwfsfw/fwf/downloads/IadpbId.txt,404
https://bitbucket.org/fwfsfw/fwf/downloads/bgApSIa.txt,404
https://bitbucket.org/fwfsfw/fwf/downloads/orcdgan.txt,404
https://bitbucket.org/fwfsfw/fwf/downloads/dgoeprI.txt,404
https://bitbucket.org/fwfsfw/fwf/downloads/jjFFidk.txt,404
https://bitbucket.org/fwfsfw/fwf/downloads/fgmdmdo.txt,404
https://bitbucket.org/fwfsfw/fwf/downloads/mrgkcak.txt,404
https://bitbucket.org/fwfsfw/fwf/downloads/mgiekad.txt,404
https://bitbucket.org/fwfsfw/fwf/downloads/nedrepi.txt,404
https://bitbucket.org/fwfsfw/fwf/downloads/aerISAr.txt,404
https://bitbucket.org/fwfsfw/fwf/downloads/kmmdIdh.txt,404
https://bitbucket.org/fwfsfw/fwf/downloads/habhSfd.txt,404
https://bitbucket.org/fwfsfw/fwf/downloads/Sgckfac.txt,404
https://bitbucket.org/fwfsfw/fwf/downloads/hfgnprF.txt,404
https://bitbucket.org/fwfsfw/fwf/downloads/knSfcpm.txt,404
https://bitbucket.org/fwfsfw/fwf/downloads/ciFcnfn.txt,404
https://bitbucket.org/fwfsfw/fwf/downloads/nkhIapA.txt,404
https://bitbucket.org/fwfsfw/fwf/downloads/bofeFap.txt,404
https://bitbucket.org/fwfsfw/fwf/downloads/Fbddkoh.txt,404
https://bitbucket.org/fwfsfw/fwf/downloads/jeanAfS.txt,404
https://bitbucket.org/fwfsfw/fwf/downloads/pnkgokA.txt,404
https://bitbucket.org/fwfsfw/fwf/downloads/mpkkjga.txt,404
https://bitbucket.org/fwfsfw/fwf/downloads/eAkmian.txt,404
https://bitbucket.org/fwfsfw/fwf/downloads/gbbgndm.txt,404
https://bitbucket.org/fwfsfw/fwf/downloads/iimemrb.txt,404
https://bitbucket.org/fwfsfw/fwf/downloads/jihkkIg.txt,404
https://bitbucket.org/fwfsfw/fwf/downloads/FkFjirc.txt,404
https://bitbucket.org/fwfsfw/fwf/downloads/dAgrnkh.txt,404
https://bitbucket.org/fwfsfw/fwf/downloads/fogdhdg.txt,404
https://bitbucket.org/fwfsfw/fwf/downloads/dSdbkfg.txt,404
https://bitbucket.org/fwfsfw/fwf/downloads/SIrrodb.txt,404
https://bitbucket.org/fwfsfw/fwf/downloads/kmngedd.txt,404
https://bitbucket.org/fwfsfw/fwf/downloads/mkFbddg.txt,404
https://bitbucket.org/fwfsfw/fwf/downloads/gaepSfd.txt,404
https://bitbucket.org/fwfsfw/fwf/downloads/kmFpgch.txt,404
https://bitbucket.org/fwfsfw/fwf/downloads/kpdcFmd.txt,404
https://bitbucket.org/fwfsfw/fwf/downloads/Aodomdk.txt,404
https://bitbucket.org/fwfsfw/fwf/downloads/eacmIeo.txt,404
https://bitbucket.org/fwfsfw/fwf/downloads/oediIjF.txt,404
https://bitbucket.org/fwfsfw/fwf/downloads/bcfeFhe.txt,404
https://bitbucket.org/fwfsfw/fwf/downloads/dokrkpb.txt,404
https://bitbucket.org/fwfsfw/fwf/downloads/fhnkhFp.txt,404
https://bitbucket.org/fwfsfw/fwf/downloads/ekcjkda.txt,404
https://bitbucket.org/fwfsfw/fwf/downloads/oafioFn.txt,404
https://bitbucket.org/fwfsfw/fwf/downloads/cdrirop.txt,404
https://bitbucket.org/fwfsfw/fwf/downloads/mgSkkIf.txt,404
https://bitbucket.org/fwfsfw/fwf/downloads/icopjAo.txt,404
https://bitbucket.org/fwfsfw/fwf/downloads/kcafjdS.txt,404
https://bitbucket.org/fwfsfw/fwf/downloads/rgiiIrf.txt,404
https://bitbucket.org/fwfsfw/fwf/downloads/kgfrmdm.txt,404
https://bitbucket.org/fwfsfw/fwf/downloads/iSeggkh.txt,404
https://bitbucket.org/fwfsfw/fwf/downloads/krFfmnA.txt,404
https://bitbucket.org/fwfsfw/fwf/downloads/nAedeSd.txt,404
https://bitbucket.org/fwfsfw/fwf/downloads/dAghFkd.txt,404
https://bitbucket.org/fwfsfw/fwf/downloads/bfhikFg.txt,404
https://bitbucket.org/fwfsfw/fwf/downloads/kogfbib.txt,404
https://bitbucket.org/fwfsfw/fwf/downloads/IhdgAnh.txt,404
https://bitbucket.org/fwfsfw/fwf/downloads/nkmdpbn.txt,404
https://bitbucket.org/fwfsfw/fwf/downloads/nchdmpk.txt,404
https://bitbucket.org/fwfsfw/fwf/downloads/cbmcefj.txt,404
https://bitbucket.org/fwfsfw/fwf/downloads/cdhhAbd.txt,404
https://bitbucket.org/fwfsfw/fwf/downloads/pmnSihc.txt,404
https://bitbucket.org/fwfsfw/fwf/downloads/jdpggmk.txt,404
https://bitbucket.org/fwfsfw/fwf/downloads/hnigroa.txt,404
https://bitbucket.org/fwfsfw/fwf/downloads/hrdaIkI.txt,404
https://bitbucket.org/fwfsfw/fwf/downloads/hpmdAmj.txt,404
https://bitbucket.org/fwfsfw/fwf/downloads/SgihjFi.txt,404
https://bitbucket.org/fwfsfw/fwf/downloads/AndhhFo.txt,404
https://bitbucket.org/fwfsfw/fwf/downloads/enSrkgf.txt,404
https://bitbucket.org/fwfsfw/fwf/downloads/AcohhFk.txt,404
https://bitbucket.org/fwfsfw/fwf/downloads/IFpIhkd.txt,404
https://bitbucket.org/fwfsfw/fwf/downloads/moedhpA.txt,404
https://bitbucket.org/fwfsfw/fwf/downloads/kFriakr.txt,404
https://bitbucket.org/fwfsfw/fwf/downloads/dSdciAa.txt,404
https://bitbucket.org/fwfsfw/fwf/downloads/nmfaAmd.txt,404
https://bitbucket.org/fwfsfw/fwf/downloads/nknhpgm.txt,404
https://bitbucket.org/fwfsfw/fwf/downloads/kfFhakm.txt,404
https://bitbucket.org/fwfsfw/fwf/downloads/mkpFifI.txt,404
https://bitbucket.org/fwfsfw/fwf/downloads/cajiiSr.txt,404
https://bitbucket.org/fwfsfw/fwf/downloads/nSkkigm.txt,404
https://bitbucket.org/fwfsfw/fwf/downloads/IAAbmkA.txt,404
https://bitbucket.org/fwfsfw/fwf/downloads/mIFdkmF.txt,404
https://bitbucket.org/fwfsfw/fwf/downloads/oFgdeib.txt,404
https://bitbucket.org/fwfsfw/fwf/downloads/cAkemfn.txt,404
https://bitbucket.org/fwfsfw/fwf/downloads/iddmeSA.txt,404
https://bitbucket.org/fwfsfw/fwf/downloads/ipmIdnA.txt,404
https://bitbucket.org/fwfsfw/fwf/downloads/omhIkck.txt,404
https://bitbucket.org/fwfsfw/fwf/downloads/kjSIanF.txt,404
https://bitbucket.org/fwfsfw/fwf/downloads/bpckcmf.txt,404
https://bitbucket.org/fwfsfw/fwf/downloads/Ajidkhm.txt,404
https://bitbucket.org/fwfsfw/fwf/downloads/Fmbfgmm.txt,404
https://bitbucket.org/fwfsfw/fwf/downloads/knimdhk.txt,404
https://bitbucket.org/fwfsfw/fwf/downloads/rjkrfan.txt,404
https://bitbucket.org/fwfsfw/fwf/downloads/ijkmrnn.txt,404
https://bitbucket.org/fwfsfw/fwf/downloads/pcgocdI.txt,404
https://bitbucket.org/fwfsfw/fwf/downloads/SdmSrgd.txt,404
https://bitbucket.org/fwfsfw/fwf/downloads/imdmmbj.txt,404
https://bitbucket.org/fwfsfw/fwf/downloads/cigmIdp.txt,404
https://bitbucket.org/fwfsfw/fwf/downloads/mdeegki.txt,404
https://bitbucket.org/fwfsfw/fwf/downloads/bonIihr.txt,404
https://bitbucket.org/fwfsfw/fwf/downloads/mkFkakh.txt,404
https://bitbucket.org/fwfsfw/fwf/downloads/fhpFhak.txt,404
https://bitbucket.org/fwfsfw/fwf/downloads/apofdhd.txt,404
https://bitbucket.org/fwfsfw/fwf/downloads/maafafc.txt,404
https://bitbucket.org/fwfsfw/fwf/downloads/pdrfpek.txt,404
https://bitbucket.org/fwfsfw/fwf/downloads/madhiir.txt,404
https://bitbucket.org/gdffffffff/ddddd/downloads/img_test.jpg,404
https://cdn.discordapp.com/attachments/1278132141569347625/1278136260162224211/chrono_unknowncheats.me_.zip?ex=67086527&is=670713a7&hm=1de22c9a84c05b95f2dee43f39c26195aeae9120ea2425efc7312017b6a130fc&,404
https://cdn.discordapp.com/attachments/1279749282286669876/1279775673157812244/Bootstrapper.exe?ex=670915f9&is=6707c479&hm=0ad19cc7801c5fec4eba396ebb9f5646438fc77778fa15c36184c64d88f5dad3&,404
https://cdn.discordapp.com/attachments/1239266558262509760/1293296326787862558/Bootstrapper.exe?ex=6708d5d0&is=67078450&hm=acdabd0617c73ced7186d72361179cd67e801eac04bf7f97fa54f8291e392b4c&,404
https://cdn.discordapp.com/attachments/1284693423449968711/1293348943606059118/Rise_Bootstrapper_1.exe?ex=67085e11&is=67070c91&hm=757cd853a1842b25b1f72dd38c2c7275d78ca2b40a9dcaeaac6672171cefefe8&,404
https://cdn.discordapp.com/attachments/1043703784267857992/1293703586072498186/BootstrapperV1.11.exe?ex=670856da&is=6707055a&hm=5d868e7d617a446990afecec8ab3b517768fa7e66f692ecad49553b223336798&,404
https://cdn.discordapp.com/attachments/1287014781672230986/1287014803608567919/UB_Clicker.exe?ex=67086530&is=670713b0&hm=7e225ce7df504d670dc25db5b93c1543c87dd5b19e2b88210ff06eb3e34ab885&,404
https://paste.ee/d/GmwOa/0,404
https://paste.ee/d/UntF7/0,429
https://paste.ee/d/dlkZn/0,429
https://paste.ee/d/rnLkl/0,429
https://paste.ee/d/ujnaD/0,429
https://paste.ee/d/sRWx7/0,429
https://paste.ee/d/A2fG2/0,404
http://eficienciaeningenieria.com.mx/vnkl/ng5th.exe,403
http://46.8.229.59/thebig/getlab.exe,404
https://dl.dropbox.com/scl/fi/r31rawjtbhbj6cmywdgdt/Rechnung01920-09808682031602460130.zip?rlkey=i6ljs0l6bu73tpi8wnmxj33cu&dl=0,404
https://www.infomeuae.com/files/file/ex/yourfile.zip,404
https://healthinsuranceinasia.com/Payment_Advice%20.7z,406
https://paste.ee/d/PuExf/0,404
https://pub-6346c84860d5480393a1799fb277dfdc.r2.dev/Retableringens.csv,401
https://pub-6346c84860d5480393a1799fb277dfdc.r2.dev/WkNGudDkTootOHl119.bin,401
http://eficienciaeningenieria.com.mx/ngqwpl/ngown.exe,404
http://eficienciaeningenieria.com.mx/nwaplv/nggeejan22.exe,404
http://160.22.160.59/hiddenbin/boatnet.arm,404
http://103.149.87.69/a/b/la.bot.arm6,500
http://103.149.87.69/a/b/la.bot.arm,500
http://103.149.87.69/a/b/la.bot.mips,500
http://103.149.87.69/a/b/la.bot.mipsel,500
http://103.149.87.69/a/b/la.bot.arm5,500
http://103.149.87.69/a/b/la.bot.sparc,500
http://103.149.87.69/a/b/la.bot.sh4,500
http://103.149.87.69/a/b/la.bot.m68k,500
http://103.149.87.69/a/b/la.bot.powerpc,500
http://103.149.87.69/a/b/la.bot.arm7,500
https://bitbucket.org/89999999999999/acaaaaaaaaa/downloads/DEELELEELELEE.txt,404
https://bitbucket.org/lucianoeasy1/whythefuckareutryingtotrackthishttpdebuggerlol/src/master/lucim.exe,404
https://bitbucket.org/lucianoeasy1/whythefuckareutryingtotrackthishttpdebuggerlol/src/master/route.exe,404
https://bitbucket.org/lucianoeasy1/whythefuckareutryingtotrackthishttpdebuggerlol/src/master/devlimmi.exe,404
https://bitbucket.org/556ghfhgfhgf/sorrentinos888/downloads/chichi.txt,404
https://bitbucket.org/556ghfhgfhgf/sorrentinos888/downloads/dllchttttttttttttttttttttttdgdgdfdfgdgdfichi.txt,404
https://bitbucket.org/556ghfhgfhgf/sorrentinos888/downloads/pechichi.txt,404
https://bitbucket.org/556ghfhgfhgf/sorrentinos888/downloads/cccccttttttttttt666ytccc.txt,404
https://bitbucket.org/coldminusthousand/needheater/downloads/DCRatBuild8.exe,404
https://bitbucket.org/coldminusthousand/needheater/downloads/QkZoHEBKmB.exe,404
https://bitbucket.org/coldminusthousand/needheater/downloads/nemesis_soft.exe,404
https://bitbucket.org/coldminusthousand/needheater/downloads/dheend.exe,404
https://bitbucket.org/coldminusthousand/needheater/downloads/installs.exe,404
https://bitbucket.org/coldminusthousand/needheater/downloads/Hillmen.exe,404
https://bitbucket.org/coldminusthousand/needheater/downloads/DroidcamAppX64.zip,404
https://bitbucket.org/coldminusthousand/needheater/downloads/Installer.exe,404
https://bitbucket.org/coldminusthousand/needheater/downloads/SetupWin32_64.exe,404
https://bitbucket.org/coldminusthousand/needheater/downloads/DroldCamAppx64.rar,404
https://bitbucket.org/coldminusthousand/needheater/downloads/Ndlvxzd.exe,404
https://bitbucket.org/coldminusthousand/needheater/downloads/DCRatBuild127.exe,404
https://bitbucket.org/coldminusthousand/needheater/downloads/TraderBro770.exe,404
https://bitbucket.org/coldminusthousand/needheater/downloads/build123456789.exe,404
https://bitbucket.org/coldminusthousand/needheater/downloads/Miles.exe,404
https://bitbucket.org/coldminusthousand/needheater/downloads/testt.exe,404
https://bitbucket.org/coldminusthousand/needheater/downloads/02.exe,404
https://bitbucket.org/coldminusthousand/needheater/downloads/360_.exe,404
https://bitbucket.org/coldminusthousand/needheater/downloads/111_2023-04-07_08-22.exe,404
https://bitbucket.org/programmerbfh/softbfh/downloads/asdz2.png,404
https://bitbucket.org/programmerbfh/softbfh/downloads/UpdateSSSS.exe,404
https://bitbucket.org/programmerbfh/softbfh/downloads/Updatemmmm.exe,404
https://bitbucket.org/programmerbfh/softbfh/downloads/sdadsasad.png,404
http://onemk3.teracomm.mk/nok/c,404
http://onemk3.teracomm.mk/nok/arm6,404
http://onemk3.teracomm.mk/nok/arm,404
http://onemk3.teracomm.mk/nok/i6,404
http://onemk3.teracomm.mk/nok/arm5,404
http://onemk3.teracomm.mk/nok/x86,404
http://onemk3.teracomm.mk/nok/ppc,404
http://onemk3.teracomm.mk/nok/arc,404
http://onemk3.teracomm.mk/nok/spc,404
http://onemk3.teracomm.mk/nok/m68k,404
http://onemk3.teracomm.mk/nok/arm7,404
http://onemk3.teracomm.mk/nok/i5,404
http://onemk3.teracomm.mk/nok/sh4,404
http://onemk3.teracomm.mk/nok/mips,404
http://onemk3.teracomm.mk/nok/mpsl,404
http://onemk3.teracomm.mk/x.sh,404
http://onemk3.teracomm.mk/c,404
http://onemk3.teracomm.mk/m68k,404
http://onemk3.teracomm.mk/spc,404
http://www.xmsecu.com:8080/ocx/NewActive.exe,404
http://xmsecu.com:8080/ocx/SGD.exe,404
http://xmsecu.com:8080/ocx/NewActive.exe,404
https://360degcrm.com/E_receipt.zip,404
https://ia600102.us.archive.org/32/items/detah-note-v_202410/DetahNote_V.jpg,403
https://paste.ee/d/PgtuZ/0,404
http://topchefsknoxville.com/xy1/teZIghdSDcbnIiLl147.bin,403
http://topchefsknoxville.com/xy2/Wedgiest.inf,403
http://51.79.158.135/bootstrap/testrun.exe,503
http://51.79.158.135/bootstrap/vclib.exe,503
http://51.79.158.135/universal3.ps1,503
http://51.79.158.135/finelib.exe,503
http://51.79.158.135/b.exe,503
http://51.79.158.135/totoro.bat,503
http://51.79.158.135/vclib.exe,503
http://51.79.158.135/Tester.exe,503
http://51.79.158.135/tst.bat,503
http://51.79.158.135/clib.bat,503
http://51.79.158.135/vclib.bat,503
http://91.208.197.238/dao/Lmkarroqsw.wav,404
https://sendeyo.com/get/d/74c0c88dbb,404
http://91.208.197.238/dao/Undmle.wav,404
http://91.208.197.238/dao/standspecificpro.zip,404
http://104.168.32.125/333/CCRNC.txt,404
http://104.168.32.125/333/picturewithgreatwithnewthingsgreat.tIF,404
http://93.123.85.135/d/xd.mpsl,404
http://93.123.85.135/d/xd.arm5,404
http://93.123.85.135/d/xd.m68k,404
http://93.123.85.135/d/xd.arm,404
http://93.123.85.135/d/xd.arm6,404
http://93.123.85.135/d/xd.mips,404
http://93.123.85.135/d/xd.sh4,404
http://93.123.85.135/d/xd.ppc,404
http://93.123.85.135/d/xd.x86,404
http://93.123.85.135/d/xd.arm7,404
http://93.123.85.135/UNK9LL48L3/UNKILLABLE.mips,404
http://93.123.85.135/UNK9LL48L3/UNKILLABLE.x86,404
http://93.123.85.135/UNK9LL48L3/UNKILLABLE.m68k,404
http://93.123.85.135/UNK9LL48L3/UNKILLABLE.arm5,404
http://93.123.85.135/UNK9LL48L3/UNKILLABLE.mpsl,404
http://93.123.85.135/UNK9LL48L3/UNKILLABLE.sh4,404
http://93.123.85.135/UNK9LL48L3/UNKILLABLE.arm7,404
http://93.123.85.135/UNK9LL48L3/UNKILLABLE.arm,404
http://93.123.85.135/UNK9LL48L3/UNKILLABLE.arm6,404
http://93.123.85.135/UNK9LL48L3/UNKILLABLE.ppc,404
https://www.mediafire.com/file/dgz61cd9e3hqfjv/PURCHASE+ORDER+CONFIRMATION.lzh/file,404
https://pub-de54c57fa00a4fc9bf03d703b5458f02.r2.dev/installer.exe,403
https://scaleyou.com.br/chrome93.exe,404
http://104.168.32.125/333/nu/seethebestthingswithnewcreatedthingswithgreatunderstandingforeverybodytogivewithbestthingstoseethegreatthingsinthisrealthingsgonowwithme________itsagreatthignsfor.doc,404
http://83.168.107.94/skid.arm6,404
http://86.121.113.85:1304/sshd,404
http://86.121.113.72:1035/sshd,404
http://86.121.113.72:1034/sshd,404
http://86.121.113.12:1031/sshd,404
http://86.127.104.61:1305/sshd,404
http://86.127.104.61:1308/sshd,404
http://86.127.104.61:1307/sshd,404
http://83.168.107.94/Y91/zte,404
http://83.168.107.94/Y91/ppc,404
http://83.168.107.94/Y91/mips,404
http://83.168.107.94/Y91/arm,404
http://83.168.107.94/Y91/arm5,404
http://83.168.107.94/Y91/mpsl,404
http://83.168.107.94/skid.sh,404
http://83.168.107.94/Y91/m68k,404
http://83.168.107.94/Y91/yarn,404
http://83.168.107.94/Y91/rtk,404
http://83.168.107.94/Y91/spc,404
http://83.168.107.94/Y91/root,404
http://83.168.107.94/Y91/x86,404
http://83.168.107.94/Y91/arm7,404
http://83.168.107.94/Y91/sh4,404
http://83.168.107.94/Y91/arm6,404
http://62.133.61.6/444/niceworkingmethodofthisnewpro.tIF,403
http://62.133.61.6/444/ZEXRRZ.txt,403
http://104.168.7.8/510/RN/creambananacakegoodforladieswholovethebananasametimesheknowtheveryniceideadslawyasgetbackgreatthingswithme____securethingsareinthr.doc,404
http://104.168.32.125/222/RNBBC.txt,404
http://104.168.7.8/510/niceworkwithpcitureupdateson.tIF,404
http://62.133.61.6/444/xm/seethebestthingswhichreallzworkedetterwaztogeteverzthinggreatformeseethebestproductievermeetinthisworldseethebestthings.doc,403
http://182.239.84.89:8080/sshd,404
http://178.183.136.35:8083/sshd,404
http://182.239.84.156:8080/sshd,404
http://89.35.233.220:8081/sshd,404
http://61.88.92.150:8000/sshd,404
http://123.200.178.82:8080/sshd,404
http://123.200.178.82:8081/sshd,404
http://123.200.177.172:8081/sshd,404
http://123.200.177.172:8080/sshd,404
http://83.224.132.89/sshd,401
http://91.80.128.227/sshd,404
http://46.24.237.234:8012/sshd,404
http://188.147.165.187:1083/sshd,404
http://188.147.165.187:1082/sshd,404
http://178.183.171.233:8085/sshd,404
http://94.246.145.56:8051/sshd,404
http://81.19.160.15/bot.sh4,404
http://81.19.160.15/bot.arm,404
http://192.227.146.254/anaconda-arm6,404
http://192.227.146.254/anaconda-mipsel,404
http://192.227.146.254/anaconda-x86,404
http://192.227.146.254/anaconda-arm4,404
http://192.227.146.254/anaconda-mips,404
http://81.19.160.15/bot.ppc,404
http://192.227.146.254/anaconda-m68k,404
http://81.19.160.15/bot.m68k,404
http://192.227.146.254/anaconda-sparc,404
http://81.19.160.15/bot.arm7,404
http://81.19.160.15/bot.mips,404
http://81.19.160.15/bot.arm5,404
http://192.227.146.254/anaconda-i586,404
http://192.227.146.254/anaconda-sh4,404
http://192.227.146.254/anaconda-i686,404
http://192.227.146.254/anaconda-arm5,404
http://192.227.146.254/anaconda-ppc,404
http://192.227.146.254/deltahaxsyeaok.sh,404
http://159.203.225.195/KillEmAll.scr,404
http://81.19.160.15/bot.mpsl,404
http://81.19.160.15/bot.x86,404
http://81.19.160.15/bot.arm6,404
http://188.147.165.187:1084/sshd,404
http://47.95.179.246/ip.bat,404
http://101.133.219.243:59999/help.scr,404
http://87.249.142.126:60800/Photo.scr,501
http://87.227.140.66:9999/Photo.scr,501
http://116.62.160.61:14319/help.scr,404
http://116.62.160.61:81/help.scr,404
http://47.104.233.213:8072/help.scr,404
http://217.92.214.15:8088/Photo.scr,501
http://211.220.36.213/Photo.scr,404
http://39.108.237.194/help.scr,404
http://173.163.6.4:5055/help.scr,501
http://14.42.14.216:8602/Photo.scr,404
http://85.163.234.15/Photo.scr,501
http://117.50.184.22:8888/supershell/compile/download/%5Bwin,407
http://turcu-remixerr-api-test.yuno.dev/arm7,404
http://turcu-remixerr-api-test.yuno.dev/x86_64,404
http://turcu-remixerr-api-test.yuno.dev/arm,404
http://turcu-remixerr-api-test.yuno.dev/sh4,404
http://turcu-remixerr-api-test.yuno.dev/arm6,404
http://turcu-remixerr-api-test.yuno.dev/mips,404
http://turcu-remixerr-api-test.yuno.dev/arm5,404
http://turcu-remixerr-api-test.yuno.dev/i686,404
http://turcu-remixerr-api-test.yuno.dev/mipsel,404
http://turcu-remixerr-api-test.yuno.dev/i586,404
http://158.220.114.75/i686,404
http://158.220.114.75/sh4,404
http://158.220.114.75/mips,404
http://158.220.114.75/x86_64,404
http://158.220.114.75/arm6,404
http://158.220.114.75/mipsel,404
http://158.220.114.75/i586,404
http://158.220.114.75/arm,404
http://158.220.114.75/arm5,404
http://158.220.114.75/arm7,404
http://60.205.226.146/i,404
http://122.51.181.175/i,404
http://143.198.123.32/i,404
http://120.53.93.212/i,404
http://209.141.47.218/bot.ppc,404
http://209.141.47.218/bot.m68k,404
http://209.141.47.218/bot.arm,404
http://209.141.47.218/bot.x86_64,404
http://209.141.47.218/bot.sh4,404
http://209.141.47.218/bot.mips,404
http://209.141.47.218/bot.arm5,404
http://209.141.47.218/bot.mpsl,404
http://209.141.47.218/bot.spc,404
http://209.141.47.218/bot.arm6,404
http://209.141.47.218/bot.x86,404
http://120.53.93.212/02.08.2022.exe,404
http://209.141.47.218/bot.arm7,404
http://162.215.219.200/bash,404
http://162.215.219.200/ntpd,404
http://162.215.219.200/openssh,404
http://162.215.219.200/apache2,404
http://162.215.219.200/cron,404
http://162.215.219.200/pftp,404
http://162.215.219.200/wget,404
http://162.215.219.200/ftp,404
http://162.215.219.170/bash,404
http://162.215.219.170/ftp,404
http://162.215.219.200/%5bcpu%5d,404
http://162.215.219.170/cron,404
http://162.215.219.170/apache2,404
http://162.215.219.170/ntpd,404
http://162.215.219.170/openssh,404
http://162.215.219.170/wget,404
http://162.215.219.170/pftp,404
http://162.215.219.170/ktn.armv7l,404
http://162.215.219.170/sh,404
http://162.215.219.200/sshd,404
http://162.215.219.200/tftp,404
http://162.215.219.170/sshd,404
http://162.215.219.170/tftp,404
http://162.215.219.200/sh,404
http://122.51.181.175/02.08.2022.exe,404
https://pub-2f7d07153ea1403184d62266d9c28e41.r2.dev/BEkfITzYaj231.bin,403
https://pub-2f7d07153ea1403184d62266d9c28e41.r2.dev/nedkoge.mso,403
http://172.86.66.70/y3/Cfyyzm.mp3,404
http://172.86.66.70/y3/Lvvgdggrdc.pdf,404
http://172.86.66.70/y3/Tzxjiauolcg.mp3,404
http://172.86.66.70/y3/Rtmwpufwn.dat,404
http://172.86.66.70/y3/Oewaulkw.vdf,404
http://172.86.66.70/3y/Afnwbjcjzu.pdf,404
http://172.86.66.70/3y/Jqyqygtseb.mp3,404
http://172.86.66.70/3y/Sgoiknyavh.vdf,404
http://172.86.66.70/3y/Cykoojrm.vdf,404
http://172.86.66.70/y3/Szfehxvqzpe.mp4,404
http://172.86.66.70/y3/Jyleprip.pdf,404
http://172.86.66.70/3y/doci.exe,404
http://172.86.66.70/y3/Dpriygkgygc.wav,404
http://172.86.66.70/y3/Ytwqwkbwu.vdf,404
http://172.86.66.70/y3/Gychgvd.mp4,404
http://172.86.66.70/y3/Lusnteor.mp3,404
http://172.86.66.70/y3/Qypss.vdf,404
http://paste.ee/d/aOiom,404
http://paste.ee/d/qibQ8,429
https://bitbucket.org/hgtbvfd11/123aqd/downloads/S0FTWARE.rar,404
https://bitbucket.org/hgtbvfd11/123aqd/downloads/NewApp.exe,404
https://paste.ee/d/UjJnT/0,404
https://bitbucket.org/hgtbvfd11/123aqd/downloads/Updater.exe,404
https://raw.githubusercontent.com/werihes/lunertsq/refs/heads/main/afhksefkrhar.exe,404
https://github.com/werihes/lunertsq/raw/refs/heads/main/afhksefkrhar.exe,404
https://www.howmuchisit.org/wp-content/plugins/and-antibounce/redirector.php?url=///cutt%2ely%2FHeOKlUkl#55_4h8YU2,404
https://www.howmuchisit.org/wp-content/plugins/and-antibounce/redirector.php?url=///cutt.ly/HeOKlUkl#55_4h8YU2,404
https://www.howmuchisit.org/wp-content/plugins/and-antibounce/redirector.php?url=///cutt%2ely%2FleOKzWy7#_ToI6QQqt,404
https://www.howmuchisit.org/wp-content/plugins/and-antibounce/redirector.php?url=///cutt.ly/XeOKlZFG#5HpiTR-K0,404
https://www.howmuchisit.org/wp-content/plugins/and-antibounce/redirector.php?url=///cutt%2ely%2FXeOKlZFG#5HpiTR-K0,404
https://piregwan-genesis.com/liens/redirect.php?url=///cutt%2ely%2FleOKzWy7#_WPimd0m,404
https://www.semfirms.com/goto?nid=207429&type=profile&url=///cutt%2ely%2FXeOKlZFG#-Q0uxLo,404
https://asiadesignprize.com/redirect.php?url=///cutt%2ely%2FHeOKlUkl#L1kF_573L,404
https://direkte-sexkontakte.com/wp-content/plugins/AND-AntiBounce/redirector.php?url=///cutt%2ely%2FXeOKlZFG#5Do-vDo,404
https://impdf.com/redirect.php?url=///cutt.ly/XeOKlZFG#Fz7DwP_2H,403
https://impdf.com/redirect.php?url=///cutt%2ely%2FleOKzWy7#OOld1j-o,403
https://piregwan-genesis.com/liens/redirect.php?url=///cutt.ly/XeOKlZFG#_Bv7uMA,404
https://asiadesignprize.com/redirect.php?url=///cutt%2ely%2FSeOKzVg8#GC6W-mi6,404
https://asiadesignprize.com/redirect.php?url=///cutt%2ely%2FleOKzWy7#96-SiBCfi,404
https://asiadesignprize.com/redirect.php?url=///cutt.ly/SeOKzVg8#GC6W-mi6,404
https://asiadesignprize.com/redirect.php?url=///cutt.ly/WeOKzDzI#c91wV7_Wg,404
https://impdf.com/redirect.php?url=///cutt%2ely%2FHeOKlUkl#xa_Z4DJFo,403
https://piregwan-genesis.com/liens/redirect.php?url=///cutt.ly/leOKzWy7#_WPimd0m,404
https://asiadesignprize.com/redirect.php?url=///cutt.ly/leOKzWy7#96-SiBCfi,404
https://asiadesignprize.com/redirect.php?url=///cutt%2ely%2FWeOKzDzI#c91wV7_Wg,404
https://tinfoil.io/Home/Bounce/?url=///cutt%2ely%2FWeOKzDzI#Z_6trob,404
https://piregwan-genesis.com/liens/redirect.php?url=///cutt.ly/WeOKzDzI#_o2R899,404
https://tinfoil.io/Home/Bounce/?url=///cutt%2ely%2FleOKzWy7#06vV-JLb,404
https://promportal.info/jump.php?url=///cutt%2ely%2FWeOKzDzI#uF_nWz6Yc,404
https://government.economictimes.indiatimes.com/redirect.php?url=///cutt.ly/HeOKlUkl#3LBj_Rdc,403
https://www.msi-vs-pmi.com/redirect.php?url=///cutt.ly/WeOKzDzI#3Uy---DEt,404
https://www.msi-vs-pmi.com/redirect.php?url=///cutt%2ely%2FWeOKzDzI#3Uy---DEt,404
https://tinfoil.io/Home/Bounce/?url=///cutt%2ely%2FSeOKzVg8#0URsin-Q,404
https://impdf.com/redirect.php?url=///cutt%2ely%2FXeOKlZFG#Fz7DwP_2H,403
https://piregwan-genesis.com/liens/redirect.php?url=///cutt%2ely%2FHeOKlUkl#60n5_TZyl,404
https://tinfoil.io/Home/Bounce/?url=///cutt%2ely%2FXeOKlZFG#9_nIIVk,404
https://promportal.info/jump.php?url=///cutt.ly/WeOKzDzI#uF_nWz6Yc,404
https://promportal.info/jump.php?url=///cutt%2ely%2FSeOKzVg8#fu8D_ORw,404
https://impdf.com/redirect.php?url=///cutt.ly/HeOKlUkl#xa_Z4DJFo,403
https://promportal.info/jump.php?url=///cutt.ly/SeOKzVg8#fu8D_ORw,404
https://tinfoil.io/Home/Bounce/?url=///cutt.ly/SeOKzVg8#0URsin-Q,404
https://www.msi-vs-pmi.com/redirect.php?url=///cutt%2ely%2FleOKzWy7#qX_53pB,404
https://www.semfirms.com/goto?nid=207429&type=profile&url=///cutt%2ely%2FHeOKlUkl#Sf-3UZW,404
https://www.semfirms.com/goto?nid=207429&type=profile&url=///cutt%2ely%2FWeOKzDzI#_bE0pf8em,404
https://www.semfirms.com/goto?nid=207429&type=profile&url=///cutt.ly/WeOKzDzI#_bE0pf8em,404
https://direkte-sexkontakte.com/wp-content/plugins/AND-AntiBounce/redirector.php?url=///cutt%2ely%2FSeOKzVg8#_NOi5yhe,404
https://www.semfirms.com/goto?nid=207429&type=profile&url=///cutt.ly/SeOKzVg8#6a-YeJf,404
https://government.economictimes.indiatimes.com/redirect.php?url=///cutt%2ely%2FHeOKlUkl#3LBj_Rdc,403
https://government.economictimes.indiatimes.com/redirect.php?url=///cutt%2ely%2FSeOKzVg8#_wJK0thq,403
https://impdf.com/redirect.php?url=///cutt%2ely%2FWeOKzDzI#1q-7I5yis,403
https://government.economictimes.indiatimes.com/redirect.php?url=///cutt.ly/SeOKzVg8#_wJK0thq,403
https://n3m6x.app.goo.gl/ne44AektRPdFk1N2A,405
https://bitbucket.org/zdfbhdf/descgas/downloads/remcos.txt,404
https://paste.ee/d/n5aIE/0,404
https://bitbucket.org/89999999999999/acaaaaaaaaa/downloads/RoditaPepepep.txt,404
https://bitbucket.org/89999999999999/acaaaaaaaaa/downloads/Dee6666666666666666lelelelee.txt,404
http://pastebin.com/raw/V9y5Q5vv,403
https://github.com/Dvdf45tyv5y/help/raw/main/help.rar,404
https://paste.ee/d/FgLVi/0,404
https://paste.ee/d/4DMXd/0,404
https://paste.ee/d/qibQ8,404
https://paste.ee/d/aOiom,404
https://bitbucket.org/rulmerurk/ertertqw/downloads/cra2.txt,404
https://bitbucket.org/rulmerurk/ertertqw/downloads/nog.txt,404
https://bitbucket.org/rulmerurk/ertertqw/downloads/sl16.txt,404
https://bitbucket.org/rulmerurk/ertertqw/downloads/sha13.txt,404
https://bitbucket.org/rulmerurk/ertertqw/downloads/bom14.txt,404
https://bitbucket.org/rulmerurk/ertertqw/downloads/rc05.txt,404
https://bitbucket.org/rulmerurk/ertertqw/downloads/unk14.txt,404
https://bitbucket.org/rulmerurk/ertertqw/downloads/el29.txt,404
https://bitbucket.org/rulmerurk/ertertqw/downloads/dn23.txt,404
https://bitbucket.org/rulmerurk/ertertqw/downloads/pa02.txt,404
https://bitbucket.org/rulmerurk/ertertqw/downloads/st20.txt,404
https://bitbucket.org/rulmerurk/ertertqw/downloads/cra3.txt,404
https://bitbucket.org/rulmerurk/ertertqw/downloads/mca5.txt,404
https://bitbucket.org/rulmerurk/ertertqw/downloads/mca3.txt,404
https://bitbucket.org/rulmerurk/ertertqw/downloads/tt03.txt,404
https://bitbucket.org/rulmerurk/ertertqw/downloads/wil25.txt,404
https://bitbucket.org/rulmerurk/ertertqw/downloads/kar22.txt,404
https://bitbucket.org/rulmerurk/ertertqw/downloads/rc01.txt,404
https://bitbucket.org/rulmerurk/ertertqw/downloads/gb25.txt,404
https://bitbucket.org/rulmerurk/ertertqw/downloads/sp06.txt,404
https://bitbucket.org/rulmerurk/ertertqw/downloads/toc22.txt,404
https://bitbucket.org/rulmerurk/ertertqw/downloads/zod14.txt,404
https://bitbucket.org/rulmerurk/ertertqw/downloads/rock13.txt,404
https://bitbucket.org/rulmerurk/ertertqw/downloads/ip19.txt,404
https://bitbucket.org/rulmerurk/ertertqw/downloads/karst.txt,404
https://bitbucket.org/rulmerurk/ertertqw/downloads/zar14.txt,404
https://bitbucket.org/rulmerurk/ertertqw/downloads/soda08.txt,404
https://bitbucket.org/rulmerurk/ertertqw/downloads/pt16.txt,404
https://bitbucket.org/rulmerurk/ertertqw/downloads/in14.txt,404
https://bitbucket.org/rulmerurk/ertertqw/downloads/m513.txt,404
https://bitbucket.org/rulmerurk/ertertqw/downloads/rc09.txt,404
https://bitbucket.org/rulmerurk/ertertqw/downloads/an05.txt,404
https://bitbucket.org/rulmerurk/ertertqw/downloads/au16.txt,404
https://bitbucket.org/rulmerurk/ertertqw/downloads/an19.txt,404
https://bitbucket.org/rulmerurk/ertertqw/downloads/rc12.txt,404
https://bitbucket.org/rulmerurk/ertertqw/downloads/sk20.txt,404
https://bitbucket.org/rulmerurk/ertertqw/downloads/tmp25.txt,404
https://bitbucket.org/rulmerurk/ertertqw/downloads/st05.txt,404
https://bitbucket.org/rulmerurk/ertertqw/downloads/gb20.txt,404
https://bitbucket.org/rulmerurk/ertertqw/downloads/unk16.txt,404
https://bitbucket.org/rulmerurk/ertertqw/downloads/al15.txt,404
https://bitbucket.org/rulmerurk/ertertqw/downloads/kar14.txt,404
https://bitbucket.org/rulmerurk/ertertqw/downloads/mca2.txt,404
https://bitbucket.org/rulmerurk/ertertqw/downloads/bl29.txt,404
https://bitbucket.org/rulmerurk/ertertqw/downloads/mca4.txt,404
https://bitbucket.org/rulmerurk/ertertqw/downloads/se16.txt,404
https://bitbucket.org/rulmerurk/ertertqw/downloads/cra.txt,404
https://bitbucket.org/rulmerurk/ertertqw/downloads/mca.txt,404
https://bitbucket.org/rulmerurk/ertertqw/downloads/p14.txt,404
https://bitbucket.org/rulmerurk/ertertqw/downloads/cra4.txt,404
https://bitbucket.org/rulmerurk/ertertqw/downloads/af10.txt,404
https://bitbucket.org/rulmerurk/ertertqw/downloads/mca25.txt,404
https://bitbucket.org/rulmerurk/ertertqw/downloads/linkopen.txt,404
https://bitbucket.org/rulmerurk/ertertqw/downloads/ke03.txt,404
https://paste.ee/d/XlUYO/0,404
https://paste.ee/d/DjfVC/0,429
https://paste.ee/d/XpEi5/0,404
https://raw.githubusercontent.com/NoDetectOn/NoDetectOn/refs/heads/main/DetahNote_J.txt,404
https://bitbucket.org/nuevldsdslsfasfsaf/tar2/downloads/TarNJ.txt,404
https://fredy.ee/tur.bin,404
https://fredy.ee/turk.bin,404
https://yaseraljazeera.com/trade/d.php,405
https://www.chocoladdict.fr/wp/wp-content/themes/begin5.2/inc/go.php?url=///cutt.ly/NeOQMJ4h#H_7thy-Lp,404
https://www.yocone.com/home/action.logout.php?return=///cutt.ly/OeOQBd8O#x0-LYzr,404
https://www.aperioristo.com/urlredirect.php?go=///cutt%2ely%2FEeOQMfof#_4UbuN8,404
https://www.aperioristo.com/urlredirect.php?go=///cutt.ly/EeOQMfof#iJ97FN_A,404
https://www.aperioristo.com/urlredirect.php?go=///cutt%2ely%2FEeOQMfof#iJ97FN_A,404
https://www.3blmedia.com/track?u=///cutt%2ely%2FOeOQBd8O#-hrPSZ5e,404
https://www.aperioristo.com/urlredirect.php?go=///cutt%2ely%2FxeOQNHmZ#Wp5-W6b,404
https://www.3blmedia.com/track?u=///cutt%2ely%2FNeOQMJ4h#vjSD_j8IP,404
https://www.yocone.com/home/action.logout.php?return=///cutt%2ely%2FgeOQM8tO#_b5Vk66,404
https://oldcardboard.com/pins/pd3/pd3.asp?url=///cutt.ly/xeOQNHmZ#-25eO5t8,502
https://nellen.co.za/scripts/AdClick.php?ID=4&URL=///cutt.ly/xeOQNHmZ#NZ9Bsn-mk,404
https://www.aperioristo.com/urlredirect.php?go=///cutt.ly/geOQM8tO#k_D8msR,404
https://www.valdelsa.net/pubblicita/redirect.asp?Id=157&Url=///cutt.ly/xeOQNHmZ#H1z6_d8J,403
https://www.aperioristo.com/urlredirect.php?go=///cutt.ly/NeOQMJ4h#6Ri_mUG,404
https://oldcardboard.com/pins/pd3/pd3.asp?url=///cutt.ly/geOQM8tO#9WYw_6u0w,502
https://www.3blmedia.com/track?u=///cutt.ly/OeOQBd8O#_fV3DNQ,404
https://www.chocoladdict.fr/wp/wp-content/themes/begin5.2/inc/go.php?url=///cutt%2ely%2FxeOQNHmZ#_45XeGB8T,404
https://www.chocoladdict.fr/wp/wp-content/themes/begin5.2/inc/go.php?url=///cutt%2ely%2FgeOQM8tO#hr03Mp-I,404
https://www.chocoladdict.fr/wp/wp-content/themes/begin5.2/inc/go.php?url=///cutt%2ely%2FEeOQMfof#vs37-5UU,404
https://oldcardboard.com/pins/pd3/pd3.asp?url=///cutt.ly/EeOQMfof#9Hgw-7KH,502
https://oldcardboard.com/pins/pd3/pd3.asp?url=///cutt%2ely%2FOeOQBd8O#39Yu-se00,502
https://www.3blmedia.com/track?u=///cutt%2ely%2FEeOQMfof#B_8omV1,404
https://nellen.co.za/scripts/AdClick.php?ID=4&URL=///cutt%2ely%2FxeOQNHmZ#NZ9Bsn-mk,404
https://oldcardboard.com/pins/pd3/pd3.asp?url=///cutt.ly/OeOQBd8O#39Yu-se00,502
https://oldcardboard.com/pins/pd3/pd3.asp?url=///cutt%2ely%2FgeOQM8tO#9WYw_6u0w,502
https://www.yocone.com/home/action.logout.php?return=///cutt.ly/NeOQMJ4h#u4_FAai,404
https://www.aperioristo.com/urlredirect.php?go=///cutt.ly/OeOQBd8O#0-jLnb4,404
https://www.chocoladdict.fr/wp/wp-content/themes/begin5.2/inc/go.php?url=///cutt%2ely%2FgeOQM8tO#4eW_Pqq,404
https://www.aperioristo.com/urlredirect.php?go=///cutt%2ely%2FgeOQM8tO#k_D8msR,404
https://www.3blmedia.com/track?u=///cutt.ly/xeOQNHmZ#w6Ys5P-u,404
https://www.aperioristo.com/urlredirect.php?go=///cutt%2ely%2FNeOQMJ4h#6Ri_mUG,404
https://www.3blmedia.com/track?u=///cutt%2ely%2FxeOQNHmZ#w6Ys5P-u,404
https://www.chocoladdict.fr/wp/wp-content/themes/begin5.2/inc/go.php?url=///cutt%2ely%2FNeOQMJ4h#H_7thy-Lp,404
https://www.semfirms.com/goto?nid=206061&type=profile&url=///cutt%2ely%2FEeOQMfof#X6-cfJL,404
https://www.3blmedia.com/track?u=///cutt%2ely%2FgeOQM8tO#3IPb-QbO,404
https://nellen.co.za/scripts/AdClick.php?ID=4&URL=///cutt.ly/NeOQMJ4h#Pc_s5OqI-,404
https://www.chocoladdict.fr/wp/wp-content/themes/begin5.2/inc/go.php?url=///cutt.ly/geOQM8tO#hr03Mp-I,404
https://www.valdelsa.net/pubblicita/redirect.asp?Id=157&Url=///cutt%2ely%2FOeOQBd8O#o-4Wmsk,403
https://www.3blmedia.com/track?u=///cutt.ly/EeOQMfof#B_8omV1,404
https://www.yocone.com/home/action.logout.php?return=///cutt%2ely%2FNeOQMJ4h#u4_FAai,404
https://nellen.co.za/scripts/AdClick.php?ID=4&URL=///cutt%2ely%2FgeOQM8tO#c-B6RXf,404
https://www.yocone.com/home/action.logout.php?return=///cutt%2ely%2FNeOQMJ4h#-Coa6aDY2,404
https://oldcardboard.com/pins/pd3/pd3.asp?url=///cutt%2ely%2FNeOQMJ4h#wS6cYB-3,502
https://www.chocoladdict.fr/wp/wp-content/themes/begin5.2/inc/go.php?url=///cutt%2ely%2FOeOQBd8O#1Mt-Rd5,404
https://oldcardboard.com/pins/pd3/pd3.asp?url=///cutt%2ely%2FxeOQNHmZ#-25eO5t8,502
https://www.chocoladdict.fr/wp/wp-content/themes/begin5.2/inc/go.php?url=///cutt.ly/xeOQNHmZ#_45XeGB8T,404
https://www.chocoladdict.fr/wp/wp-content/themes/begin5.2/inc/go.php?url=///cutt.ly/EeOQMfof#vs37-5UU,404
https://oldcardboard.com/pins/pd3/pd3.asp?url=///cutt%2ely%2FEeOQMfof#_wN9JaC,502
https://oldcardboard.com/pins/pd3/pd3.asp?url=///cutt.ly/NeOQMJ4h#wS6cYB-3,502
https://liyinmusic.com/vote/link.php?url=///cutt%2ely%2FxeOQNHmZ#-yq6Iv0D,404
https://liyinmusic.com/vote/link.php?url=///cutt%2ely%2FOeOQBd8O#Rrs14T_4,404
https://liyinmusic.com/vote/link.php?url=///cutt.ly/EeOQMfof#Zq94yy_cu,404
https://liyinmusic.com/vote/link.php?url=///cutt.ly/NeOQMJ4h#X-7smZy,404
https://liyinmusic.com/vote/link.php?url=///cutt%2ely%2FNeOQMJ4h#X-7smZy,404
https://liyinmusic.com/vote/link.php?url=///cutt%2ely%2FgeOQM8tO#-RjD6FKQL,404
https://nellen.co.za/scripts/AdClick.php?ID=4&URL=///cutt%2ely%2FEeOQMfof#a_W80G4,404
https://liyinmusic.com/vote/link.php?url=///cutt%2ely%2FEeOQMfof#Zq94yy_cu,404
https://liyinmusic.com/vote/link.php?url=///cutt.ly/geOQM8tO#-RjD6FKQL,404
https://liyinmusic.com/vote/link.php?url=///cutt.ly/OeOQBd8O#Rrs14T_4,404
https://nellen.co.za/scripts/AdClick.php?ID=4&URL=///cutt%2ely%2FNeOQMJ4h#-X6YP7sL,404
https://nellen.co.za/scripts/AdClick.php?ID=4&URL=///cutt%2ely%2FOeOQBd8O#VK0Ajy_K4,404
https://nellen.co.za/scripts/AdClick.php?ID=4&URL=///cutt%2ely%2FNeOQMJ4h#Pc_s5OqI-,404
https://iyenn.com/index/link?url=///cutt.ly/OeOQBd8O#qVPM_p300,520
https://iyenn.com/index/link?url=///cutt.ly/NeOQMJ4h#f1_h4NDXe,520
https://iyenn.com/index/link?url=///cutt.ly/xeOQNHmZ#2f-PyY7,520
https://iyenn.com/index/link?url=///cutt%2ely%2FgeOQM8tO#9OCI-QrX,520
https://iyenn.com/index/link?url=///cutt%2ely%2FOeOQBd8O#qVPM_p300,520
https://iyenn.com/index/link?url=///cutt%2ely%2FEeOQMfof#LX3XaZ-nD,520
https://iyenn.com/index/link?url=///cutt%2ely%2FxeOQNHmZ#2f-PyY7,520
https://iyenn.com/index/link?url=///cutt%2ely%2FNeOQMJ4h#f1_h4NDXe,520
https://iyenn.com/index/link?url=///cutt.ly/EeOQMfof#G_-0qk8xE,520
https://tmpfiles.org/dl/13837939/dtccj.exe,404
https://pastebin.com/raw/ra66DSpa,403
https://finers.s3.amazonaws.com/utility-installer.exe,403
https://pullride.com/sent.exe,404
https://rentry.co/etw4kxaq/raw,404
https://pastebin.com/raw/tMREqVW0,403
https://pastebin.com/raw/wSVyC8FY,403
https://cdn.discordapp.com/attachments/1290400903781945540/1291223418133545050/Trojan_Construction_Group_Tender_9689.pdi?ex=66ff5104&is=66fdff84&hm=608e0a67635a5c4e1c3a7ea623f0556e1e33b0825a58da71a731605c935dbb3b&,404
http://124.222.57.94/02.08.2022.exe,404
http://185.216.119.38/02.08.2022.exe,404
http://1.14.67.242/02.08.2022.exe,404
http://47.103.109.70/02.08.2022.exe,404
http://103.56.93.5/02.08.2022.exe,404
http://143.198.123.32/02.08.2022.exe,404
http://51.222.121.200/dllcliente.txt,404
http://104.168.32.125/222/ew/eventthingsaregreattogetmethingsnicewithmygirlsheisveryfinegirlieverseenseeismydearwifesheismyloversureonedayiwillbethrfor_______shenicegirlforme.doc,404
http://104.168.32.125/222/picturegreatwithmeenterings.tIF,404
https://paste.ee/d/5vQgr/0,404
https://paste.ee/d/Ga0HE/0,404
https://paste.ee/d/RdlsG/0,404
https://paste.ee/d/b5xuX/0,404
http://156.238.224.214/dlr.mpsl,404
http://156.238.224.214/dlr.arm,404
http://156.238.224.214/dlr.arm7,404
http://156.238.224.214/x86_64,404
http://156.238.224.214/dlr.mips,404
http://156.238.224.214/dlr.arm5,404
http://156.238.224.214/arm4,404
http://156.238.224.214/dlr.arm6,404
http://67.21.33.76/VHLiDcPrcNqegWT74.bin,404
http://45.88.105.102/38b8ec3c704e5850/softokn3.dll,404
http://45.88.105.102/38b8ec3c704e5850/freebl3.dll,404
http://45.88.105.102/38b8ec3c704e5850/nss3.dll,404
http://45.88.105.102/38b8ec3c704e5850/vcruntime140.dll,404
http://45.88.105.102/38b8ec3c704e5850/msvcp140.dll,404
http://45.88.105.102/38b8ec3c704e5850/mozglue.dll,404
http://45.88.105.102/38b8ec3c704e5850/sqlite3.dll,404
https://pastebin.com/raw/sFgsbG3v,403
http://94.156.177.68/arm.nn,404
http://94.156.177.68/x86_64.nn,404
http://94.156.177.68/lol.sh,404
http://94.156.177.68/arm7.nn,404
http://94.156.177.68/mips.nn,404
http://94.156.177.68/arm5.nn,404
http://94.156.177.68/x86_32.nn,404
http://94.156.177.68/lol,404
http://94.156.177.68/arm6.nn,404
http://94.156.177.68/mipsel.nn,404
http://156.238.224.214/arm5,404
http://156.238.224.214/mips,404
http://156.238.224.214/mpsl,404
https://bitbucket.org/89999999999999/acaaaaaaaaa/downloads/dsadsdsadsadsa.txt,404
http://156.238.224.214/arm6,404
http://156.238.224.214/x86,404
http://156.238.224.214/arm7,404
http://156.238.224.214/wget.sh,404
http://69.165.65.90/bins/speedtest-cli.mips,404
http://69.165.65.90/bins/speedtest-cli.ppc,404
http://69.165.65.90/bins/speedtest-cli.sh,404
http://69.165.65.90/bins/speedtest-cli.arm,404
http://69.165.65.90/bins/speedtest-cli.arm7,404
http://69.165.65.90/bins/speedtest-cli.arm5,404
http://69.165.65.90/bins/speedtest-cli.spc,404
http://69.165.65.90/bins/speedtest-cli.x86_64,404
http://69.165.65.90/bins/speedtest-cli.x86_64.dbg,404
http://69.165.65.90/bins/speedtest-cli.x86,404
http://69.165.65.90/bins/speedtest-cli.m68k,404
http://69.165.65.90/bins/speedtest-cli.mpsl,404
http://69.165.65.90/bins/speedtest-cli.arm6,404
http://69.165.65.90/bins/speedtest-cli.sh4,404
http://209.200.246.181/Demon.arm6,404
http://209.200.246.181/Demon.sh4,404
http://209.200.246.181/Demon.mpsl,404
http://209.200.246.181/Demon.mips,404
http://209.200.246.181/Demon.i686,404
http://209.200.246.181/Demon.x86,404
http://173.214.160.40/fug.exe,404
http://173.214.160.40/fug.c,404
http://173.214.160.40/upload.php,404
http://173.214.160.40/svpn.exe,404
https://paste.ee/d/TrTSP/0,404
https://paste.ee/d/nJcWp/0,429
https://paste.ee/d/bxzBN/0,404
https://paste.ee/d/JTQTN/0,404
https://pub-26ee9be236b54d0cb1b570a203543b93.r2.dev/onye.txt,403
https://paste.ee/d/AaTNM/0,404
https://pub-26ee9be236b54d0cb1b570a203543b93.r2.dev/mmili.txt,403
https://pub-4c182737706e41d29aee6cc5517f834d.r2.dev/ecofrdly.txt,403
https://paste.ee/d/Bmi2e/0,404
https://paste.ee/d/2mlZ9/0,404
https://paste.ee/d/42b7l/0,404
http://www.osodecor.com/Endvidere.jpb,404
http://45.11.92.17/bins/sh4,404
http://45.11.92.17/bins/x86,404
http://45.11.92.17/bins/arm,404
http://45.11.92.17/bins/mpsl,404
http://45.11.92.17/bins/debug.dbg,404
http://45.11.92.17/bins/ppc,404
http://45.11.92.17/bins/x86_64,404
http://45.11.92.17/bins/arm5,404
http://45.11.92.17/bins/ljc.sh,404
http://45.11.92.17/bins/arm6,404
http://45.11.92.17/bins/m68k,404
http://45.11.92.17/bins/mips,404
http://45.11.92.17/bins/spc,404
http://45.11.92.17/arc,404
http://45.11.92.17/bins/arc,404
https://bitbucket.org/kateshock/ubuntu/downloads/Google_Chrome.exe,404
https://filedn.com/lHeD6Etwo8g0FE5cMVwEMkH/56ysdvbdckuh27dqLygst354csjnd/404,404
http://filedn.com/lHeD6Etwo8g0FE5cMVwEMkH/rtyRe243ohygdfrEewd234/s81,404
http://filedn.com/lHeD6Etwo8g0FE5cMVwEMkH/rtyRe243ohygdfrEewd234/s93,404
https://filedn.com/lXNYkjiFBBP46UG4pWL7pbm/bad/invoice-benefits-agency9-24-2024.exe,404
https://filedn.com/lXNYkjiFBBP46UG4pWL7pbm/P4/Scan_PDF_5255303072.exe,404
https://filedn.com/lXNYkjiFBBP46UG4pWL7pbm/P4/Scan_PDF_2017163298.exe,404
https://filedn.com/lXNYkjiFBBP46UG4pWL7pbm/project1/Scan_doc_09_16_24_1203.exe,404
https://filedn.com/lXNYkjiFBBP46UG4pWL7pbm/project2/E_BILL9926378035.exe,404
https://filedn.com/lXNYkjiFBBP46UG4pWL7pbm/project1/Scan_doc_09_16_24_1120.exe,404
https://filedn.com/lXNYkjiFBBP46UG4pWL7pbm/P3/Scan_PDF_3269252267.exe,404
https://filedn.com/lXNYkjiFBBP46UG4pWL7pbm/project2/E_BILL0041272508.exe,404
https://filedn.com/lXNYkjiFBBP46UG4pWL7pbm/P3/Scan_PDF_3008059384.exe,404
http://45.11.92.17/bins/arm7,404
https://menyos.com/assets/home/js/bdg/food.exe,404
https://drive.google.com/uc?export=download&id=1WV4yC4jy06NPBMZa4UByVclKHGEcIK_f,404
https://drive.google.com/uc?export=download&id=16KUqaQ_X6zbBHAGNnsewuswUAZxtxGv7,404
https://drive.google.com/uc?export=download&id=1ZdybZY4WrMwYKbuTlGVANt9wXhqlWSBc,404
https://drive.google.com/uc?export=download&id=16BcB-CnWtRtHDq7UA6aD9a4cHD2R7_Ck,404
https://drive.google.com/uc?export=download&id=196IYHEN42PTEDpTMlvc3osZSDWP6_3Rd,404
https://drive.google.com/uc?export=download&id=17Ed0BzToN3ez5R1ZegL6CXKwX1COgAju,404
https://drive.google.com/uc?export=download&id=1mVvsIVW7-x9DjCo7uv1ZOoZtTNzVEFB5,404
http://103.149.87.69/le/la.bot.arm7,500
http://103.149.87.69/le/la.bot.m68k,500
http://103.149.87.69/le/la.bot.sh4,500
http://103.149.87.69/le/la.bot.mips,500
http://103.149.87.69/mips,500
http://103.149.87.69/le/la.bot.arm5,500
http://103.149.87.69/le/la.bot.powerpc,500
http://103.149.87.69/le/la.bot.mipsel,500
http://103.149.87.69/le/la.bot.sparc,500
http://103.149.87.69/le/la.bot.arm6,500
http://103.149.87.69/le/la.bot.arm,500
http://45.142.107.15/hiddenbin/boatnet.arm5,404
http://45.142.107.15/hiddenbin/boatnet.arm7,404
http://128.65.199.135/Doc.exe,404
http://45.142.107.15/hiddenbin/boatnet.arm,404
http://45.142.107.15/hiddenbin/boatnet.x86_64,404
http://45.142.107.15/ohshit.sh,404
http://45.142.107.15/hiddenbin/boatnet.x86,404
http://45.142.107.15/hiddenbin/boatnet.arc,404
http://45.142.107.15/hiddenbin/boatnet.arm6,404
http://45.142.107.15/hiddenbin/boatnet.spc,404
http://45.142.107.15/hiddenbin/boatnet.mips,404
http://45.142.107.15/hiddenbin/boatnet.mpsl,404
http://45.142.107.15/hiddenbin/boatnet.sh4,404
http://45.142.107.15/hiddenbin/boatnet.m68k,404
http://45.142.107.15/hiddenbin/boatnet.ppc,404
http://103.149.87.69/la.bot.mipsel?ddos,500
http://pizda.site/bins/arm5,400
http://pizda.site/bins/spc,400
http://pizda.site/bins/x86,400
http://pizda.site/bins/sh4,400
http://pizda.site/bins/i486,400
http://pizda.site/bins/arc,400
http://pizda.site/bins/m68k,400
http://pizda.site/bins/mips,400
http://pizda.site/bins/mpsl,400
http://pizda.site/bins/arm7,400
http://pizda.site/bins/x86_64,400
http://pizda.site/bins/arm6,400
http://pizda.site/bins/i686,400
http://pizda.site/bins/arm,400
http://pizda.site/bins/ppc,400
http://154.197.69.149/bins/sora.spc,404
http://154.197.69.149/bins/sora.arm,404
http://209.141.47.218/1.sh,404
http://209.141.47.218/main_x86_64,404
http://209.141.47.218/main_arm6,404
http://209.141.47.218/main_arm7,404
http://209.141.47.218/main_ppc,404
http://209.141.47.218/main_x86,404
http://209.141.47.218/main_m68k,404
http://209.141.47.218/main_sh4,404
http://209.141.47.218/main_arm,404
http://209.141.47.218/main_mpsl,404
http://209.141.47.218/main_mips,404
http://209.141.47.218/main_arm5,404
http://62.109.28.31/hidakibest.sh,404
http://62.109.28.31/hidakibest.arm4,404
http://62.109.28.31/hidakibest.mpsl,404
http://62.109.28.31/hidakibest.x86,404
http://62.109.28.31/hidakibest.ppc,404
http://62.109.28.31/hidakibest.sparc,404
http://62.109.28.31/hidakibest.mips,404
http://62.109.28.31/hidakibest.arm6,404
http://62.109.28.31/hidakibest.arm5,404
http://45.86.155.64/hiddenbin/boatnet.arm7,404
http://45.86.155.64/hiddenbin/boatnet.ppc,404
http://45.86.155.64/hiddenbin/boatnet.arc,404
http://45.86.155.64/hiddenbin/boatnet.arm5,404
http://45.86.155.64/hiddenbin/boatnet.m68k,404
http://45.86.155.64/hiddenbin/boatnet.arm,404
http://45.86.155.64/hiddenbin/boatnet.spc,404
http://45.86.155.64/hiddenbin/boatnet.mpsl,404
http://45.86.155.64/hiddenbin/boatnet.arm6,404
http://45.86.155.64/hiddenbin/boatnet.mips,404
http://45.86.155.64/hiddenbin/boatnet.x86,404
http://45.86.155.64/hiddenbin/boatnet.sh4,404
https://raw.githubusercontent.com/NoDetectOn/NoDetectOn/refs/heads/main/DetahNoth-V.txt,404
https://paste.ee/d/FKyid/0,404
https://drive.google.com/uc?export=download&id=12lzUxLYysnAHg12uOMXb7uEyOaJCANHH,404
https://drive.google.com/uc?export=download&id=18-jwgMnSvCSYj0VHz_F9CQMQhWD-8FQ8,404
https://drive.google.com/uc?export=download&id=1TCrKEm5gkVToVcX1hHdm-2VGdJUjc69Y,404
https://drive.google.com/uc?export=download&id=1C0v9iKgoOz0FTyng3jOD8iVB8k9STDvn,404
https://drive.google.com/uc?export=download&id=1zjiUYIFRKWEmAY58vp5hW7Q3TQzHAFaW,404
http://a1035933.xsph.ru/LB3.exe,400
http://45.142.107.15/bins/sora.mpsl,404
http://45.85.146.39/bot.sh4,404
http://45.142.107.15/bins/sora.arm5,404
http://45.142.107.15/sora.sh,404
http://45.142.107.15/bins/sora.sh4,404
http://45.142.107.15/bins/sora.mips,404
http://45.142.107.15/bins/sora.ppc,404
http://45.142.107.15/bins/sora.arm7,404
http://45.142.107.15/bins/sora.x86,404
http://45.142.107.15/bins/sora.m68k,404
http://45.142.107.15/bins/sora.arm6,404
http://172.104.152.160/hiddenbin/bin1.sh,404
http://172.104.152.160/hiddenbin/bin2.sh,404
http://172.104.152.160/hiddenbin/boatnet.mpsl,404
http://172.104.152.160/boatnet.arc,404
http://172.104.152.160/boatnet.sh4,404
http://172.104.152.160/hiddenbin/boatnet.arm7,404
http://172.104.152.160/bin,404
http://172.104.152.160/hiddenbin/boatnet.arm,404
http://172.104.152.160/hiddenbin/boatnet.ppc,404
http://172.104.152.160/hiddenbin/boatnet.spc,404
http://172.104.152.160/boatnet.arm,404
http://172.104.152.160/boatnet.arm7,404
http://172.104.152.160/boatnet.arm5,404
http://172.104.152.160/hiddenbin/boatnet.m68k,404
http://172.104.152.160/boatnet.ppc,404
http://172.104.152.160/boatnet.mpsl,404
http://172.104.152.160/hiddenbin/boatnet.mips,404
http://172.104.152.160/hiddenbin/boatnet.i686,404
http://172.104.152.160/hiddenbin/boatnet.arm5,404
http://172.104.152.160/boatnet.i686,404
http://172.104.152.160/boatnet.spc,404
http://172.104.152.160/hiddenbin/boatnet.x86,404
http://172.104.152.160/hiddenbin/boatnet.arm6,404
http://172.104.152.160/hiddenbin/bin.sh,404
http://172.104.152.160/boatnet.x86,404
http://172.104.152.160/boatnet.m68k,404
http://172.104.152.160/boatnet.mips,404
http://172.104.152.160/hiddenbin/boatnet.arc,404
http://172.104.152.160/boatnet.arm6,404
http://172.104.152.160/hiddenbin/boatnet.sh4,404
http://45.85.146.39/bot.ppc,404
http://45.85.146.39/bot.m68k,404
http://45.85.146.39/bot.x86_64,404
http://45.85.146.39/c.sh,404
http://45.85.146.39/w.sh,404
http://45.85.146.39/bot.x86,404
http://45.85.146.39/sh.sh,404
http://45.85.146.39/bot.arm,404
http://45.85.146.39/bot.mpsl,404
http://45.85.146.39/wget.sh,404
http://45.85.146.39/bot.mips,404
http://45.85.146.39/debug.dbg,404
https://tmpfiles.org/dl/13604240/opelo.exe,404
http://45.85.146.39/bot.arm5,404
http://45.85.146.39/bot.arm6,404
http://45.85.146.39/bot.arm7,404
http://tianyinsoft.top/FissionBaby/file/FissionBabyV242.exe,404
https://pastebin.com/raw/6AhjABuC,403
http://az200.net/wmstarter.exe,401
http://az200.net/DNS2SOCKS.exe,401
http://39.100.33.142:9092/python3.exe,404
http://62.113.119.237:8081/AniMine.exe,404
https://files.nuryana.com/ProduKey.exe,404
http://85.105.116.198:9999/DLLGIRIS.dll,404
https://www.9560.xyz/MAC%e5%9c%b0%e5%9d%80%e6%9f%a5%e8%af%a2%e6%89%ab%e6%8f%8f%e5%99%a8V4.3.exe,404
http://www.technecare.technecare.com/temp.exe,404
https://www.technecare.technecare.com/temp.exe,404
http://www.test.aintzira.com/pwnkit,404
http://www.boutique.aintzira.com/pwnkit,404
http://103.123.98.86/winbox/winbox.exe,404
https://science4u.co.in/d.exe,404
http://67.217.62.106/mscpt,404
https://appdiscapacidad.com/d.exe,404
http://218.22.21.248:58080/AAct.exe,404
https://cdn.discordapp.com/attachments/1266647236457267293/1289135326933291030/fpacutl.zip?ex=66f7b854&is=66f666d4&hm=61173a66135c51ec801938eff322f31b10b1ecbfe7ba8ac4ec702b13b36037e0&,404
http://194.87.29.53/97f9710b31d15029/vcruntime140.dll,404
http://194.87.29.53/97f9710b31d15029/mozglue.dll,404
http://194.87.29.53/97f9710b31d15029/msvcp140.dll,404
http://194.87.29.53/97f9710b31d15029/freebl3.dll,404
http://194.87.29.53/97f9710b31d15029/nss3.dll,404
http://194.87.29.53/97f9710b31d15029/softokn3.dll,404
http://194.87.29.53/97f9710b31d15029/sqlite3.dll,404
http://194.67.193.13/projects/bind.aspx,403
http://194.67.193.16/projects/bind.aspx,403
http://45.13.227.129/bins/sora.ppc,404
http://45.13.227.129/bins/sora.arm7,404
http://194.67.193.17/projects/bind.aspx,403
http://194.67.193.18/projects/useraccount.aspx,403
http://45.13.227.129/bins/sora.arm5,404
http://194.67.193.13/projects/useraccount.aspx,403
http://45.13.227.129/bins/sora.x86,404
http://45.13.227.129/sora.sh,404
http://194.67.193.12/projects/useraccount.aspx,403
http://194.67.193.17/projects/useraccount.aspx,403
http://194.67.193.12/projects/bind.aspx,403
http://45.13.227.129/bins/sora.spc,404
http://194.67.193.15/projects/useraccount.aspx,403
http://45.13.227.129/bins/sora.m68k,404
http://194.67.193.15/projects/bind.aspx,403
http://194.67.193.11/projects/bind.aspx,403
http://194.67.193.10/projects/bind.aspx,403
http://194.67.193.14/projects/bind.aspx,403
http://194.67.193.73/useraccount.aspx,403
http://194.67.193.74/useraccount.aspx,403
http://45.13.227.129/pay,404
http://45.13.227.129/bins/sora.mpsl,404
http://45.13.227.129/yarn,404
http://194.67.193.19/projects/bind.aspx,403
http://194.67.193.10/projects/useraccount.aspx,403
http://45.13.227.129/bins/sora.mips,404
http://45.13.227.129/bins/sora.arm6,404
http://194.67.193.16/projects/useraccount.aspx,403
http://194.67.193.18/projects/bind.aspx,403
http://194.67.193.14/projects/useraccount.aspx,403
http://194.67.193.11/projects/useraccount.aspx,403
http://194.67.193.19/projects/useraccount.aspx,403
http://45.13.227.129/bin,404
https://tmpfiles.org/dl/13473821/neonn.exe,404
https://codeberg.org/massgravel/Microsoft-Activation-Scripts/raw/commit/b1b5299c4725d97349b18b59061647198f7cc59b/MAS/All-In-One-Version-KL/MAS_AIO.cmd,404
https://bitbucket.org/WindowsAddict/microsoft-activation-scripts/raw/b1b5299c4725d97349b18b59061647198f7cc59b/MAS/All-In-One-Version-KL/MAS_AIO.cmd,404
https://ichika.tw/yhkMlI,406
https://strmr.co/Bg7UYE,525
https://qu.ax/qsVM.vdf,404
https://qu.ax/ese.pdf,404
https://cdn.discordapp.com/attachments/1266647236457267293/1289033891180580864/titan-crypter-output_titanadminsecure.zip?ex=66f759dc&is=66f6085c&hm=1cbf217fee6c2850baee793c3d620f3606e1c01ae441b39599441b33536815d7&,404
https://pub-6346c84860d5480393a1799fb277dfdc.r2.dev/bsnk.txt,403
http://5.59.248.127/bins/jade.spc,404
http://5.59.248.127/bins/jade.ppc,404
http://5.59.248.127/bins/jade.mips,404
http://5.59.248.127/bins/jade.arm6,404
http://5.59.248.127/bins/jade.arm7,404
http://5.59.248.127/bins/jade.arm,404
http://5.59.248.127/bins/jade.m68k,404
http://5.59.248.127/bins/jade.mpsl,404
http://5.59.248.127/bins/jade.arm5,404
http://141.98.115.226/pl.arm5,404
http://141.98.115.226/pl.mpsl,404
http://141.98.115.226/pl.spc,404
http://141.98.115.226/pl.arm4,404
http://141.98.115.226/pl.m68,404
http://141.98.115.226/pl.arm6,404
http://141.98.115.226/pl.x86,404
http://141.98.115.226/pl.i686,404
http://141.98.115.226/pl.ppc,404
http://141.98.115.226/pl.sh4,404
http://141.98.115.226/pl.arm4t,404
http://141.98.115.226/pl.mips,404
http://141.98.115.226/bins.sh,404
http://51.79.157.172/c.sh,404
http://51.79.157.172/wget.sh,404
http://51.79.157.172/w.sh,404
https://dbsmena.com/vdsg12.exe,404
https://theaeroescorts.com/cdn-vs/data.php,404
https://www.theuncoach.com/cdn-vs/data.php,404
https://whizability.com/cdn-vs/data.php,405
https://theuncoach.com/cdn-vs/data.php,404
https://mtpolice2030.com/cdn-vs/data.php,404
https://www.whizability.com/cdn-vs/data.php,405
https://www.mtpolice2030.com/cdn-vs/data.php,404
https://dbsmena.com/vdsadfg15.exe,404
http://185.80.128.17/Programs.exe,404
https://restbycalm.com/trade/da.php,400
http://75.119.147.136/w.sh,404
http://75.119.147.136/wget.sh,404
http://75.119.147.136/bot.arm5,404
http://75.119.147.136/c.sh,404
http://75.119.147.136/bot.x86,404
http://75.119.147.136/bot.arm7,404
http://75.119.147.136/bot.mips,404
http://75.119.147.136/bot.arm,404
http://75.119.147.136/bot.arm6,404
http://75.119.147.136/bot.mpsl,404
http://75.119.147.136/bot.m68k,404
http://75.119.147.136/bot.sh4,404
http://75.119.147.136/bot.ppc,404
http://75.119.147.136/bot.x86_64,404
https://dbsmena.com/vfdsht16.exe,404
https://dbsmena.com/vdshfd.exe,404
https://dbsmena.com/sddgfg.exe,404
https://bitbin.it/raw/Pho3PVVb,404
https://pub-26ee9be236b54d0cb1b570a203543b93.r2.dev/jenifa.txt,403
https://bestpack.ee/slo.bin,404
http://154.12.36.162/LDBX/LDvar.exe,403
http://154.12.36.162/BOT/LDvar.exe,403
http://154.12.36.162/ZZBX/LDvar.exe,403
http://154.12.36.162/top/TOP_2.4.6JK.exe,403
http://154.12.36.162/danban2/cod19-danbanJK1.3.0.exe,403
http://154.12.36.162/BOT2/LDvar.exe,403
http://154.12.36.162/3.exe,403
http://154.12.36.162/top/TOP_2.4.9JK.exe,403
http://154.12.36.162/top/TOP_2.4.6.vmp.exe,403
http://154.12.36.162/danban2/cod19-danban12.vmp.exe,403
http://154.12.36.162/top/TOP_2.4.7JK.exe,403
http://154.12.36.162/top/TOP_2.5.0.vmp.exe,403
http://154.12.36.162/com/%E6%88%98%E5%8C%BA2.0%E5%BC%95%E6%93%8E1.1.6.6_JK.exe,403
http://154.12.36.162/top/TOP_2.5.9.vmp.exe,403
http://154.12.36.162/1.5.4danban.exe,403
http://154.12.36.162/top/TOP_2.6.5.vmp.exe,403
http://154.12.36.162/ZZ/LDvar.exe,403
http://154.12.36.162/top19/2.3.1JK.exe,403
http://154.12.36.162/top/top..2.5.6.exe,403
http://89.117.23.69/dss,404
http://89.117.23.69/mips,404
http://89.117.23.69/shelld.dss,404
http://89.117.23.69/shelld.i686,404
http://89.117.23.69/m68k,404
http://89.117.23.69/shelld.m68k,404
http://89.117.23.69/shelld.co,404
http://89.117.23.69/ppc,404
http://89.117.23.69/shelld.mips,404
http://89.117.23.69/shelld.arm61,404
http://89.117.23.69/shelld.ppc,404
http://89.117.23.69/mipsel,404
http://89.117.23.69/sh4,404
http://89.117.23.69/i686,404
http://89.117.23.69/shelld.586,404
http://89.117.23.69/sex.sh,404
http://89.117.23.69/shelld.mipsel,404
http://89.117.23.69/arm61,404
http://89.117.23.69/shelld.sh4,404
http://89.117.23.69/shelld.x86,404
http://89.117.23.69/shelld.sex.sh,404
http://89.117.23.69/co,404
http://89.117.23.69/x86,404
http://89.117.23.69/586,404
http://195.62.32.138/hiddenbin/boatnet.arc,404
http://195.62.32.138/hiddenbin/boatnet.m68k,404
http://195.62.32.138/hiddenbin/boatnet.ppc,404
http://195.62.32.138/hiddenbin/boatnet.sh4,404
http://195.62.32.138/hiddenbin/boatnet.i686,404
http://195.62.32.138/hiddenbin/boatnet.spc,404
http://d26wyypk7oodc5.cloudfront.net/latest/mx/v9.16.98.31.14.3,405
https://www.leopardi.nl/frm/_vti_cnf/Blenar.exe,404
https://docs.google.com/uc?export=download&id=1_NUftP-_3y5fSXybQdweI6C8k8EcfYw3,404
http://151.80.23.168/bins/payload,404
https://docs.google.com/uc?export=download&id=1SgX-383kuYijr0sQrOXPwfblXILQDE0V,404
https://docs.google.com/uc?export=download&id=1y32E3Ea076KWjtrrF82f31RxiwdIpegH,404
https://docs.google.com/uc?export=download&id=10BjnmTf_isxp9ksazpvaCWUGpRuhcmqZ,404
https://store3.gofile.io/download/direct/19264422-ce09-4db5-9710-3b0195274bc5/Citacion%20juzgado.rev,404
https://store9.gofile.io/download/direct/9e548b8d-0c04-4893-aaab-9bb38034f40e/02%20CITACION%20DEMANDA-JUZGADO%20PENAL%2003-RAMA%20JUDICIAL%20ESPECIALIZADO.REV,404
https://store1.gofile.io/download/direct/293adef9-b68a-4ba8-9634-ce0838d311ef/1%20NOTIFICA%20DEMANDA%20LABORAL.REV,404
http://195.62.32.138/hiddenbin/boatnet.mpsl,404
http://195.62.32.138/hiddenbin/boatnet.arm7,404
http://195.62.32.138/hiddenbin/boatnet.mips,404
http://195.62.32.138/hiddenbin/boatnet.x86,404
http://195.62.32.138/hiddenbin/boatnet.arm6,404
http://195.62.32.138/hiddenbin/boatnet.arm5,404
http://195.62.32.138/miraigg.sh,404
http://195.62.32.138/hiddenbin/boatnet.arm,404
http://3.80.28.180/izWkdwCF/moi.exe,404
https://cmgtrading.eu/eODGqfP132.bin,404
http://185.29.11.53/fhSIfglR68.bin,404
http://185.29.11.53/bgJJbKBK219.bin,404
http://185.29.11.53/bIGuEflfnZjESw74.bin,404
https://bitbucket.org/kcatelin/jameson/downloads/Google_Chrome.exe,404
https://bitbucket.org/kcatelin/jameson/downloads/zSoft_.7z,404
https://bitbucket.org/kcatelin/jameson/downloads/Beekeeper_Studio.zip,404
https://bitbucket.org/kcatelin/jameson/downloads/vuex.exe,404
https://bitbucket.org/kcatelin/jameson/downloads/hna.exe,404
https://bitbucket.org/kcatelin/jameson/downloads/ArchitectureTvs.exe,404
https://bitbucket.org/kcatelin/jameson/downloads/SoftShipment.exe,404
http://143.198.209.174/nd/eneba_com_privacy_policy.pdf,404
http://143.198.209.174/stc/wm_startup.zip,404
http://143.198.209.174/stc/pure_hnvc1.zip,404
http://143.198.209.174/stc/pure_hnvc2.zip,404
https://paste.ee/d/Sk1Jg/0,404
https://paste.ee/d/82O7E/0,429
http://116.206.151.203:478/info.zip,404
http://116.206.151.203:478/pornhub_downloader.exe,404
http://116.206.151.203:478/av_downloader.exe,404
http://116.206.151.203:478/av_downloader1.1.exe,404
http://116.206.151.203:478/Photo.scr,404
http://116.206.151.203:478/Video.scr,404
http://116.206.151.203:478/AV.lnk,404
http://116.206.151.203:478/Photo.lnk,404
http://116.206.151.203:478/pornhub_downloader.bat,404
http://116.206.151.203:478/Video.lnk,404
http://116.206.151.203:478/AV.scr,404
http://103.92.101.54/pornhub_downloader.exe,404
http://62.169.19.131/test,404
http://5.39.86.195/x,404
http://151.80.23.168/x86,404
http://66.70.189.212/a,404
http://66.70.189.212/b,404
http://102.68.74.28:8055/sshd,404
http://1.179.63.130:8081/sshd,404
http://110.239.6.20:8080/sshd,404
http://1.179.63.145:8080/sshd,404
http://1.179.63.129:8081/sshd,404
http://1.179.63.130:8080/sshd,404
http://1.179.63.129:8080/sshd,404
http://119.13.179.225:8081/sshd,404
http://119.13.179.16:8081/sshd,404
http://110.239.6.20:8081/sshd,404
http://119.13.179.225:8080/sshd,404
http://1.179.63.145:8081/sshd,404
http://1.179.63.146:8081/sshd,404
http://119.13.179.136:8080/sshd,404
http://119.13.179.133:8080/sshd,404
http://119.13.179.16:8080/sshd,404
http://119.13.179.75:8081/sshd,404
http://75.119.134.80/arm6,404
http://75.119.134.80/arm5,404
http://47.121.122.68/fscan_1.7.0.exe,404
http://47.121.122.68/fscan64_1.6.exe,404
http://47.121.122.68/nc64.exe,404
https://firebasestorage.googleapis.com/v0/b/cyber-city-53e23.appspot.com/o/base.txt?alt=media&token=c5cbd710-7d53-4b3a-87ac-6d45c902be57,402
https://firebasestorage.googleapis.com/v0/b/descargas-dc4d6.appspot.com/o/envios-nuevos.txt?alt=media&token=ce690a60-78eb-401b-bfc6-1dc825e194b2,402
https://pastecodeapp.vercel.app/pastes/01922156-0a1a-798a-ba18-d0ce12473978/raw,451
https://pastecodeapp.vercel.app/pastes/019220a3-9326-7b46-b740-ef110ecdb453/raw,451
https://pastecodeapp.vercel.app/pastes/019220a5-2811-7ab8-829c-a7f4350452e0/raw,403
https://paste.ee/r/qMY13/0,404
http://154.197.69.149/sensi.sh,404
http://154.197.69.149/d/xd.ppc,404
http://154.197.69.149/d/xd.arm5,404
http://154.197.69.149/d/xd.mpsl,404
http://154.197.69.149/d/xd.m68k,404
http://154.197.69.149/d/xd.x86,404
http://154.197.69.149/d/xd.arm6,404
http://154.197.69.149/d/xd.arm7,404
http://154.197.69.149/d/xd.mips,404
http://154.197.69.149/d/xd.sh4,404
http://66.63.187.51/lol.sh,404
http://195.62.32.138/bins/hoho.arm,404
http://195.62.32.138/bins/hoho.spc,404
http://38.242.132.137/586,404
http://38.242.132.137/dc,404
http://38.242.132.137/arm61,404
http://38.242.132.137/scar,404
http://38.242.132.137/dss,404
http://38.242.132.137/co,404
http://38.242.132.137/sex.sh,404
http://3.80.28.180/SphDtWBl/mavio.exe,404
http://147.45.45.69/vfdsh12.exe,404
http://147.45.45.69/vdcsnjdh15.exe,404
http://147.45.45.69/vcxsvnssgj16.exe,404
http://147.45.45.69/vdcsb.exe,404
http://147.45.45.69/sdsdhggf.exe,404
http://38.242.132.137/mips,404
http://38.242.132.137/x86,404
http://180.131.145.180/Demon.mpsl,404
http://38.242.132.137/ppc,404
http://38.242.132.137/sh4,404
http://38.242.132.137/mipsel,404
http://180.131.145.180/Demon.mips,404
http://38.242.132.137/m68k,404
http://180.131.145.180/Demon.i686,404
http://180.131.145.180/Demon.x86,404
http://38.242.132.137/i686,404
http://180.131.145.180/Demon.arm6,404
http://180.131.145.180/Demon.sh4,404
https://orderhangthai.com/lkjhgfdfsd.exe,404
https://orderhangthai.com/dmsag.exe,404
https://orderhangthai.com/vfdshh12.exe,404
https://orderhangthai.com/vdshd16.exe,404
https://orderhangthai.com/veqfy15.exe,404
https://orderhangthai.com/sdfbtw.exe,404
https://orderhangthai.com/vdshdfsd.exe,404
http://195.62.32.138/bins/hoho.i686,404
http://195.62.32.138/bins/hoho.x86,404
http://195.62.32.138/bins/hoho.sh4,404
http://195.62.32.138/bins/hoho.arm7,404
http://195.62.32.138/bins/hoho.mips,404
http://195.62.32.138/bins/hoho.ppc,404
http://195.62.32.138/bins/hoho.m68k,404
http://195.62.32.138/bins/hoho.arm5,404
http://195.62.32.138/bins/hoho.mpsl,404
http://195.62.32.138/bins/hoho.x86_64,404
http://195.62.32.138/bins/hoho.arm6,404
http://68.183.89.147/mipsel,404
http://68.183.89.147/sparc,404
http://68.183.89.147/sh4,404
https://paste.ee/d/kuMwG/0,404
https://escoriados.sa.com/fonts_/SmpAVgRA72.bin,403
https://escoriados.sa.com/fonts_/Graph.msi,403
http://goldhunt.s3.eu-north-1.amazonaws.com/sikontrek2.1.exe,403
https://pub-26ee9be236b54d0cb1b570a203543b93.r2.dev/zim.txt,403
https://bitbucket.org/89999999999999/acaaaaaaaaa/downloads/dll.txt,404
https://paste.ee/d/2TIoM/0,404
https://firebasestorage.googleapis.com/v0/b/rodriakd-8413d.appspot.com/o/Pe%2Fp.txt?alt=media&token=a7402e30-731b-402a-ab65-b4ffbdbe890d,403
https://pastebin.com/raw/V9y5Q5vv,403
http://188.34.184.47/auto/e800392eb73a6517029841e52d7b715f/234.exe,404
http://147.45.45.69/smfdsi2.exe,404
http://50.116.26.12/vc,404
http://147.182.177.199/b,404
http://2.57.122.121/test,404
http://159.203.71.79/Mozi.a,403
http://113.165.173.221/sshd,404
http://2.56.214.40/c,404
http://38.60.253.15/test,400
http://unstatical.ctx.cl/schoolshell/packets/schoolshell,404
https://drive.google.com/uc?export=download&id=1OsxD9NBGbXIFd2q3eBy0xAcqMTkw3tTE,404
https://drive.google.com/uc?export=download&id=1EeNCLS8eWh30q2EG5463QKqoXxDbOpAc,404
https://paste.ee/d/8PCAZ/0,404
https://paste.ee/d/zmp8V/0,429
https://paste.ee/d/4ej13/0,404
https://paste.ee/d/On072/0,404
https://paste.ee/d/b7zf5/0,429
https://drive.google.com/uc?export=download&id=1iFoLuo8rSFGFw22c3zEncG2OMiqIK2xm,404
https://paste.ee/d/zzhCc/0,404
https://drive.google.com/uc?export=download&id=1pnRvYVbB5fdZuXdq5Ba0WGc0zb2dJSL3,404
https://drive.google.com/uc?export=download&id=1OZC2_BDl0bOJYXX4jTMl7JZ0M2_JHWV2,404
https://drive.google.com/uc?export=download&id=1EqcYZxxEuIp8Q2YHpNblhSMmRKLeVZwV,404
https://drive.google.com/uc?export=download&id=1RFvkqbkTTElXOwrD0Ebi8GOUaCGWoGhL,404
https://drive.google.com/uc?export=download&id=17IlbUqaUYyIIngXflIps7eKymcf_FFwf,404
https://drive.google.com/uc?export=download&id=1zucjILPrOyx4SMERvAOJR_-eKJn7ZfmH,404
https://drive.google.com/uc?export=download&id=1s-wCU86jefku3q_w8EqOKvKblzL--pHC,404
https://drive.google.com/uc?export=download&id=1NE2I7lZCcQBVWxJQn0Y5FU2ElrbGj7r0,404
https://drive.google.com/uc?export=download&id=1cPYJ_c4OMfvZDVwzUdb4bRS83pNtEH3q,404
https://pub-6346c84860d5480393a1799fb277dfdc.r2.dev/tbsnkk.txt,403
http://122.128.109.51/cnm/tp.sh,404
http://147.45.45.69/vfdgfd15.exe,404
http://51.79.157.172/bot.arm5,404
http://51.79.157.172/bot.arm7,404
http://51.79.157.172/bot.x86_64,404
http://51.79.157.172/bot.mips,404
http://51.79.157.172/bot.mpsl,404
http://51.79.157.172/bot.sh4,404
http://51.79.157.172/bot.ppc,404
http://51.79.157.172/bot.m68k,404
http://51.79.157.172/bot.x86,404
http://51.79.157.172/bot.arm,404
http://51.79.157.172/bot.arm6,404
http://caprolactam.co.in/ndfdsof.exe,404
http://147.45.45.69/lgmdsa.exe,404
http://147.45.45.69/vfdsfh12.exe,404
http://147.45.45.69/vfsdhfsd16.exe,404
https://pub-26ee9be236b54d0cb1b570a203543b93.r2.dev/winni.txt,403
https://pub-26ee9be236b54d0cb1b570a203543b93.r2.dev/rang.txt,403
http://147.45.45.69/vdshdf.exe,404
http://147.45.45.69/sfddsghd.exe,404
https://jumboplastsrl.com.ar/ssa1.zip,404
https://jumboplastsrl.com.ar/rr/nsmoney.jpg,404
https://smkn2sumbawabesar.sch.id/1.exe,404
https://kaysons-group.com/lgfjd.exe,404
https://fallaeltro.es/lgrn.exe,403
https://tmpfiles.org/dl/12698493/skibiditoilet.exe,404
https://brasmundi.com.br/lnsfeo.exe,404
https://tmpfiles.org/dl/12698286/xclient.exe,404
https://tmpfiles.org/dl/12698557/runtimebroker.exe,404
https://tcgroup.it/lfnsda.exe,403
https://tmpfiles.org/dl/12398460/googleupdate.exe,404
https://tmpfiles.org/dl/12208528/rsthiod.exe,404
https://tmpfiles.org/dl/12762647/sxvtijm.exe,404
https://paste.ee/d/R5RuT/0,404
https://pub-83b677692b864d57a03c09d0ec975478.r2.dev/239.txt,403
https://drive.google.com/uc?export=download&id=1d-JCm9198NFqgKqUCNIuGIfIYxV1vmxw,404
https://cdn.discordapp.com/attachments/1260278354444029974/1287575682322534482/readyproject.exe?ex=66f20bcc&is=66f0ba4c&hm=218278ad8731723519c4cf0d11a09a11c67de8bc121ff6f89847bdb2e0bb8f1a&,404
http://212.39.67.248/KMSAuto%20Net%202016%20v1.5.0%20Portable.rar,401
http://down.fwqlt.com/1_DXL_Win_Tool_V9.6.zip,404
https://transfer.adminforge.de/get/Uo8AkyGUGr/crypted.exe,404
https://www.imety.edu.co/wp-content/cry.bmp,403
http://141.98.7.44/bins/x86,404
http://papeleriaveneplast.com/nigx/notebyx.exe,404
http://papeleriaveneplast.com/sWgiokoty/wcxoplwq.exe,404
https://drive.google.com/uc?export=download&id=1k3-MlUArq4HAXGsMz5H4dCbXICd0CWli,404
https://drive.google.com/uc?export=download&id=1y27x--kKqVWgvw_VMM_dLdLVEqxyWG8Q,404
https://firebasestorage.googleapis.com/v0/b/cyber-city-53e23.appspot.com/o/Bin.txt?alt=media&token=f669fb62-20e2-401e-b607-ee18190cab55,402
http://sylhetvoice.com/ehgbrhbrerer/2.jpg,404
https://pastebin.com/raw/E0rY26ni,403
https://alsadekllc.com/funnol/2.jpg,403
https://oneip.com.my/wp-content/images/pic4.jpg,404
https://oneip.com.my/wp-content/images/pic3.jpg,404
https://paste.ee/d/ovjFg,404
https://oneip.com.my/wp-content/images/pic1.jpg,404
https://oneip.com.my/wp-content/images/pic2.jpg,404
http://alsadekllc.com/funnol/2.jpg,403
http://saras.freehost.io/bins/Tsunami.arm6,404
http://saras.freehost.io/bins/Tsunami.arm7,404
http://saras.freehost.io/bins/Tsunami.mpsl,404
http://saras.freehost.io/bins/Tsunami.arm,404
http://saras.freehost.io/bins/Tsunami.mips,404
https://pub-26ee9be236b54d0cb1b570a203543b93.r2.dev/obana.txt,401
http://saras.freehost.io/wget.sh,404
https://airbluefootgear.com/wp-includes/images/xits.php,404
https://www.ceprone.com/data.php,404
https://ceprone.com/data.php,404
https://pub-26ee9be236b54d0cb1b570a203543b93.r2.dev/ikos.txt,403
http://69.10.45.181/ready.apk,404
http://69.10.45.181/exe/svchost.exe,404
https://pub-39c431b0c306497287a06e8cea23fa74.r2.dev/199.txt,403
http://172.232.4.203/300400/SVSS.txt,404
http://172.232.4.203/300400/svcc/lionsarekingofthejungletigersarebornintheearthforbeahavinggreatandtheyareverydangrouslionsarelawayskingbeause__beautifullionsandkingaregreat.doc,404
http://172.232.4.203/300400/lionandtigerfemalesarelooklikeverynice.bmp,404
http://198.12.107.122/400400/PHGT.txt,404
https://archive.org/download/new_image_vbs/new_image_vbs.jpg,403
https://paste.ee/d/JGlTR,404
https://paste.ee/d/iuC2i,404
https://paste.ee/d/tNKsv,404
https://uploaddeimagens.com.br/images/004/785/720/original/new_image.jpg?1716307634,403
https://paste.ee/d/taSYn,429
https://paste.ee/d/cdEJt,404
https://paste.ee/d/xBCm5,429
https://ubal.do/gUT9Cn,404
https://topkale.me/v3VdwF,404
http://103.110.33.188/autoupdate/hostfile/game.exe,404
http://103.110.33.188/autoupdate/hostfile/config.exe,404
http://103.110.33.188/autoupdate/hostfile/Autoupdate.exe,404
https://brightorbitconsultancy.com/vfdshg16.exe,404
http://103.161.34.97/bins/custom.ppc,404
http://103.161.34.97/bins/custom.spc,404
http://103.161.34.97/bins/custom.sh4,404
http://93.123.85.123/ohshit.sh,503
https://brightorbitconsultancy.com/sdgdfs.exe,404
https://brightorbitconsultancy.com/vfdsgfd.exe,404
http://103.161.34.97/bins/custom.mpsl,404
http://103.161.34.97/bins/custom.arm6,404
http://103.161.34.97/bins/custom.x86,404
http://103.161.34.97/bins/custom.arm7,404
http://103.161.34.97/bins/custom.arm5,404
http://103.161.34.97/bins/custom.arm,404
http://103.161.34.97/bins/custom.m68k,404
http://103.161.34.97/bins/custom.mips,404
https://topsecret.world/topsecret.apk,405
https://tmpfiles.org/dl/13121783/inst_4wky_x.exe,404
https://bitbucket.org/kcatelin/jameson/downloads/easyfirewall.exe,404
https://sdm-sitmc.com/wp-content/plugins/z-downloads/,404
https://url.us.m.mimecastprotect.com/s/jG6vC4x9gESYPY436fOfYC4rJCc/,405
https://vaultenergys.wpengine.com/wp-content/plugins/z-downloads/,404
https://www.erpquipu.com/wp-content/plugins/z-downloads/,404
https://www.defrasystem.it/wp-content/plugins/z-downloads/,404
https://www.envioacanaria.es/wp-content/plugins/z-downloads/,404
https://theitalianplaceprovidore.com.au/wp-content/plugins/z-downloads/,404
https://trinitetech.com/wp-content/plugins/z-downloads/,404
https://themufti.com/wp-content/plugins/z-downloads/,404
https://teeoi2024.teeoi.com/wp-content/plugins/z-downloads/,403
https://www.ristoranteamicimiei.it/wp-content/plugins/z-downloads/,404
https://restasfunerals.gr/wp-content/plugins/z-downloads/,404
https://veraflorindo.adv.br/wp-content/plugins/z-downloads/,404
https://zazipoa.co.ke/wp-content/plugins/z-downloads/,404
https://www.carpetparadise.com.au/wp-content/plugins/z-downloads/,404
https://sema-sa.com/wp-content/plugins/z-downloads/,404
https://seawave.online/wp-content/plugins/z-downloads/,404
https://ortekinsaat.com/wp-content/plugins/z-downloads/,404
https://ogslnolly.com/wp-content/plugins/z-downloads/,404
https://onlineshoppingmantra.com/wp-content/plugins/z-downloads/,404
https://nahcamargo.com.br/wp-content/plugins/z-downloads/,404
https://mybackofficesolutions.us/wp-content/plugins/z-downloads/,404
https://pakistanchurchplanting.com/wp-content/plugins/z-downloads/,404
https://mfpusadev.wpengine.com/wp-content/plugins/z-downloads/,403
https://gaticosymonetes.com/wp-content/plugins/z-downloads/,404
https://inkpulsive.com/wp-content/plugins/z-downloads/,404
https://guillermoopticos.com/wp-content/plugins/z-downloads/,404
https://itstime.love/wp-content/plugins/z-downloads/,404
https://intermittentliving.houbenfysiotherapie.nl/wp-content/plugins/z-downloads/,404
https://dev-freelancerlemon.pantheonsite.io/wp-content/plugins/z-downloads/,530
https://dev-seharhbjhk.pantheonsite.io/wp-content/plugins/z-downloads/,530
https://dev-shafin321.pantheonsite.io/wp-content/plugins/z-downloads/,530
https://dev-pubgproservice.pantheonsite.io/wp-content/plugins/z-downloads/,530
https://dev-isabellabaptista.pantheonsite.io/wp-content/plugins/z-downloads/,530
https://dev-mlwbdoo77.pantheonsite.io/wp-content/plugins/z-downloads/,530
https://firedupkitchen.wpengine.com/wp-content/plugins/z-downloads/,404
https://brunafarinonpediatra.com.br/wp-content/plugins/z-downloads/,404
https://fchaneliere.com/wp-content/plugins/z-downloads/,404
https://daretodream.cloud/wp-content/plugins/z-downloads/,404
https://belapornatureza.com.br/wp-content/plugins/z-downloads/,404
https://dev-invensis.pantheonsite.io/wp-content/plugins/z-downloads/,404
https://dev-skbfc.pantheonsite.io/wp-content/plugins/z-downloads/,530
https://arctus.ca/wp-content/plugins/z-downloads/,404
https://eacs.nursing.uoi.gr/wp-content/plugins/z-downloads/,404
https://dev-coutinho-designer-criacao-de-identidades-visuais.pantheonsite.io/wp-content/plugins/z-downloads/,530
https://dev-henriquecursokn.pantheonsite.io/wp-content/plugins/z-downloads/,530
https://amjadexport.com/wp-content/plugins/z-downloads/,404
http://www.plantytime.com/CITROEN.msi,404
http://plantytime.com/CITROEN.msi,404
http://167.172.70.35/downloads/winPEASx64.exe,404
http://167.172.70.35/downloads/nc.exe,404
http://103.161.34.97/bins_download.sh,404
http://103.161.34.97/bins/hoho.arm6,404
http://103.161.34.97/bins/hoho.arm,404
http://103.161.34.97/bins/hoho.mpsl,404
http://103.161.34.97/bins/hoho.mips,404
http://103.161.34.97/bins/hoho.arm7,404
http://103.161.34.97/bins/hoho.arm5,404
http://103.161.34.97/bins/hoho.spc,404
http://103.161.34.97/bins/hoho.m68k,404
http://103.161.34.97/bins/hoho.sh4,404
http://103.161.34.97/bins/hoho.ppc,404
https://pastebin.com/raw/jbG3cpmy,403
http://91.92.241.6/mipsel,404
http://91.92.241.6/armv7l,404
http://91.92.241.6/arc,404
http://141.98.7.44/Aqua.mpsl,404
http://141.98.7.44/Aqua.mips,404
http://141.98.7.44/Aqua.x86,404
https://tmpfiles.org/dl/13064919/rcqirfnqr.exe,404
http://103.161.34.97/bins/hoho.x86,404
http://91.92.241.6/arm5,404
http://91.92.241.6/sh4,404
http://91.92.241.6/x86_64,404
http://91.92.241.6/arm4,404
http://91.92.241.6/mips,404
http://91.92.241.6/arm6,404
http://91.92.241.6/m68k,404
http://91.92.241.6/i686,404
http://66.63.187.51/arm6.nn,404
https://bitbucket.org/kateshock/ubuntu/downloads/Desktop_Explorer.exe,404
https://bitbucket.org/feelings20/lages/downloads/3uTools.exe,404
https://bitbucket.org/kukecha/boba/downloads/AntonioIssn.exe,404
https://bitbucket.org/potom142/seychas/downloads/WikipediaReno.exe,404
https://tera15.b-cdn.net/tera15.zip,403
http://103.161.34.97/s.sh,404
https://boydjackson.org/Inquiry-Dubai.js,502
http://66.63.187.51/x86_64.nn,404
http://66.63.187.51/x86_32.nn,404
http://66.63.187.51/arm5.nn,404
http://66.63.187.51/arm7.nn,404
http://66.63.187.51/arm.nn,404
http://66.63.187.51/mips.nn,404
http://66.63.187.51/mipsel.nn,404
http://66.63.187.51/arm7,404
http://66.63.187.51/arm6,404
http://194.163.169.206:443/botnets/thunderLoader//arm,400
http://103.75.183.172/mirai.x86,404
http://103.75.183.172/mirai.m68k,404
http://103.75.183.172/mirai.arm7,404
http://103.75.183.172/mirai.mpsl,404
http://103.75.183.172/mirai.mips,404
http://103.75.183.172/mirai.spc,404
http://103.75.183.172/mirai.arm,404
http://103.75.183.172/mirai.ppc,404
http://103.75.183.172/bins.sh,404
http://103.75.183.172/mirai.sh4,404
http://194.163.169.206:443/botnets/thunderLoader//x86_64,400
https://api.pastecode.io/anon/raw-snippet/ukd1hrb6?raw=inline&api=true&ticket=912a57c7-f209-4faf-b823-f8fdcb2b5f42&password=SNIPPET_PASSWORD_,400
https://api.pastecode.io/anon/raw-snippet/vsyezv40?raw=inline&api=true&ticket=912a57c7-f209-4faf-b823-f8fdcb2b5f42&password=SNIPPET_PASSWORD_,400
https://api.pastecode.io/anon/raw-snippet/c32qiqwg?raw=inline&api=true&ticket=912a57c7-f209-4faf-b823-f8fdcb2b5f42&password=SNIPPET_PASSWORD_IF_N,400
http://103.161.34.97/ohshit.sh,404
http://103.161.34.97/hiddenbin/boatnet.arm5,404
http://103.161.34.97/hiddenbin/boatnet.x86,404
http://103.161.34.97/hiddenbin/boatnet.ppc,404
http://103.161.34.97/hiddenbin/boatnet.arm,404
http://103.161.34.97/hiddenbin/boatnet.mips,404
http://103.161.34.97/hiddenbin/boatnet.spc,404
http://103.161.34.97/hiddenbin/boatnet.m68k,404
http://103.161.34.97/hiddenbin/boatnet.sh4,404
http://103.161.34.97/hiddenbin/boatnet.arc,404
http://103.161.34.97/hiddenbin/boatnet.arm6,404
http://103.161.34.97/hiddenbin/boatnet.arm7,404
https://pastebin.com/raw/Q1kX3ys8,404
https://pastebin.com/raw/Bba3sYFX,404
http://103.161.34.97/hiddenbin/boatnet.mpsl,404
https://martes17160924f2.b-cdn.net/NUEVO%20PRESUPUESTO_0014.REV,403
http://188.34.184.47/manual/231/231.zip,404
http://188.34.184.47/auto/9923765c101c3aa0fca26d109ef9ebe8/231.exe,404
http://188.34.184.47/manual/231/231,404
http://91.208.184.200/mips,404
http://91.208.184.200/x86_64,404
http://91.208.184.200/arm,404
http://91.208.184.200/x86,404
http://91.208.184.200/arm7,404
http://91.208.184.200/i686,404
http://91.208.184.200/mpsl,404
http://91.208.184.200/sh4,404
http://91.208.184.200/arm5,404
http://91.208.184.200/arm6,404
http://91.208.184.200/m68k,404
http://91.208.184.200/drp.arm7,404
http://91.208.184.200/drp.arm,404
http://91.208.184.200/drp.arm6,404
http://91.208.184.200/drp.x86_64,404
http://91.208.184.200/drp.mpsl,404
http://91.208.184.200/drp.mips,404
http://91.208.184.200/drp.x86,404
http://91.208.184.200/drp.sh4,404
http://91.208.184.200/drp.arm5,404
http://91.208.184.200/drp.m68k,404
http://91.208.184.200/drp.i686,404
https://pub-26ee9be236b54d0cb1b570a203543b93.r2.dev/dilesoch.txt,403
https://pub-26ee9be236b54d0cb1b570a203543b93.r2.dev/monday.txt,403
https://pub-26ee9be236b54d0cb1b570a203543b93.r2.dev/nl5.txt,403
https://pub-26ee9be236b54d0cb1b570a203543b93.r2.dev/aye.txt,403
http://93.123.39.145/lead.txt,404
http://illuminazioneproduzione.it/vfdaj15.exe,403
https://illuminazioneproduzione.it/lgnasdfnds.exe,403
https://innovaxingenieros.com/vfagms15.exe,404
https://innovaxingenieros.com/vsfdajg16.exe,404
https://innovaxingenieros.com/lnfsda.exe,404
https://innovaxingenieros.com/vkfsags12.exe,404
https://innovaxingenieros.com/smdsg.exe,404
https://innovaxingenieros.com/vlsadg.exe,404
https://irp.cdn-website.com/063b588c/files/uploaded/QuickBooks_Desktop_Manager.msi,403
https://irp.cdn-website.com/661bb3b6/files/uploaded/QuickBooks_Desktop_Setup.msi,403
https://irp.cdn-website.com/40507f31/files/uploaded/QuickBooks_Setup.msi,403
https://irp.cdn-website.com/661bb3b6/files/uploaded/QuickBooks_Setup.msi,403
https://irp.cdn-website.com/6ff487b0/files/uploaded/Update_Browser.zip,403
https://irp.cdn-website.com/063b588c/files/uploaded/QuickBooks_Installer.msi,403
https://irp.cdn-website.com/9a66bd2b/files/uploaded/garamafupanoduripijotaxeg.pdf,403
https://irp.cdn-website.com/1477c67a/files/uploaded/456890.pdf,403
https://raw.githubusercontent.com/spetterman66/verynicerepo/main/xmr-go.sh,404
https://bitbucket.org/solgoodman/zixenberg/downloads/onePackage.exe,404
https://stackoverflow.com/questions/79030244/using-getopts-and-case-multiple-times,403
https://stackoverflow.com/questions/tagged/camel-cxf,403
https://stackoverflow.com/questions/79030216/whats-the-most-effective-way-to-access-an-external-16bit-sdram,403
https://stackoverflow.com/questions/tagged/masstransit,403
https://stackoverflow.com/questions/79030242/not-able-to-collect-flow-data-in-another-activity,403
https://stackoverflow.com/questions/tagged/pysnmp,403
https://stackoverflow.com/questions/tagged/data-cleaning,403
https://stackoverflow.com/questions/tagged/c,403
https://stackoverflow.com/questions/79030226/problem-with-trying-to-compile-ps4-11-50-webkit-on-debian-linux,403
https://stackoverflow.com/questions/79030256/how-can-i-achieve-accurate-imputation-of-missing-values-in-a-dataset,403
https://stackoverflow.com/questions/79030276/application-compilation-error-could-not-find-com-jaeger-statusbarutillibrary1,403
https://stackoverflow.com/questions/tagged/visual-studio,403
https://stackoverflow.com/questions/79030215/how-to-automatically-compute-a-signal-with-withcomputed-in-ngrx-signals-library,403
https://stackoverflow.com/questions/79030236/pass-a-pointer-to-a-functionand-allocate-and-initialize-it,403
https://stackoverflow.com/questions/tagged/gtk,403
https://stackoverflow.com/questions/tagged/inertiajs,403
https://stackoverflow.com/questions/tagged/apache-camel,403
https://stackoverflow.com/questions/tagged/snmp,403
https://stackoverflow.com/questions/tagged/clang-tidy,403
https://stackoverflow.com/questions/tagged/ios18,403
https://stackoverflow.com/questions/tagged/cmake,403
https://stackoverflow.com/questions/79030230/why-arent-file-uploads-banner-images-slider-working-in-laravel-with-react-a,403
https://stackoverflow.com/questions/tagged/bash,403
https://stackoverflow.com/questions/tagged/angular,403
https://stackoverflow.com/questions/tagged/appium-inspector,403
https://stackoverflow.com/questions/79030227/can-i-install-and-run-coral-usb-accelerator-on-ubuntu-22-04-without-downgrading,403
https://stackoverflow.com/questions/tagged/stm32,403
https://stackoverflow.com/questions/tagged/kql,403
https://stackoverflow.com/questions/79030266/appium-inspector-keeps-on-loading-on-trying-to-inspect-ios-elements,403
https://stackoverflow.com/questions/tagged/16-bit,403
https://stackoverflow.com/questions/tagged/browser,403
https://stackoverflow.com/questions/tagged/winapi,403
https://stackoverflow.com/questions/tagged/pointers,403
https://stackoverflow.com/questions/tagged/kotlin,403
https://stackoverflow.com/questions/tagged/css,403
https://stackoverflow.com/questions/79030232/how-to-use-loadexternaltokens-in-microsoft-authentication-library-for-js,403
https://stackoverflow.com/questions/tagged/msal.js,403
https://stackoverflow.com/questions/tagged/webkit,403
https://stackoverflow.com/questions/tagged/rabbitmq,403
https://stackoverflow.com/questions/tagged/oracle-integration-cloud,403
https://stackoverflow.com/questions/79030213/ms-edge-chrome-stopped-showing-response-preview,403
https://stackoverflow.com/questions/tagged/installation,403
https://stackoverflow.com/questions/tagged/apache-iceberg,403
https://stackoverflow.com/questions/79030254/how-to-skip-alternating-header-rows-in-csv-during-ftp-and-atp-integration-in-ora,403
https://stackoverflow.com/questions/tagged/ps4,403
https://stackoverflow.com/questions/tagged/8-bit,403
https://stackoverflow.com/questions/tagged/azure,403
https://stackoverflow.com/questions/tagged/ram,403
https://stackoverflow.com/questions/79030258/how-can-i-add-structured-metadata-to-a-column-in-an-iceberg-table,403
https://stackoverflow.com/questions/tagged/laravel,403
https://stackoverflow.com/questions/tagged/reference,403
https://stackoverflow.com/questions/tagged/testing,403
https://stackoverflow.com/questions/tagged/cxf,403
https://stackoverflow.com/questions/tagged/scikit-learn,403
https://stackoverflow.com/questions/tagged/animation,403
https://stackoverflow.com/questions/tagged/ngrx,403
https://stackoverflow.com/questions/tagged/microsoft-entra-external-id,403
https://stackoverflow.com/questions/79030255/saga-event-not-returning-to-main-controller-its-going-for-long-loading-resulted,403
https://stackoverflow.com/questions/tagged/microsoft-entra-id,403
https://stackoverflow.com/questions/tagged/getopts,403
https://stackoverflow.com/questions/tagged/c%2b%2b,403
https://stackoverflow.com/questions/79030235/using-misc-include-cleaner-with-windows-h,403
https://stackoverflow.com/questions/tagged/scripting,403
https://stackoverflow.com/questions/79030241/motion-blur-svg-filter-not-working-in-iphone,403
https://stackoverflow.com/questions/tagged/python,403
https://stackoverflow.com/questions/tagged/state-machine,403
https://stackoverflow.com/questions/ask,403
https://stackoverflow.com/questions/tagged/google-chrome,403
https://stackoverflow.com/questions/tagged/jbossfuse,403
https://stackoverflow.com/questions/tagged/annotations,403
https://stackoverflow.com/questions/79030250/composition-repeatable-annotations-in-custom-annotation,403
https://stackoverflow.com/questions/tagged/laravel-11,403
https://stackoverflow.com/questions/tagged/c%23,403
https://stackoverflow.com/questions/tagged/csv,403
https://stackoverflow.com/questions/tagged/iphone,403
https://stackoverflow.com/questions/79030264/how-to-avoid-exchange-timeout-in-redhat-fuse-adapter-working-with-apache-camel-a,403
https://en.wikipedia.org/wiki/Hampton_Dellinger,403
https://en.wikipedia.org/wiki/Nerone_(Mascagni),403
https://en.wikipedia.org/wiki/Portarlington_(Parliament_of_Ireland_constituency),403
https://en.wikipedia.org/wiki/Teresa_Riera,403
https://en.wikipedia.org/wiki/Arch_Rock_(Tasmania),403
https://en.wikipedia.org/wiki/List_of_Falling_in_Reverse_band_members,403
https://en.wikipedia.org/wiki/Hatterrall_Ridge,403
https://en.wikipedia.org/wiki/Red_River_shiner,403
https://en.wikipedia.org/wiki/Blue_Kentucky_Girl_(Emmylou_Harris_album),403
https://en.wikipedia.org/wiki/Queen_Victoria_Diamond_Jubilee_Medal,403
https://en.wikipedia.org/wiki/List_of_Fairy_Tail_chapters_(volumes_46%E2%80%9363),403
https://en.wikipedia.org/wiki/Professional_practice_of_behavior_analysis,403
https://en.wikipedia.org/wiki/Seymour_Inlet,403
https://en.wikipedia.org/wiki/Daisy_Waterstone,403
https://en.wikipedia.org/wiki/Daniel_Baldi,403
https://en.wikipedia.org/wiki/Luis_Schiavo,403
https://en.wikipedia.org/wiki/Street_(Herman_Brood_%26_His_Wild_Romance_album),403
https://en.wikipedia.org/wiki/Screaming_Dead,403
https://en.wikipedia.org/wiki/Christian_National_Union_for_the_Reconstruction_of_Haiti,403
https://en.wikipedia.org/wiki/Raj_Madiraju,403
https://en.wikipedia.org/wiki/2009_European_Parliament_election_in_Romania,403
https://en.wikipedia.org/wiki/Gluconacetobacter_azotocaptans,403
"https://en.wikipedia.org/wiki/Stefan_Bajic_(footballer,_born_1997)",403
https://en.wikipedia.org/wiki/Gilly_in_Prague_for_the_First_Time,403
https://en.wikipedia.org/wiki/1948_New_York_Giants_season,403
https://en.wikipedia.org/wiki/C%C3%A9lestin_Bougl%C3%A9,403
https://en.wikipedia.org/wiki/Boulevard_Saint-Michel,403
https://en.wikipedia.org/wiki/Tramoyes,403
https://en.wikipedia.org/wiki/Ines_Erbus,403
https://en.wikipedia.org/wiki/Boys_on_Film,403
https://en.wikipedia.org/wiki/Gjergj_Spani,403
https://en.wikipedia.org/wiki/Jimmie%27s_Millions,403
https://en.wikipedia.org/wiki/Swimming_at_the_2011_World_Aquatics_Championships_%E2%80%93_Women%27s_200_metre_freestyle,403
https://en.wikipedia.org/wiki/John_Laughlin_(actor),403
https://en.wikipedia.org/wiki/Constitution_of_Carthage,403
https://en.wikipedia.org/wiki/Takuya_Sugawara,403
https://en.wikipedia.org/wiki/Clarence_L._Partee,403
https://en.wikipedia.org/wiki/Ancellotta,403
https://en.wikipedia.org/wiki/What%27s_on_Tonight,403
https://en.wikipedia.org/wiki/Abura/Asebu/Kwamankese_District,403
https://en.wikipedia.org/wiki/Alejandro_Acton,403
https://en.wikipedia.org/wiki/Futaba_Group,403
https://en.wikipedia.org/wiki/Flavia_Sparacino,403
https://en.wikipedia.org/wiki/Tobamovirus_internal_ribosome_entry_site_(IRES),403
https://en.wikipedia.org/wiki/Social_policy_of_the_Barack_Obama_administration,403
https://en.wikipedia.org/wiki/Martinism,403
https://en.wikipedia.org/wiki/John_Pudney,403
https://en.wikipedia.org/wiki/Duane_Kuiper,403
https://en.wikipedia.org/wiki/Conservation_biology,403
https://en.wikipedia.org/wiki/Porthetinae,403
https://en.wikipedia.org/wiki/WJNV,403
https://en.wikipedia.org/wiki/Atlantic_Rhapsody,403
https://en.wikipedia.org/wiki/Leo-Raymond_de_Neckere,403
https://en.wikipedia.org/wiki/HMS_Cottesmore_(L78),403
https://en.wikipedia.org/wiki/Trou-du-Nord_Arrondissement,403
https://en.wikipedia.org/wiki/Almaz_Ivanov,403
https://en.wikipedia.org/wiki/Keyon_Nash,403
https://en.wikipedia.org/wiki/I%27m_with_You_(Avril_Lavigne_song),403
https://en.wikipedia.org/wiki/Psalidoxena,403
https://en.wikipedia.org/wiki/Eiconaxius_cristagalli,403
https://en.wikipedia.org/wiki/Ginger_Johnson,403
https://en.wikipedia.org/wiki/Panthays,403
https://en.wikipedia.org/wiki/Pak_Jong-hyeon,403
https://en.wikipedia.org/wiki/Iraj%C3%A1,403
https://en.wikipedia.org/wiki/Joe_McWilliams,403
https://en.wikipedia.org/wiki/Roberto_Bressan,403
https://en.wikipedia.org/wiki/Juupajoki,403
https://en.wikipedia.org/wiki/Hotcakes_(album),403
https://en.wikipedia.org/wiki/Paul_McGahan,403
https://en.wikipedia.org/wiki/Maezora_Station,403
https://en.wikipedia.org/wiki/Matas_Jucikas,403
https://en.wikipedia.org/wiki/John_Hay_(Jesuit),403
https://en.wikipedia.org/wiki/Rainer_Kaufmann,403
https://en.wikipedia.org/wiki/Midna_Ruda,403
"https://en.wikipedia.org/wiki/Gulf_Park_Estates,_Mississippi",403
https://en.wikipedia.org/wiki/Cathie_Adams,403
"https://en.wikipedia.org/wiki/Malaka_Township,_Jasper_County,_Iowa",403
https://en.wikipedia.org/wiki/Life_Serial,403
https://en.wikipedia.org/wiki/Gisela_Stein,403
https://en.wikipedia.org/wiki/Eddie_McGill,403
https://en.wikipedia.org/wiki/2012_Superstars_Series_Spa-Francorchamps_round,403
https://en.wikipedia.org/wiki/Vrbo,403
"https://en.wikipedia.org/wiki/Luancheng,_Hebei",403
https://en.wikipedia.org/wiki/From_First_to_Last_(album),403
https://en.wikipedia.org/wiki/SafeBreach,403
https://en.wikipedia.org/wiki/Brachytrematidae,403
https://en.wikipedia.org/wiki/Henry_Johansen,403
https://en.wikipedia.org/wiki/Galician_Academy_of_the_Portuguese_Language,403
https://en.wikipedia.org/wiki/Ugonna,403
https://en.wikipedia.org/wiki/Edgar_Towner,403
https://en.wikipedia.org/wiki/Maralan,403
https://en.wikipedia.org/wiki/Monazite,403
https://en.wikipedia.org/wiki/Jennifer_duBois,403
https://en.wikipedia.org/wiki/1931_World_Fencing_Championships,403
https://en.wikipedia.org/wiki/Center_for_Bio-Ethical_Reform,403
https://en.wikipedia.org/wiki/John_Quinn_Sr.,403
https://en.wikipedia.org/wiki/Parc_floral_de_Paris,403
https://en.wikipedia.org/wiki/Wiltshire_Emergency_Services,403
https://en.wikipedia.org/wiki/Google_Charts,403
"https://en.wikipedia.org/wiki/Five_Ways,_Birmingham",403
https://en.wikipedia.org/wiki/List_of_most-visited_websites,403
https://www.similarweb.com/top-websites/,404
https://moz.com/top500,403
https://www.visualcapitalist.com/the-50-most-visited-websites-in-the-world/,403
https://www.hostinger.com/tutorials/most-visited-websites-in-the-world,403
https://www.kaggle.com/datasets/mathurinache/mostpopularwebsites,404
https://en.wikipedia.org/wiki/Programming_languages_used_in_most_popular_websites,403
https://www.web.com/blog/popular-websites-looked-like-first-started/,403
https://finance.yahoo.com/news/30-most-visited-websites-world-231716713.html,429
https://www.comparethemarket.com/broadband/news/the-worlds-most-popular-websites/,403
https://time.com/4960202/most-influential-websites/,406
https://www.lifewire.com/most-popular-sites-3483140,460
https://www.hostingadvice.com/how-to/most-visited-websites-in-the-world/,403
https://www.ssa.gov/oact/babynames/,403
https://www.lovemyonlinemarketing.com/16-most-popular-types-of-websites-that-you-should-know,403
https://edkentmedia.com/list-of-top-500-most-popular-websites-on-internet/,403
https://www.kaggle.com/datasets/thedevastator/the-top-websites-in-the-world,404
https://www.fastcompany.com/90642252/think-you-know-the-worlds-most-popular-websites-think-again,403
https://www.topuniversities.com/blog/33-useful-websites-students,403
https://www.forbes.com/advisor/in/business/software/website-statistics/,403
https://www.techradar.com/news/the-best-website-builder,403
https://www.cloudflare.com/learning/cdn/what-is-a-cdn/,403
https://www.hhs.gov/ohrp/regulations-and-policy/regulations/45-cfr-46/index.html,403
https://www.upwork.com/resources/best-freelance-websites,403
https://trends.builtwith.com/cms,202
https://www.nominus.com/en/dm/blog/hosting/what-is-the-most-visited-website-in-the-world,403
https://www.appypie.com/blog/research/most-visited-websites,410
https://www.census.gov/popclock/,403
https://www.mlbair.com/,403
https://www.topknobs.com/,405
https://www.fbi.gov/how-we-can-help-you/scams-and-safety/common-frauds-and-scams/spoofing-and-phishing,403
https://sg.finance.yahoo.com/news/9-world-most-popular-websites-145458390.html,429
https://commonfund.nih.gov/newinnovator,403
https://www.thebalancemoney.com/top-best-job-websites-2064080,460
https://www.forbes.com/sites/priceonomics/2017/07/26/what-are-the-most-popular-websites-by-demographic/,403
https://www.quora.com/What-are-some-of-the-most-popular-websites-in-the-world-How-many-people-use-them-every-day-month-or-year,403
https://www.designrush.com/best-designs/websites,403
https://www.stopbullying.gov/cyberbullying/what-is-it,403
https://www.sec.state.ma.us/divisions/elections/elections-and-voting.htm,403
https://www.rockefellercenter.com/attractions/top-of-the-rock-observation-deck/,403
https://www.gmu.edu/,403
https://www.weforum.org/agenda/2017/04/most-popular-websites-google-youtube-baidu/,403
https://www.freedomscientific.com/products/software/jaws/,403
https://www.webdesign-inspiration.com/article/7-most-popular-types-of-websites-in-2022-with-examples/,403
https://www.thetoptens.com/internet/websites/,403
https://truleap.net/top-10-most-visited-websites-in-the-u-s-as-of-august-2021/,404
https://statisticsanddata.org/data/most-popular-websites-in-the-world-1996-2021/,403
https://provaromarketing.com/12-popular-websites-world/,403
https://www.wikiwand.com/en/articles/List_of_most-visited_websites,403
https://www.bls.gov/data/,403
https://www.avg.com/en/signal/best-dark-websites,503
https://www.ssa.gov/oact/babynames/decades/,403
https://www.charitynavigator.org/,403
https://www.un.org/en/content/common-agenda-report/,403
https://www.crazyegg.com/blog/homepage-design/,403
https://www.nobelprize.org/prizes/chemistry/2024/popular-information/,403
https://www.quora.com/What-are-some-of-the-most-visited-websites-in-the-world-after-YouTube-Facebook-and-Google-Where-does-Amazon-rank-compared-to-these-sites,403
https://acaai.org/allergies/allergic-conditions/food/,403
https://www.parliament.uk/business/commons/,403
https://moodle.org/,403
https://bm.ge/en/news/the-worlds-most-popular-websites/85920,403
https://radar.cloudflare.com/domains,403
https://www.fbi.gov/how-we-can-help-you/scams-and-safety/common-frauds-and-scams,403
https://www.etsy.com/,403
https://support.google.com/chrome/answer/2693767?hl=en&co=GENIE.Platform%3DDesktop,404
https://www.un.org/en/about-us/universal-declaration-of-human-rights,403
https://otechworld.com/most-popular-websites-in-world/,406
https://www.sfnmjournal.com,403
https://www.hyderabadonline.in,403
https://www.motley.ie,403
https://www.funzine.hu,403
https://www.bwresearch.com,403
https://www.naturalearthdata.com,406
https://www.poundingtherock.com,420
https://www.today.uci.edu,403
https://www.circlek.org,403
https://www.usbirthcertificates.com,461
https://www.ommegang.com,403
https://www.barracudamagazine.com,406
https://www.hines.com,403
https://www.cheekylime.com,405
https://www.narip.com,406
https://www.solarwinds.com,403
https://www.coins.lakdiva.org,406
https://www.visitplacer.com,403
https://www.subhavaastu.com,403
https://www.redcastlehoteldonegal.com,403
https://www.mybridge4life.com,405
https://www.aicitychallenge.org,403
https://www.safeinsound.us,406
https://www.steamidfinder.com,403
https://www.siskin.org,403
https://www.cyberport.de,403
https://www.greekairtaxinetwork.gr,403
https://www.elephind.com,403
https://www.siam.org,403
https://www.automotiveforums.com,403
https://www.rrca.org,403
https://www.tailflyfishing.com,406
https://www.colinraffel.com,406
https://www.gorenter.com,405
https://www.netcents.af.mil,403
https://www.soundexchange.com,403
https://www.ceritalucah.mobi,405
https://www.pmdtc.org,405
https://www.cell-auto.com,406
https://www.kroad.com,403
https://www.hyufc.com,403
https://www.callawaygolf.com,429
https://www.puneonline.in,403
https://www.marbesol.com,403
https://www.lunadna.com,525
https://www.cinema-box.co.uk,403
https://www.agripurina.ca,403
https://www.atlantic-county.org,403
https://www.telmate.com,403
https://www.mindandlife.org,403
https://www.paris-prix.com,403
https://www.countryfinancial.com,403
https://www.powerengineeringint.com,403
https://www.guletyacht.net,403
https://www.underdown.org,406
https://www.madling.dk,455
https://www.shopcoastguard.com,403
https://www.artapartofculture.net,403
https://www.ands.org.au,403
https://www.revolvermag.com,403
https://www.ok.org,403
https://www.culturedeluxe.com,406
https://www.breaknews.com,403
https://www.adani.com,404
https://www.gazeta.gt,412
https://www.teikametrics.com,403
https://www.threesprings.wa.gov.au,403
https://www.oyeyeah.com,403
https://www.sixthcircuitappellateblog.com,403
https://www.warregoenergy.com,523
https://www.classic.circushistory.org,406
https://www.thelastmiles.com,403
https://www.arthurcox.com,403
https://www.gamacheseries.com,403
https://www.indianjurol.com,403
https://www.agrinet.co.kr,404
https://www.dimensionit.tv,521
https://www.scitecheuropa.eu,403
https://www.mrdoor.info,500
https://www.hakusuisha.co.jp,403
https://www.theteamstore.com,404
https://www.fetefone.com,403
https://www.zankyou.fr,403
https://www.fightnewsaustralia.com,406
https://www.bootcss.com,404
https://www.nmg.gov.cn,403
https://www.betemunah.org,406
https://www.acupuncture.cc,403
https://www.dynamo6.com,403
https://www.newsreview.com,403
https://www.ed-live.de,403
https://www.citizenpoulpe.com,403
https://www.ampsoft.net,406
https://www.uaeprison.com,406
https://www.njpw.co.jp,403
https://www.indydisplays.com,403
https://www.threerivers.gov.uk,202
https://www.commerce.wa.gov,403
https://www.em-arts.org,406
https://www.productofitaly.com,404
https://www.aaisecurities.com,403
https://www.plus.net,401
https://www.phmsa.dot.gov,403
https://www.colinsbutchery.com.au,406
https://www.washingtonea.org,403
https://www.directart.co.uk,403
https://www.advancedcustomfields.com,403
https://www.badenhaus.it,403
https://www.red-redial.net,403
https://www.uncen.ac.id,403
https://www.bohocloset.com,404
https://www.apaac.az.gov,403
https://www.sexlive.ltd,405
https://www.alzheimers.net,403
https://www.yellowtailwine.com,403
https://www.journeyplus.com,403
https://www.curtisinsuranceoflouisiana.com,404
https://www.cadremploi.fr,403
https://www.greyphyte.com,403
https://www.coposdeluz.com.ar,403
https://www.initlive.com,403
https://www.acrod.org,404
https://www.rossmartin.co.uk,403
https://www.floridajobs.org,403
https://www.nationalfootballmuseum.com,403
https://www.bloomsdayrun.org,403
https://www.matchabloom.com,404
https://www.sleightsofmind.com,500
https://www.jdvhotels.com,405
https://www.successfulmeetings.com,403
https://www.blickrothenberg.com,403
https://www.offexploring.com,405
https://www.stratcom.mil,403
https://www.schumer.senate.gov,403
https://www.totalbrain.com,403
https://www.naheedaspencer.com,403
https://www.gtav.asn.au,404
https://www.tokencoins.com,465
https://www.gillbros.com,405
https://www.globalanimal.org,403
https://www.ekskluzivno.si,500
https://www.shadertoy.com,403
https://www.ebby.com,403
https://www.claritin.com,403
https://www.nybirds.org,406
https://www.south-ayrshire.gov.uk,403
https://www.tcoderbd.com,405
https://www.janinehuldie.com,403
https://www.actionfraud.police.uk,403
https://www.pandorasbox.com,406
https://www.joyandet.fr,403
https://www.fuzztones.net,403
https://www.custompartywear.co.uk,403
https://www.besoccer.com,406
https://www.houseofwheat.com,403
https://www.asiaartistawards.com,502
https://www.cmijournal.org,403
https://www.muslimsforpeace.org,403
https://www.southwestart.com,403
https://www.yesdee.com,405
https://www.qahana.am,406
https://www.esan.edu.pe,418
https://www.ziarulmetropolis.ro,403
https://www.taohuawu.club,404
https://www.petitlife.nl,403
https://www.visitmyphilippines.com,403
https://www.sundayobserver.lk,403
https://www.textbookofbacteriology.net,401
https://www.dcmediagroup.us,406
https://www.boxofhappies.com,500
https://www.cdnacional.pt,403
https://www.texasnepal.com,403
https://www.smartmetereducationnetwork.com,406
https://www.driftwoodmobile.com,406
https://www.wkrn.com,403
https://www.khelvachauri.ge,500
https://www.santarve.lt,403
https://www.americanmusical.com,405
https://www.petfoodprocessing.net,403
https://www.avonfire.gov.uk,403
https://www.thehotline.org,403
https://www.eof.fr,403
https://www.shashitharoor.in,406
https://www.camp-trans.org,500
https://www.idoido.com,404
https://www.icann.org,403
https://www.humanrightscolumbia.org,403
https://www.hawkcount.org,403
https://www.uci.ps,406
https://www.roccofortehotels.com,403
https://www.sfdsc.co,404
https://www.leuketip.nl,405
https://www.donaldjtrump.com,403
https://www.cordmagazine.com,403
https://www.school-scout.de,403
https://www.teknoratz.com,403
https://www.vanhollen.senate.gov,403
https://www.webbeteg.hu,403
https://www.budismo.com,403
https://www.learnedsociety.wales,403
https://www.visitballyhoura.com,403
https://www.sevenbarfoundation.org,405
https://www.medici.md,403
https://www.kentuckytoday.com,429
https://www.artrocker.tv,403
https://www.naxja.org,403
https://www.tonbridge-school.co.uk,403
https://www.thetrans100.com,405
https://www.turfomania.fr,403
https://www.chinasignpost.com,403
https://www.hometreeatlas.com,406
https://www.livefromtheastroturf.com,404
https://www.accentuate-beauty.com,405
https://www.etax.com.au,403
https://www.redhenturf.com,403
https://www.barclayscenter.com,405
https://www.collectstocks.com,403
https://www.whelanslive.com,403
https://www.bellevuecollege.edu,403
https://www.makeenmarketing.com,405
https://www.smgh.ca,403
https://www.grizzlyrings.com,404
https://www.annenberg.net,403
https://www.ibusiness.de,501
https://www.classicalchandeliers.co.uk,403
https://www.idenfy.com,403
https://www.strokeland.com,403
https://www.enedis.fr,403
https://www.asianpacificpost.com,406
https://www.cedars-sinai.org,403
https://www.aevv-egwa.org,403
https://www.jawalstore.com,403
https://www.clever.com,403
https://www.medicine.umich.edu,403
https://www.mobypicture.com,403
https://www.lochlomond-trossachs.org,403
https://www.barnsleychronicle.com,403
https://www.between-the-covers.com,403
https://www.lumbeeguarantybank.com,403
https://www.mylloydminsternow.com,403
https://www.southcom.mil,403
https://www.elekserv.ee,403
https://www.hangmanblinds.com,405
https://www.esmadrid.com,403
https://www.chanrobles.com,403
https://www.austincc.edu,403
https://www.garden2home.com,403
https://www.amba24.ar,520
https://www.umbrella-ms.com,403
https://www.apscbcsrc.org,403
https://www.sbpdiscovery.org,403
https://www.loughs-agency.org,403
https://www.regionepuglia.org,403
https://www.gnacsports.com,404
https://www.pinoyguyguide.com,406
https://www.animationxpress.com,403
https://www.ricoh-europe.com,403
https://www.caroadreport.com,500
https://www.nswports.com.au,403
https://www.rightsnet.org.uk,403
https://www.bigwaspsurvey.org,403
https://www.liberal.org.au,403
https://www.jhunewsletter.com,403
https://www.mattscdsingles.com,403
https://www.forestresearch.gov.uk,403
https://www.mulumat.com,403
https://www.sesportsmemorabilia.com,403
https://www.fondazioneprada.org,403
https://www.jpurol.com,403
https://www.mitchellrepublic.com,403
https://www.americanmedical-id.com,403
https://www.infosecinstitute.com,403
https://www.reefplan.qld.gov.au,403
https://www.apostleisland.com,403
https://www.watches.co.uk,403
https://www.personalcareermanagement.com,403
https://www.pbteen.com,403
https://www.torrossa.com,404
https://www.afghanwomensmission.org,406
https://www.ebara.com,403
https://www.ggause.com,403
https://www.salaros.com,404
https://www.nasuni.com,403
https://www.maltawildplants.com,401
https://www.olympic.qa,403
https://www.bdsdf.org,403
https://www.coastalshuttercompany.com,403
https://www.yorkarchaeology.co.uk,403
https://www.petakids.com,403
https://www.invias.gov.co,403
https://www.goodideasandtips.com,406
https://www.woolleyandwallis.co.uk,403
https://www.footballwood.com,500
https://www.gocva.com,418
https://www.tonicollette.org,403
https://www.thecricket.com,403
https://www.columbiabusinessmonthly.com,403
https://www.silverscreenandroll.com,420
https://www.owensflowershop.net,403
https://www.valamar.com,403
https://www.ragingwaves.com,403
https://www.recognition.org,404
https://www.police.nsw.gov.au,403
https://www.hwnn.com,403
https://www.multiculturalaustralia.org.au,403
https://www.croomandflood.com,403
https://www.cryptoarena.com,405
https://www.al-akhbar.com,403
https://www.huts.org,403
https://www.elhijodelblues.net,465
https://www.outwardbound.org,403
https://www.nisciencefestival.com,403
https://www.aps.sn,403
https://www.moranch.org,403
https://www.hazelden.org,403
https://www.hawthornecat.com,403
https://www.ghi888.com,403
https://www.peteralfonso.com,406
https://www.marlboroughct.net,403
https://www.mmwec.org,403
https://www.onlinespyshop.co.uk,403
https://www.tapol.org,429
https://www.gvltec.edu,403
https://www.projektyw.pl,403
https://www.capveterans.com,403
https://www.quakersintheworld.org,403
https://www.tropikmeyveci.com,403
https://www.brincksexteriors.com,403
https://www.patios-clotures.com,503
https://www.ivpress.com,403
https://www.dissercat.com,405
https://www.marinetraining.eu,403
https://www.oits-icit.org,465
https://www.thehealthmuseum.org,403
https://www.wbwn.com,403
https://www.parascript.com,403
https://www.ncdrc.res.in,404
https://www.aufeminin.com,403
https://www.fortorangepress.com,403
https://www.wetnwildhawaii.com,403
https://www.acco.org,403
https://www.vancity.com,429
https://www.mexfish.com,406
https://www.beemtech.com,404
https://www.hgcity.org,403
https://www.kshvid.com,530
https://www.trayport.com,403
https://www.hauserwirth.com,429
https://www.loudounchamber.org,403
https://www.cybercom.mil,403
https://www.xils-lab.com,403
https://www.zia-antonia.com,403
https://www.delightmoon.kr,403
https://www.tim.it,403
https://www.7md.lt,403
https://www.rrauction.com,403
https://www.music-avenue.net,406
https://www.custompartnet.com,429
https://www.aplikuj.pl,451
https://www.wolfehousebuildingmovers.com,403
https://www.olums.com,403
https://www.limburg.nl,403
https://www.30seconds.com,403
https://www.wellabe.de,403
https://www.dekaianime.com,521
https://www.sgherzogenrath-baesweiler.de,403
https://www.ilnipinsider.com,403
https://www.afropop.org,403
https://www.homehelpershomecare.com,403
https://www.inside-digital.de,405
https://www.ctc.ca.gov,403
https://www.h2o.it,500
https://www.hintofhistory.com,403
https://www.shapeamerica.org,404
https://www.lead4change.org,403
https://www.apptology.com,406
https://www.collegesportscouncil.org,406
https://www.gs1.org,403
https://www.aqha.com,403
https://www.darpanmagazine.com,406
https://www.srtabus.com,403
https://www.faz-bm.de,403
https://www.bcaa.gov.bt,403
https://www.5paisa.com,403
https://www.differencecoin.com,403
https://www.captaincook.com.au,403
https://www.wojde.org,403
https://www.somfy.co.uk,410
https://www.avweb.com,403
https://www.roundrocktexas.gov,403
https://www.istaf.de,403
https://www.bluelize.com,406
https://www.bbwmagazine.com,404
https://www.rebootwithjoe.com,403
https://www.bahlerbrothers.com,403
https://www.dhgate.com,403
https://www.atari-history.com,405
https://www.wikiloc.com,403
https://www.freesamialarian.com,406
https://www.eddersko.com,406
https://www.jpchrissie.com,403
https://www.stelco.com.mv,403
https://www.drugs.com,403
https://www.secoloditalia.it,403
https://www.coreandco.fr,403
https://www.sitm.info,465
https://www.fightmag.com.au,403
https://www.nvoad.org,403
https://www.irishchaplaincy.org.uk,403
https://www.familyhomeplans.com,403
https://www.accessindustries.com,403
https://www.sayitwithagift.com,520
https://www.zigzag-hairstudios.com,202
https://www.shutterbug.com,403
https://www.mathicalbooks.org,403
https://www.sarktile.com,403
https://www.worldfishingnetwork.com,403
https://www.grandlodge-nc.org,406
https://www.ener-g.com,402
https://www.ecommercemag.fr,403
https://www.teamtaylordoors.com,403
https://www.recruitmentboard.com.ng,404
https://www.enfgroup-ep.eu,520
https://www.1077thebone.com,403
https://www.basementsystemscalgary.com,403
https://www.eastportlandblog.com,406
https://www.vabaeestisona.com,403
https://www.cosmeticsdesign-europe.com,410
https://www.eaglealpha.com,403
https://www.wingsworldquest.org,403
https://www.fastonwater.co.uk,403
https://www.bartondentistry.com,403
https://www.mccormickfoundation.org,403
https://www.catskillhiker.com,465
https://www.petalforest.com,403
https://www.himalayan-imports.com,404
https://www.foxtrick.org,500
https://www.totallytarget.com,403
https://www.phytonshop.com.br,403
https://www.deallawwire.com,403
https://www.lipodoc.com,403
https://www.fluxmagazine.com,403
https://www.motlministries.org,406
https://www.lifeofcharmings.com,406
https://www.avia-app.org,403
https://www.julieseatsandtreats.com,403
https://www.poorclarescincinnati.org,405
https://www.retinalatina.org,403
https://www.aauw.org,403
https://www.mccnh.edu,403
https://www.rdasia.com,403
https://www.companyowl.com,503
https://www.kansascityfootandankle.com,403
https://www.homeanddesign.com,403
https://www.necc.usff.navy.mil,403
https://www.companysearchesmadesimple.com,403
https://www.noosafestivalofsurfing.com,403
https://www.filmsdelover.com,403
https://www.vingroup.net,403
https://www.gordes-village.com,403
https://www.emergencyreactor.org,405
https://www.geoscience.gov.au,403
https://www.pu.go.id,403
https://www.mzv.sk,403
https://www.peartree.com,403
https://www.thespacecinema.it,403
https://www.mtpoconocampground.com,465
https://www.funnbagz.com,404
https://www.the33rdteam.com,403
https://www.eldesconcierto.cl,403
https://www.ronjohnson.senate.gov,403
https://www.hudsonwarehouse.net,500
https://www.worldkidneycancerday.org,403
https://www.audicontractors.com,405
https://www.timuz.com,406
https://www.eurosambo.com,405
https://www.cross-tables.com,406
https://www.syngentaflowers-us.com,403
https://www.ecu.edu.au,403
https://www.sportesalute.eu,403
https://www.ussugar.com,403
https://www.ebm.gr,403
https://www.sswsh.com,403
https://www.roadlesstraveledstore.com,403
https://www.blokker.nl,403
https://www.bluebookofpianos.com,465
https://www.novinite.bg,502
https://www.undp.org,403
https://www.hkri.com,403
https://www.advantageccs.org,403
https://www.congreso.gob.pe,403
https://www.digitallydownloaded.net,403
https://www.spoj.com,403
https://www.foodpoisoningnews.com,403
https://www.southernpatioenclosures.com,403
https://www.iranculture.org,405
https://www.fethullahgulenforum.org,403
https://www.radioworld.com,403
https://www.littledeanjail.com,403
https://www.jitk.org,406
https://www.theknack.com,406
https://www.santamonicarugby.com,403
https://www.saltandsprinkles.com,403
https://www.tccreativeco.com,405
https://www.360blue.com,406
https://www.afreshlookcarpetcleaninginc.com,500
https://www.wbif.eu,403
https://www.newyorkpolonia.com,405
https://www.lennarswfl.com,403
https://www.rebeccagoldstein.com,406
https://www.leadersedge.com,403
https://www.dahianlamindakideayriyazilir.com,403
https://www.theheraldtimes.com,403
https://www.opencompute.org,403
https://www.staysforheroes.com,403
https://www.thehighroad.org,403
https://www.enpocaspalabras.com.ar,403
https://www.artiifoundation.org,403
https://www.peta.de,403
https://www.frogfish.ch,510
https://www.recordmeteo.com,403
https://www.bestinfohub.com,406
https://www.meshulam.co.il,403
https://www.optimizesmart.com,403
https://www.minnesotatreeexperts.com,405
https://www.delraybeachcruises.com,403
https://www.centris.ca,403
https://www.sirenos.lt,403
https://www.wyden.senate.gov,403
https://www.dsgnoverdose.com,403
https://www.riverreporter.com,403
https://www.travelagewest.com,403
https://www.enterprisepub.com,403
https://www.transgendergroepgroningen.nl,520
https://www.rnc.gov.nl.ca,500
https://www.figure1.com,403
https://www.topmarques.uk.com,503
https://www.ohrdruf.de,403
https://www.bee-hexagon.net,403
https://www.swf.usace.army.mil,403
https://www.iisd.org,403
https://www.scottishfield.co.uk,403
https://www.ezidipress.com,502
https://www.uhrenmarkt.juppy24.com,403
https://www.devianceanddesire.com,465
https://www.videogamesblogger.com,503
https://www.gameru.net,403
https://www.cartridgecollector.net,403
https://www.poa.usace.army.mil,403
https://www.littlescandinavian.com,403
https://www.cyprusembassy.net,406
https://www.vote.nz,403
https://www.intelliatx.com,403
https://www.mobygames.com,403
https://www.inderapotheke.de,403
https://www.englishclub.com,403
https://www.afimsc.af.mil,403
https://www.antiochsportslegends.com,403
https://www.bookingentertainment.com,403
https://www.marchon.com,403
https://www.action-transfers.com,403
https://www.hannaandersson.com,307
https://www.bitblox.me,500
https://www.speedwaymotors.com,403
https://www.holidays-iledere.co.uk,526
https://www.nehs.org,403
https://www.ktabkbih.net,403
https://www.flyabs.com,403
https://www.dancing-times.co.uk,403
https://www.trilliumpartners.co.uk,403
https://www.garrigueshouse.com,403
https://www.gov-online.go.jp,403
https://www.foodpoisonjournal.com,403
https://www.saintpetershcs.com,403
https://www.iluterana.cl,406
https://www.thecge.net,403
https://www.flvacationconnection.com,403
https://www.aghalloffame.com,403
https://www.sportingintelligence.com,403
https://www.careercast.com,403
https://www.slj.com,403
https://www.hshi.co.kr,405
https://www.newlondon.org.uk,403
https://www.gulleygreenhouse.com,403
https://www.phytotherapyjournal.com,406
https://www.vtechphones.com,403
https://www.rmweb.co.uk,403
https://www.victoriamillesime.co.uk,500
https://www.luxuryrealestate.com,403
https://www.ssc.spaceforce.mil,403
https://www.police.govt.nz,403
https://www.cubeskills.com,404
https://www.residentialsystems.com,403
https://www.peroxidepropulsion.com,406
https://www.citybbq.com,403
https://www.mrrebates.com,403
https://www.emilylucarzphotography.com,403
https://www.wileypostairport.com,403
https://www.acentech.com,403
https://www.mccoveychronicles.com,420
https://www.sazalem.com,500
https://www.floretnews.com,404
https://www.nukeworker.com,403
https://www.gemfellowship.org,403
https://www.plugpower.com,403
https://www.revistasuplementacao.com.br,406
https://www.hakes.com,403
https://www.southernillinoisbank.com,403
https://www.rkgit.edu.in,406
https://www.campuscircle.com,403
https://www.superprof.fr,403
https://www.colostate.edu,403
https://www.librarystudentjournal.org,500
https://www.ambicarototech.com,405
https://www.tamanalamlumbini.org,526
https://www.fivestarhic.com,403
https://www.sdgsinaction.com,403
https://www.digitalarchivioricordi.com,403
https://www.kioskoymas.com,406
https://www.fchea.org,403
https://www.howplantswork.com,403
https://www.portcharlotteflorist.net,403
https://www.arturest.com,403
https://www.hochschwarzwald.de,403
https://www.flowersbysusan.com,403
https://www.hodsonbayhotel.com,403
https://www.diegortegalonso.com,403
https://www.grameen-info.org,520
https://www.homesolutionsiowa.com,503
https://www.oregonencyclopedia.org,403
https://www.beehivestrategy.com,405
https://www.cksmh.gov.tw,404
https://www.catcareofvinings.com,403
https://www.telematicswire.net,406
https://www.pie.com.pk,403
https://www.scapesincokc.com,403
https://www.ddtdigest.com,465
https://www.morenanude.com.br,403
https://www.lightingandceramics.com.au,406
https://www.research.unipd.it,403
https://www.nwarpc.org,403
https://www.eddabney.com,404
https://www.euractiv.ro,403
https://www.historyoftechnology.org,403
https://www.ujlink.uj.ac.za,502
https://www.msq.qld.gov.au,403
https://www.aleppo.us,405
https://www.brewinbooks.com,403
https://www.msard-journal.com,403
https://www.audioholics.com,403
https://www.rentfindinspector.com.au,403
https://www.festivalenescu.ro,403
https://www.jewishnews.co.uk,403
https://www.fpmtabc.org,406
https://www.pakistanlink.org,406
https://www.vintagedrumguide.com,406
https://www.fangoria.com,403
https://www.mea.com.lb,403
https://www.metroline.co.uk,403
https://www.cakenknife.com,403
https://www.faithandfreedom.com,403
https://www.nevadacouncil.org,403
https://www.charlottehoodcleaning.com,403
https://www.kisumu.go.ke,502
https://www.hl7.org,202
https://www.officeworksinc.com,403
https://www.mnd.gov.tw,405
https://www.project44.com,403
https://www.yucatan.gob.mx,500
https://www.mtbdata.com,403
https://www.timelessbridalaccessories.com,404
https://www.helmetshop.com,403
https://www.joelmciver.co.uk,405
https://www.eldiario24.com,444
https://www.sitemason.com,403
https://www.centrebank.net,403
https://www.mataderomadrid.org,403
https://www.fosenvind.no,404
https://www.orangutans.com.au,403
https://www.computercablestore.com,403
https://www.barnetsociety.org.uk,403
https://www.everystudent.com,403
https://www.cemeterys.ru,403
https://www.lolligagworld.com,406
https://www.legalmatch.com,403
https://www.yaklass.ru,403
https://www.rentole.com,403
https://www.theebillychildish.com,403
https://www.assetmacro.com,500
https://www.scooterdirect.com,403
https://www.valleyjournals.com,403
https://www.corrections.govt.nz,403
https://www.sykes.com,403
https://www.mitchellhistoricproperties.com,403
https://www.matthewkoma.com,405
https://www.culturepartnership.eu,500
https://www.nucountry.com.au,403
https://www.eastbaycenter.org,403
https://www.priyatheblog.com,403
https://www.thegeorgiasatellites.com,403
https://www.auspet.com,406
https://www.trakref.com,403
https://www.chathamhouse.org,403
https://www.plan.org.au,403
https://www.easymixconcrete.com,403
https://www.warren.senate.gov,403
https://www.alwatwan.net,403
https://www.rmc-mx.org,403
https://www.rumtherapy.com,406
https://www.culturehoney.com,403
https://www.adler-schiffe.de,403
https://www.consiglionazionaleforense.it,403
https://www.inteletex.com,405
https://www.bjupresshomeschool.com,403
https://www.jla.nihr.ac.uk,403
https://www.101thefox.net,403
https://www.janetpanic.com,405
https://www.culturaypatrimonio.gob.ec,403
https://www.nsa.gov,403
https://www.obergandlindquist.com,403
https://www.townoflyme.com,406
https://www.logicmonitor.com,403
https://www.bbspy.co.uk,406
https://www.vdrums.com,403
https://www.grandchesstour.org,403
https://www.tradeshift.com,403
https://www.vacationsbyaruba.com,405
https://www.bucsdugout.com,420
https://www.terasemcentral.org,405
https://www.satcomdirect.com,403
https://www.lighthouse-services.com,403
https://www.intoibiza.nl,405
https://www.righttoknow.org.au,403
https://www.impinj.com,403
https://www.plainvillehistory.org,403
https://www.varnastudios.co.uk,403
https://www.kaiff.org,405
https://www.sumcoco.com,402
https://www.filmbug.com,403
https://www.vecma.eu,500
https://www.trailcraftcycles.com,403
https://www.leonardooliveoil.com,403
https://www.lsvets.com,403
https://www.iae.uni-bonn.de,404
https://www.kcharmdesign.com,405
https://www.addmotor.com,403
https://www.cloudcoentertainment.com,406
https://www.mostreamteam.org,403
https://www.merseyvalley.org.uk,403
https://www.statsbots.org.bw,406
https://www.triaddesign.com,405
https://www.ievolve.org,405
https://www.ieltsscore.com,520
https://www.linnmar.k12.ia.us,403
https://www.jennyrolappphoto.com,403
https://www.oliverphotography.co.uk,403
https://www.bibleviews.com,406
https://www.incirlik.af.mil,403
https://www.sugarcrm.com,403
https://www.westsussex.gov.uk,403
https://www.ndsualumnicenter.com,403
https://www.artfinder.com,403
https://www.rbf.org,403
https://www.dopenedes.es,404
https://www.krafton.com,403
https://www.greenback.com,404
https://www.teasetc.com,405
https://www.mei.edu,403
https://www.fundforpeace.org,403
https://www.dicksoncountytn.gov,406
https://www.amast.com,403
https://www.aeva.asn.au,403
https://www.15rounds.com,406
https://www.schooloffreelancing.com,502
https://www.natat.org,403
https://www.seas.gwu.edu,403
https://www.fionaflintham.com,405
https://www.marianamachado.com,406
https://www.mushroomthejournal.com,406
https://www.pinkfloydz.com,406
https://www.arc.unsw.edu.au,403
https://www.21luglio.org,403
https://www.airporthopper.ie,403
https://www.serpro.gov.br,403
https://www.knots3d.com,406
https://www.globeatwar.com,406
https://www.laricagroup.com,406
https://www.artwarefineart.com,406
https://www.mountlaurel.com,403
https://www.ihealthbeautytips.com,403
https://www.findlaw.com,403
https://www.ventresslibrary.org,403
https://www.gknaerospace.com,403
https://www.edvisors.com,403
https://www.therxreview.com,403
https://www.tv-calling.com,403
https://www.teknoparkistanbul.com.tr,403
https://www.sandringhamestate.co.uk,403
https://www.westendcentre.co.uk,403
https://www.henan.gov.cn,403
https://www.urnworld.com.au,406
https://www.netinfocompany.bg,403
https://www.sortandsweetny.com,405
https://www.bccrs.org,403
https://www.silverbelt.com,403
https://www.middlefieldohio.com,403
https://www.wholesaleappcommunity.com,405
https://www.hifizine.com,403
https://www.aodct.com,403
https://www.koolbadges.co.uk,403
https://www.austintheatre.org,403
https://www.edatv.com,401
https://www.radnor.com,403
https://www.fontspring.com,403
https://www.martinsonandbeason.com,403
https://www.mhpbooks.com,403
https://www.aroundaboutbritain.co.uk,403
https://www.starwindsoftware.com,403
https://www.allrecipes.com,460
https://www.mezzacotta.net,403
https://www.chosenpeople.com,403
https://www.harvestatbent.com,406
https://www.tapco.com,403
https://www.welhat.gov.uk,403
https://www.alpinvest.com,403
https://www.rafflesiaflower.com,405
https://www.ageofautism.com,403
https://www.taisirgibreel.co.uk,403
https://www.uvaldetx.gov,403
https://www.artssf.com,406
https://www.missouripartnership.com,403
https://www.x-equals.com,403
https://www.worldecr.com,403
https://www.columbiapa.net,403
https://www.anointingoil.org,404
https://www.u.tools,403
https://www.wisconsinbookfestival.org,403
https://www.usar.army.mil,403
https://www.borderline24.com,403
https://www.startrekcontinues.com,406
https://www.screenhub.com.au,403
https://www.zirtual.com,403
https://www.alumni.jhu.edu,403
https://www.sslsupportdesk.com,406
https://www.srcalifornia.com,406
https://www.cubefour.de,502
https://www.dallascosmeticdentist.us,403
https://www.radioapp.com.br,502
https://www.bolsovercruiseclub.com,403
https://www.iadclaw.org,403
https://www.palmerfuneralhomes.com,403
https://www.publishedreporter.com,526
https://www.nonprofitmarketingguide.com,403
https://www.greenchoices.org,403
https://www.swazilandhappenings.co.za,406
https://www.winradio.com,406
https://www.artgrafik.fr,403
https://www.lib.montana.edu,403
https://www.catorce6.com,403
https://www.foodandwaterwatch.org,403
https://www.pehalnews.in,520
https://www.pdc.org,403
https://www.signaturekab.com,403
https://www.floretflowers.com,403
https://www.newsarawaktribune.com.my,403
https://www.truehollywoodtalk.com,403
https://www.sphereinfo.com,405
https://www.romanian-companies.eu,429
https://www.theallineed.com,405
https://www.usaveled.com,403
https://www.point-usa.com,404
https://www.houstonsystem.com,403
https://www.csbs.org,403
https://www.brainanddevelopment.com,403
https://www.trianglemicroworks.com,403
https://www.southend.gov.uk,403
https://www.research.att.com,403
https://www.torsos.com,406
https://www.gala-global.org,403
https://www.on24.com,403
https://www.campkins.com,403
https://www.unioncountyky.org,403
https://www.ch7.com,403
https://www.iso25000.com,406
https://www.felicebesostri.it,403
https://www.resourcegovernance.org,403
https://www.arrowtrademagazine.com,403
https://www.givf.com,403
https://www.mybuilder.com,403
https://www.beccanuckley.com,404
https://www.dns.com,502
https://www.cgu.edu,403
https://www.alpineproperty.com,403
https://www.waymarking.com,403
https://www.utf8-chartable.de,503
https://www.doom-metal.com,202
https://www.brodosplit.hr,404
https://www.gospelink.com,403
https://www.textology.ru,406
https://www.avelloneforgovernor.com,406
https://www.elamante.com,405
https://www.consultancy.com.au,403
https://www.gary-tv.com,403
https://www.millennialstar.org,403
https://www.fernwoodcove.com,403
https://www.aglearn.net,491
https://www.skillsoft.com,403
https://www.bimplus.co.uk,403
https://www.printpac.co.jp,403
https://www.texetera.ch,403
https://www.themadsareback.com,406
https://www.noblesdaycamp.org,403
https://www.xeniagazette.com,403
https://www.uniprix.com,403
https://www.hoteli.bg,403
https://www.archipress.org,503
https://www.siegelgale.com,403
https://www.fatah.ps,406
https://www.antioquia.gov.co,403
https://www.perio.org,403
https://www.bucsnation.com,420
https://www.gassend.net,406
https://www.n-able.com,403
https://www.jamd.ac.il,403
https://www.cleanjobsmidwest.com,403
https://www.dav.org,403
https://www.aidainternational.org,403
https://www.sexdollsoff.com,403
https://www.dehavenloods.nl,403
https://www.safebreach.com,403
https://www.bluecorona.com,403
https://www.macmillandictionary.com,404
https://www.textmyjournal.com,405
https://www.secretdonttell.com,406
https://www.gfbags.com,403
https://www.truelocal.com.au,403
https://www.psandman.com,406
https://www.advancesradonc.org,403
https://www.britishboxers.co.uk,405
https://www.prime-server.info,526
https://www.nsoft.com,403
https://www.werstars.com,404
https://www.ripplenami.com,406
https://www.kimkat.org,406
https://www.bristolmaine.org,403
https://www.johnlewispartnership.co.uk,403
https://www.chorwacja24.info,405
https://www.beatles-unlimited.com,500
https://www.sweethomecarolinarealty.com,403
https://www.clivelewis.org,403
https://www.pesutili.fi,403
https://www.sporteconomy.it,403
https://www.kabc.com,403
https://www.lner.co.uk,403
https://www.dpbestflow.org,503
https://www.imenik-domen.com,500
https://www.japanesepod101.com,403
https://www.thegoodwebguide.co.uk,403
https://www.mncgroup.com,403
https://www.downtownwindsor.ca,403
https://www.mtbs3d.com,403
https://www.paradescommission.org,403
https://www.catl.com,403
https://www.wagnerspraytech.com,403
https://www.pir.sa.gov.au,403
https://www.plasticosydecibelios.com,403
https://www.asiabooks.com,403
https://www.prospect.sa.gov.au,403
https://www.stathissamantas.com,404
https://www.dearisabella.net,402
https://www.bullionstar.com,405
https://www.therunhome.com,403
https://www.hotchips.org,406
https://www.capstonecurriculum.com.au,403
https://www.polishculture.org.uk,406
https://www.chapultepec.com.mx,406
https://www.ncids.org,403
https://www.bankinfosecurity.com,429
https://www.allweatherinc.com,405
https://www.bsimracing.com,403
https://www.acclimited.com,403
https://www.boroughofroselle.com,403
https://www.asbarez.com,403
https://www.dco.uscg.mil,403
https://www.fig.us,403
https://www.csx.com,403
https://www.lira.hu,403
https://www.thesprucecrafts.com,460
https://www.ardrossan.sa.au,406
https://www.rad-joy.com,404
https://www.connectsafely.org,403
https://www.askdrdee.com,403
https://www.sapere-association.com,500
https://www.sendcloud.com,403
https://www.railwaymagazine.co.uk,403
https://www.dreamideamachine.com,406
https://www.netvlies.nl,403
https://www.lacasadelascajas.com,403
https://www.webiztlv.co.il,403
https://www.socalregion.com,406
https://www.sydneycomedyfest.com.au,403
https://www.hemocue.com,403
https://www.daf.qld.gov.au,403
https://www.judicialwatch.org,403
https://www.butchersbunches.com,405
https://www.eco-ola.com,412
https://www.ymcahonolulu.org,403
https://www.photonspot.com,406
https://www.croinfo.net,406
https://www.rossel.be,403
https://www.annagraf.com,503
https://www.solidwoodkitchencabinets.co.uk,403
https://www.webopedia.com,403
https://www.fundit.ie,403
https://www.jmphotomn.com,403
https://www.ezeeabsolute.com,307
https://www.amorgos-island-magazine.com,403
https://www.calpeculiarities.com,403
https://www.helixsf.com,405
https://www.bookbinding.com,403
https://www.dailybusinessstudy.com,403
https://www.organiclife.ec,403
https://www.ourensecentro.com,404
https://www.thelostavocado.com,403
https://www.adamsmontessori.org,418
https://www.stylemycelebration.com.au,406
https://www.usingenglish.com,403
https://www.youscribe.com,404
https://www.ultimateboatwraps.com,403
https://www.hirdavatsatis.com,403
https://www.napawf.org,403
https://www.rib.uscourts.gov,404
https://www.sunmountaindoor.com,403
https://www.guidedogs.com,403
https://www.infodocket.com,403
https://www.filmjuice.com,403
https://www.lvcvt.com,503
https://www.screenbeam.com,403
https://www.ukrivers.net,403
https://www.cm-life.com,403
https://www.massbio.org,403
https://www.codility.com,403
https://www.booklistonline.com,503
https://www.berryhillfh.com,403
https://www.whatsinmyfood.com,403
https://www.eprosima.com,403
https://www.dreamsofqaimaj.com,406
https://www.rome-explorer.com,403
https://www.homeanddecor.com.sg,403
https://www.gundersonfh.com,403
https://www.appointy.com,403
https://www.craft-x-beer.com,405
https://www.suzhou.gov.cn,403
https://www.forkandbeans.com,403
https://www.craftbrewingbusiness.com,403
https://www.tradeimex.in,403
https://www.blaineorthodontics.com,404
https://www.lib.washington.edu,403
https://www.casabelamoura.com,403
https://www.lovellabridal.com,404
https://www.dickensmitchener.com,403
https://www.jigidi.com,418
https://www.positivelysplendid.com,500
https://www.tcse-k12.org,406
https://www.freepik.es,403
https://www.riverbluffcave.com,403
https://www.patakis.gr,403
https://www.alternativefinland.com,406
https://www.lib.uts.edu.au,403
https://www.partnersperks.com,404
https://www.base-camp.fi,412
https://www.ci.asheboro.nc.us,403
https://www.nybabystore.com,403
https://www.broadwaytour.net,406
https://www.globalvillagespace.com,403
https://www.wowkeren.com,403
https://www.ncimusic.com,404
https://www.artistsallianceinc.org,403
https://www.santafesprings.org,403
https://www.suwanneechamber.com,403
https://www.electricchoice.com,403
https://www.cbs17.com,403
https://www.robotsrule.com,500
https://www.uelac.org,403
https://www.constructa.com,400
https://www.perthculturalcentre.com.au,403
https://www.kentwoodoffice.com,403
https://www.ancce.es,403
https://www.haitilibre.com,403
https://www.bluffspetclinic.com,403
https://www.physicianonfire.com,403
https://www.nashuarpc.org,403
https://www.teach613.org,406
https://www.ryman.com,405
https://www.foxductcleaning.com,405
https://www.isustudentmedia.com,429
https://www.osp.org.uk,403
https://www.myfamilycinema.com,403
https://www.bulgyofocus.net,403
https://www.ossrea.net,406
https://www.pnm.ac.id,403
https://www.giejournal.org,403
https://www.opap.gr,403
https://www.govops.ca.gov,403
https://www.tvfanatic.com,403
https://www.surfer.com,403
https://www.collingwoodtoday.ca,403
https://www.asambleanacional.gob.ve,403
https://www.theconsumergoodsforum.com,403
https://www.darlingflowers.net,403
https://www.dailymaverick.co.za,403
https://www.wucker.com,403
https://www.afium.nl,403
https://www.americinndells.com,401
https://www.austcolled.com.au,405
https://www.bip.warszawa.pl,403
https://www.fedoremelianenko.tv,526
https://www.pajarito.ski,403
https://www.dsinatraent.com,405
https://www.budapestopenaccessinitiative.org,403
https://www.fontainepress.com,406
https://www.weekendwalls.com,405
https://www.wheninmanila.com,403
https://www.writerscentre.com.au,403
https://www.finanzen.ch,403
https://www.digitalhollywood.com,403
https://www.uvic.cat,403
https://www.directdoorhardware.com,403
https://www.amilyonline.com,405
https://www.heartstringsfiberarts.com,406
https://www.americasbride.us,404
https://www.pro-epic.com,412
https://www.caldwellco.missouri.org,406
https://www.naturalista.mx,403
https://www.singletrackworld.com,403
https://www.oldsaltblog.com,406
https://www.survey.gov.lk,406
https://www.componentsource.com,403
https://www.durchblick-glasgestaltung.de,403
https://www.javda.com,403
https://www.tonypacko.com,403
https://www.tmcf.org,403
https://www.3af.fr,403
https://www.axiomawards.com,403
https://www.gazszerelo.dev,403
https://www.caipliehouse.co.uk,501
https://www.gobicol.com,523
https://www.buildupnepal.com,403
https://www.girabsas.com,405
https://www.stockholm50.global,403
https://www.hcca-info.org,403
https://www.iraqinews.com,403
https://www.the-samaritans.net,403
https://www.mariasharapova.com,405
https://www.mrsmactivity.co.uk,403
https://www.ashaust.org.au,403
https://www.edu-leaders.com,403
https://www.lighttext.ru,403
https://www.therivieracountryclub.com,403
https://www.relucalota.com,500
https://www.rpcs3.net,403
https://www.carolinaoral.com,403
https://www.gulfcountytaxcollector.com,404
https://www.anandasouzafotografia.com,403
https://www.agileadvice.com,500
https://www.youthline.ca,403
https://www.sonniesoutside.com,404
https://www.nektra.com,403
https://www.burgundyfox.com,405
https://www.medisafe.com,403
https://www.mxt2510.com,405
https://www.offshorewind.biz,403
https://www.discounthealthproducts.com,403
https://www.cec-india.org,406
https://www.phi.org,403
https://www.alpen-guide.de,405
https://www.artofcomposing.com,403
https://www.spherestandards.org,403
https://www.amerika21.de,400
https://www.dailynews.co.th,403
https://www.frankiemanning.com,406
https://www.habitatapts.com,403
https://www.totallynawlins.com,403
https://www.rosscarey.com,406
https://www.vencanjemagazin.com,404
https://www.boutique4india.com,405
https://www.pahomepage.com,403
https://www.rufusdusol.com,403
https://www.photoweights.com,405
https://www.ijoms.com,403
https://www.gahecor.com,403
https://www.unimed.ac.id,403
https://www.cognalys.com,405
https://www.nationallacydog.org,406
https://www.paperculture.com,403
https://www.investor.jnj.com,403
https://www.wirmagazin.de,403
https://www.eba.europa.eu,403
https://www.bottlebazaar.co.uk,403
https://www.orgasmicbirth.com,403
https://www.ariba.com,403
https://www.dallas-water-damage-restoration.com,403
https://www.iryo.co.jp,500
https://www.sunhydraulics.com,403
https://www.almarjesolo.com,403
https://www.medicalcountermeasures.gov,403
https://www.kerstinmarch.com,404
https://www.ircs.org,403
https://www.keesler.af.mil,403
https://www.remodeling.hw.net,403
https://www.redcarpet-fashionawards.com,403
https://www.hdm.lth.se,404
https://www.tasteofhome.com,403
https://www.i94bar.com,406
https://www.meriti.com,405
https://www.watsonfurniture.com,403
https://www.ospa.es,403
https://www.fairhealthconsumer.org,500
https://www.movies.ch,403
https://www.seasidefurniture.com,403
https://www.jim-jarmusch.net,405
https://www.manningham.vic.gov.au,403
https://www.aprio.com,403
https://www.angrybirds.com,403
https://www.kandracreates.com,405
https://www.schoolsfirstfcu.org,404
https://www.springwellwater.com,403
https://www.darter.in,406
https://www.bangordailynews.com,429
https://www.trax-ties.com,403
https://www.rafaelincusa.com,403
https://www.worldwiderace.net,405
https://www.bizwaremagic.com,406
https://www.fsigenetics.com,403
https://www.coloradorafting.net,403
https://www.educationworld.com,403
https://www.lynettewhitesell.com,406
https://www.aristocraziawebzine.com,403
https://www.lynk.id,403
https://www.cuct.org.uk,403
https://www.bigcanyoncc.org,403
https://www.catingtonpost.com,406
https://www.inkeri.ru,403
https://www.feelingthevibe.com,406
https://www.pronamic.eu,403
https://www.jber.jb.mil,403
https://www.hcesd48.org,403
https://www.somalinet.com,403
https://www.regents.ac.uk,403
https://www.wgow.com,403
https://www.marc-girard.com,403
https://www.theater-haarlem.nl,403
https://www.soundwavedjandphoto.com,403
https://www.upperdeschuteswatershedcouncil.org,403
https://www.claudiachristian.net,502
https://www.nfpoutreach.org,403
https://www.agriculture.senate.gov,403
https://www.corrosionclinic.com,406
https://www.visualdx.com,403
https://www.oceanicworldwide.com,403
https://www.churchfield.uk.com,403
https://www.agdinteractive.com,406
https://www.hasil.gov.my,500
https://www.lincolnfinancialfield.com,403
https://www.nri.com,403
https://www.design.iconnect007.com,404
https://www.epilepsybehavior.com,403
https://www.cnxplayer.com,406
https://www.onebyfourstudio.com,403
https://www.tki.org.nz,403
https://www.ec-cube.net,403
https://www.alltrac.net,403
https://www.gtf.gatech.edu,403
https://www.theansweriscake.com,406
https://www.peace4tarpon.org,403
https://www.4flush.com,405
https://www.pedrasaltas.rs.gov.br,406
https://www.mtvernonme.org,403
https://www.worldsquash.org,403
https://www.wetlands.org,403
https://www.wdmrus.ru,500
https://www.gulftoday.ae,403
https://www.japantimes.co.jp,403
https://www.lublin112.pl,403
https://www.qutral.com.ar,403
https://www.numeromag.nl,403
https://www.mobileeurope.co.uk,403
https://www.ggsgamer.com,405
https://www.aswb.org,403
https://www.easygrass.net,403
https://www.collins.senate.gov,403
https://www.atmag.co.il,403
https://www.tartwords.com,403
https://www.ejonalabel.com,404
https://www.zawszepomorze.pl,403
https://www.resilinc.com,403
https://www.thelovt.com,404
https://www.andavis.de,403
https://www.thehawaiibowl.com,403
https://www.collegesinstitutes.ca,403
https://www.sunydutchess.edu,403
https://www.swansea.gov.uk,403
https://www.curiousexpeditions.org,500
https://www.creativejewishmom.com,406
https://www.cdpage.com,403
https://www.freewave.com,403
https://www.hawaiireporter.com,403
https://www.cruisedirect.com,403
https://www.forestrycorporation.com.au,403
https://www.ikriz.nl,403
https://www.personal.house,530
https://www.mixdexhq.com,403
https://www.jazz-rock.com,465
https://www.astesj.com,406
https://www.ceskyflorbal.cz,403
https://www.siteinspire.com,429
https://www.filmmakers.com,503
https://www.earthclinic.com,403
https://www.gatwickexpress.com,403
https://www.rahana.org,403
https://www.overlord.com.br,403
https://www.otayo.com,403
https://www.blumenthalarts.org,405
https://www.chestersflowers.com,403
https://www.nilavelidivingcentre.com,412
https://www.webstercountyia.gov,403
https://www.henrysalt.co.uk,406
https://www.eggloentertainment.com,403
https://www.countit.at,403
https://www.advocate-online.net,465
https://www.theparisreview.org,403
https://www.cs.rutgers.edu,403
https://www.karateforums.com,404
https://www.challenges.fr,403
https://www.lexmundi.com,403
https://www.diarionorte.com,403
https://www.lilies.org,465
https://www.shipnc.com,429
https://www.inkling.com,403
https://www.ccpit-sichuan.org,418
https://www.ue.wroc.pl,403
https://www.kenrockwell.com,403
https://www.elec.ru,403
https://www.pavilions.com,403
https://www.milenio.com,403
https://www.wmg.com,403
https://www.medievalcollectibles.com,403
https://www.uniktour.com,405
https://www.msmnyc.edu,403
https://www.awn.com,403
https://www.lanaortizphotography.com,405
https://www.carrefoursa.com,403
https://www.dairhub.com,406
https://www.jamstockex.com,403
https://www.haloandcleaver.com,405
https://www.flashcode.fr,403
https://www.straymond-mc.org,403
https://www.amyhorany.com,403
https://www.citizen.org,403
https://www.eastwestcollege.com,500
https://www.lakegeorgeexaminer.com,406
https://www.bokeptube.net,405
https://www.codepink.org,403
https://www.wgconsortium.com,404
https://www.railwaygazette.com,405
https://www.allaboutwholesale.com,404
https://www.aviation.marines.mil,403
https://www.oficinacenario.com.br,403
https://www.joggobag.com,405
https://www.mtt.gov.bh,403
https://www.nexperia.com,403
https://www.thevillager.com.na,403
https://www.minikits.com.au,406
https://www.roge.com.br,501
https://www.armenpress.am,403
https://www.secondworldwar.co.uk,406
https://www.stoke.gov.uk,403
https://www.poauk.org.uk,404
https://www.braxtonfamilychristmas.com,405
https://www.bern.ch,405
https://www.prb.org,403
https://www.greenwoodsvillage.com,406
https://www.lithuanianjews.org.il,403
https://www.shanklintheatre.com,403
https://www.inkblurt.com,406
https://www.phocuswright.com,403
https://www.mnp.ca,403
https://www.ulster.ac.uk,403
https://www.inmendoza.com,403
https://www.greatmeadowfcu.org,403
https://www.vikingrivercruises.com,403
https://www.theon.io,405
https://www.cosmeticsinfo.org,403
https://www.understandingwar.org,403
https://www.foreffectivegov.org,403
https://www.sll.texas.gov,403
https://www.b2cinfosolutions.com,406
https://www.lenach.com.br,403
https://www.spicexpress.com,403
https://www.yourcontentempire.com,403
https://www.dinulipatti.com,406
https://www.cccdc.com,406
https://www.waholdings.com,406
https://www.ma-reduc.com,403
https://www.timelog.to,405
https://www.gamespew.com,403
https://www.wls.org.uk,406
https://www.comicon.com,307
https://www.crisismagazine.com,403
https://www.ascpt.org,403
https://www.personalizedmedicinecoalition.org,403
https://www.ctro.science,403
https://www.nmag.gov,403
https://www.diodes.com,403
https://www.lechorepublicain.fr,403
https://www.sacredheartschool.com,403
https://www.martinhilbert.net,406
https://www.sheppard.af.mil,403
https://www.conlins.com,405
https://www.sequoia.com,403
https://www.currys.com,404
https://www.bathbodysupply.com,403
https://www.visualizingpalestine.org,403
https://www.redlotus.org,406
https://www.bel7infos.eu,403
https://www.bapl.org,406
https://www.urbanrealm.com,403
https://www.tuzilastvobih.gov.ba,403
https://www.nicb.org,403
https://www.korteco.com,403
https://www.novabassano.rs.gov.br,403
https://www.biogeografia.net,406
https://www.csteachers.org,403
https://www.huhot.com,403
https://www.buildscotland.co.uk,429
https://www.seaglassjournal.com,406
https://www.mpbp.gov.my,403
https://www.farnham.gov.uk,403
https://www.rd-alliance.org,403
https://www.veterinary-practice.com,404
https://www.freestylephoto.biz,403
https://www.goldeneye.com,403
https://www.cheap-neckties.com,403
https://www.extratime.com,403
https://www.scratch.com.au,406
https://www.animenation.net,406
https://www.lesmet.org.ls,500
https://www.whatsmydns.net,403
https://www.accs.edu,403
https://www.baroque.it,403
https://www.virtualgeula.com,405
https://www.copagaz.com.br,403
https://www.sport365.fr,403
https://www.mendabeauty.com,403
https://www.sunsurfrealty.com,403
https://www.lernbiene.de,403
https://www.otakon.com,406
https://www.topmba.com,403
https://www.bloodyelbow.com,403
https://www.cityofhope.org,403
https://www.colab-design.com,406
https://www.csahq.org,403
https://www.theadjustmentbureau.com,404
https://www.hrcberkeley.org,403
https://www.conqueringmyclutter.com,405
https://www.tiny.cc,403
https://www.azliquor.gov,403
https://www.zonalocale.it,403
https://www.capjournal.com,403
https://www.usafa.af.mil,403
https://www.watercolourworld.org,403
https://www.vanscoydiamonds.com,403
https://www.champaigncountyclerk.com,403
https://www.dosfarma.com,403
https://www.francevisas.co.uk,403
https://www.cdm.org,403
https://www.jamuna.tv,403
https://www.zim.com,403
https://www.shopperboard.com,403
https://www.proz.com,403
https://www.claudiobravo.com,406
https://www.techsarnews.com,403
https://www.globalwaters.org,403
https://www.kxnet.com,403
https://www.color-name.com,403
https://www.minijuegos.com,403
https://www.fantaseacruisingmagnetic.com.au,403
https://www.gocolorado.com,403
https://www.rideindego.com,403
https://www.parts-people.com,403
https://www.tripwire.com,403
https://www.usfj.mil,403
https://www.tmcc.edu,403
https://www.steepologie.com,405
https://www.distech-controls.com,403
https://www.salineflowerland.com,403
https://www.go-island.com,403
https://www.lapanzanella.com,403
https://www.texasobserver.org,403
https://www.edelbrock.com,403
https://www.lighthousenow.ca,401
https://www.barrfoundation.org,403
https://www.step.org,403
https://www.rootsforreal.com,403
https://www.humanprogress.org,403
https://www.venueatthegrove.com,403
https://www.bappenas.go.id,403
https://www.colsal.org.uk,403
https://www.singtao.com.au,403
https://www.atlantaga.gov,403
https://www.rockymtnresorts.com,403
https://www.covenantschool.org,418
https://www.best-basketball-tips.com,406
https://www.peachtreehoops.com,420
https://www.tah.de,403
https://www.terramagazine.com.br,403
https://www.mfa.gov.sg,403
https://www.markattheshore.com,403
https://www.letsrecycle.com,403
https://www.inferencesolutions.com,404
https://www.manulife.com,403
https://www.tampabay.org,406
https://www.gomidas.org,406
https://www.mitsusatohairacademy.com,403
https://www.spcnet.tv,403
https://www.rickbass.net,406
https://www.freecarrierlookup.com,403
https://www.medflight.com,406
https://www.newfoodmagazine.com,405
https://www.call2recycle.ca,403
https://www.thegreybrunette.com,403
https://www.thesgiandubhcompany.com,403
https://www.razauskai.lt,403
https://www.hudsonvalleyscoliosis.com,403
https://www.atia.org,403
https://www.barclayhedge.com,403
https://www.rotherham.gov.uk,403
https://www.experienceeumundi.com.au,403
https://www.hkn.de,403
https://www.hillsdaleschools.com,503
https://www.1t.org,403
https://www.liberationnews.org,403
https://www.trendingroot.com,404
https://www.tomasevicjelena.com,403
https://www.paws4autism.org,405
https://www.americansforthearts.org,403
https://www.starfurniture.com,405
https://www.midss.org,403
https://www.qmul.ac.uk,403
https://www.cyclinginquisition.com,406
https://www.ijrbsm.org,525
https://www.bi.no,405
https://www.techrepublic.com,403
https://www.sunjournal.com,403
https://www.thisblondesshoppingbag.com,405
https://www.rosascrafts.com,403
https://www.partyepartenze.it,403
https://www.boyernurseries.com,406
https://www.verputzkunst.ch,403
https://www.ajronline.org,403
https://www.maverickparty.ca,500
https://www.antioch.edu,403
https://www.craigsmullins.com,406
https://www.composition.org,406
https://www.borderreport.com,403
https://www.pilipino-express.com,403
https://www.tvcog.net,403
https://www.heartmath.org,403
https://www.invasivespeciescentre.ca,406
https://www.dhhrm.org,403
https://www.nutcache.com,403
https://www.e3s-conferences.org,403
https://www.boonecountyky.org,403
https://www.tiroche.co.il,403
https://www.macdill.af.mil,403
https://www.curia.co.nz,406
https://www.sunshinedaydream.biz,403
https://www.santaslapland.com,403
https://www.hobartinternational.com.au,403
https://www.gaucherdisease.org,403
https://www.numericana.com,465
https://www.columbushearinghealthcare.com,403
https://www.econlib.org,403
https://www.porcelanosa.com,403
https://www.neuhaus.org,403
https://www.a2zozone.com,403
https://www.kisa.or.kr,400
https://www.taximonterrico.pe,403
https://www.elizacross.com,403
https://www.mightyseas.co.uk,406
https://www.northwell.edu,403
https://www.casinomeister.com,403
https://www.ipower.com,403
https://www.labortoday.co.kr,404
https://www.sensationrock.net,403
https://www.landata.vic.gov.au,403
https://www.metzgereilumb.de,403
https://www.techcarving.com,405
https://www.zoutnet.co.za,405
https://www.winterkids.com,403
https://www.azureaster.com,403
https://www.eastshoremodern.com,402
https://www.midnightoil.com,406
https://www.lindenwood.edu,403
https://www.inovve.com,403
https://www.holocaustremembrance.com,403
https://www.eurasiareview.com,403
https://www.analoglamb.com,406
https://www.redrix.io,405
https://www.sullivan.senate.gov,403
https://www.safeway.com,403
https://www.sandoll.co.kr,403
https://www.intox.com,403
https://www.chpa.org,403
https://www.metalsucks.net,403
https://www.aractakipsistemleri.com,403
https://www.thenewshouse.com,403
https://www.globalworkplaceinsider.com,403
https://www.armsregister.com,465
https://www.minimademalis.com.ar,403
https://www.sdmag.co.uk,403
https://www.votebrevard.gov,403
https://www.smoothjazznotes.com,405
https://www.vsnw.org.uk,403
https://www.simplsim.com,405
https://www.angloamericankumba.com,403
https://www.sony.com.au,403
https://www.romanolaw.com,403
https://www.nccourts.gov,403
https://www.gloucesterphotographer.com,403
https://www.redsavannah.com,403
https://www.esof.eu,403
https://www.worksafenews.com.au,403
https://www.himmapan.com,406
https://www.cornerstonecougars.org,501
https://www.dgip.go.id,404
https://www.climatecouncil.org.au,403
https://www.ngat.org,403
https://www.chocolove.com,403
https://www.adnoc.ae,404
https://www.roadmapit.com,403
https://www.modbaron.com,405
https://www.tildenparkgc.com,403
https://www.replicon.com,403
https://www.therealestatescene.com,406
https://www.metromapper.org,530
https://www.section8magazine.com,403
https://www.orthodoxchurch.nl,405
https://www.canadagalileia.com,403
https://www.atelierace.com,503
https://www.nordicsemi.com,403
https://www.accesswire.com,403
https://www.philstockworld.com,403
https://www.lilibridals.com,404
https://www.westonfl.org,403
https://www.aoc.gov,403
https://www.thedailylistening.com,406
https://www.matefit.me,403
https://www.saifmohammad.com,406
https://www.hastaelcielostore.com,403
https://www.colehardware.com,401
https://www.augustcap.com,403
https://www.pilasterdesigns.com,402
https://www.creoindustrialarts.com,403
https://www.oceanlaw.net,403
https://www.refugeesinternational.org,403
https://www.americanninjawarriornation.com,500
https://www.cotidianul.ro,403
https://www.dealerappvantage.com,403
https://www.waxahachie.com,403
https://www.identityforce.com,403
https://www.cctoday.co.kr,404
https://www.dofactory.com,404
https://www.planetfigure.com,403
https://www.aliedwards.com,403
https://www.cpalms.org,500
https://www.greenlodgingnews.com,403
https://www.rhodora.org,403
https://www.criminalelement.com,403
https://www.angelrosesflorist.com,403
https://www.citroen.fr,403
https://www.mmaindia.com,403
https://www.healifehealth.co.uk,402
https://www.theblogsocial.com,403
https://www.springcasual.com,404
https://www.af.mil,403
https://www.adventurecycling.org,403
https://www.exitrealtyadvantage.com,405
https://www.idigthepig.com,403
https://www.middendorf-funeralhome.com,403
https://www.brisent.com.au,403
https://www.outernet.is,403
https://www.citsee.eu,403
https://www.lco.co.uk,403
https://www.antonioaguilaroficial.com,500
https://www.meltingpot.org,403
https://www.saoluis.ma.gov.br,403
https://www.laloyolan.com,429
https://www.menuism.com,526
https://www.missionstatements.com,403
https://www.litehousefoods.com,403
https://www.chipdip.ru,403
https://www.nigerdeltabudget.org,406
https://www.werecallingshenanigans.com,406
https://www.scrca.on.ca,406
https://www.lodgeatlakeline.com,403
https://www.tangram-channel.com,403
https://www.fanpop.com,403
https://www.northshore.org,202
https://www.stonyplainlibrary.org,405
https://www.xaverian.org,418
https://www.iopwiki.com,403
https://www.secularism.org.uk,403
https://www.colmexpro.com,403
https://www.skinnyblends.com,402
https://www.aberdeencity.gov.uk,403
https://www.explorestemcells.co.uk,403
https://www.digicatapult.org.uk,403
https://www.wenweipo.com,502
https://www.royalwaxseals.com,403
https://www.cyclowired.jp,403
https://www.churchstreetbars.com,403
https://www.civicfs.com,403
https://www.14ge.net,403
https://www.marineelectricsystems.net,403
https://www.cde.com,403
https://www.amherst.edu,405
https://www.chennaionlineflorists.com,403
https://www.umpquabank.com,403
https://www.theturnpike.org.uk,403
https://www.alrc.gov.au,403
https://www.observatoire-eau-martinique.fr,403
https://www.reynolds-jonkhoff.com,403
https://www.scouts.ca,403
https://www.runningafrica.com,405
https://www.looksgud.in,403
https://www.hasoferet.com,406
https://www.planetaislam.com,503
https://www.consip.it,403
https://www.zimtown.com,403
https://www.migrationpolicy.org,403
https://www.accushield.com,403
https://www.fused.com,403
https://www.onevillage.cz,520
https://www.bloodpressureuk.org,403
https://www.gip-global.org,403
https://www.whyalla.sa.gov.au,403
https://www.lareleve.qc.ca,403
https://www.ds-wa.org,406
https://www.cannonbeachgazette.com,405
https://www.cepro.com,403
https://www.pommedeterrelocale.be,403
https://www.foodsystemprimer.org,403
https://www.famousfootwear.com,403
https://www.psi.org,403
https://www.northcoastcnps.org,403
https://www.artsyshark.com,403
https://www.tabj.co.za,403
https://www.jeepfederation.com,521
https://www.cutprintfilm.com,500
https://www.rezonence.com,404
https://www.phinneycenter.org,403
https://www.amarnathyatra.org,406
https://www.cityofvista.com,404
https://www.calhouncountymi.gov,403
https://www.leergadgets.nl,403
https://www.paroscientific.com,406
https://www.melbournebioinformatics.org.au,403
https://www.johnnymercerfoundation.org,403
https://www.nycballet.com,403
https://www.nutmegaspirin.com,405
https://www.advancedfootandanklectr.com,403
https://www.ararat-center.org,406
https://www.wislaportal.pl,403
https://www.klausjagen.ch,403
https://www.fcseoul.com,403
https://www.gccroofers.com,403
https://www.burgerfi.com,403
https://www.expensivity.com,526
https://www.ehomeamerica.org,403
https://www.gcags.org,406
https://www.allielogandesigns.com,404
https://www.metalmarts.com,406
https://www.podcastone.com,403
https://www.montclairartmuseum.org,403
https://www.wisconsincatholic.org,403
https://www.kidgamestudio.com,405
https://www.myvwegolf.com,403
https://www.blueorigin.com,429
https://www.stompintom.com,406
https://www.fayettecountyclerk.com,403
https://www.gmes.org.uk,403
https://www.itsamoneything.com,525
https://www.sec.gov.ph,403
https://www.hrbartender.com,403
https://www.nycblackpride.com,403
https://www.getintothis.co.uk,500
https://www.monergism.com,403
https://www.aviationmuseum.net,465
https://www.winfieldks.org,403
https://www.exploreshelbycounty.com,403
https://www.womensconference.org,403
https://www.clipart.com,403
https://www.pinkonthecheek.com,405
https://www.hullcityafc.net,403
https://www.theluxurybedcollection.com,403
https://www.smarterspaces.com.au,500
https://www.5bbc.org,404
https://www.homebrewfinds.com,403
https://www.scribbr.com,403
https://www.preb.com,406
https://www.caleidoscope.in,403
https://www.sheldorftribute.com,406
https://www.drsarma.in,406
https://www.style-makeover-hq.com,403
https://www.progressivemsalliance.org,403
https://www.dgms.net,406
https://www.heritage.vic.gov.au,403
https://www.quotientbd.com,403
https://www.raywhite.com,403
https://www.nyce.net,503
https://www.york.gov.uk,403
https://www.derm.theclinics.com,403
https://www.karben.com,403
https://www.mr-sustainability.com,404
https://www.mordomus.com,403
https://www.undertheradarmag.com,403
https://www.euronics.it,403
https://www.opd.org.do,406
https://www.blackheartgoldpants.com,420
https://www.unocero.com,403
https://www.horizontheatre.com,403
https://www.bankpng.gov.pg,403
https://www.apocalypse2008-2015.com,403
https://www.insideprivacy.com,403
https://www.higginsctc.org,405
https://www.thefunsizedlife.com,503
https://www.library.miami.edu,403
https://www.ictmumbai.edu.in,403
https://www.wikilala.com,405
https://www.architonic.com,202
https://www.albanymuseum.com,403
https://www.infinlaw.com,403
https://www.biology.utah.edu,403
https://www.splitcoaststampers.com,403
https://www.califayecollection.com,404
https://www.collinsradio.org,406
https://www.alcoholicsanonymous.ie,403
https://www.lyricsreg.com,403
https://www.americatv.com.ar,403
https://www.hr.unsw.edu.au,403
https://www.beyondmedia.it,408
https://www.winncom.com,403
https://www.beautyschoolsdirectory.com,403
https://www.dreamcraft.com.ua,429
https://www.zhitongcaijing.com,405
https://www.epl.org,202
https://www.aaam.org,403
https://www.jeffersoncountytn.gov,403
https://www.lobelove.com,405
https://www.italianames.com,520
https://www.kinocult.com,405
https://www.peterostroushko.com,465
https://www.handymanstartup.com,406
https://www.dtnews24.com,404
https://www.indocare.in,403
https://www.megocollector.com,403
https://www.stevenholl.com,403
https://www.verdefarms.com,403
https://www.thekiteboarder.com,405
https://www.cerealously.net,406
https://www.cicministry.org,406
https://www.sachemlibrary.org,403
https://www.memoryexpress.com,403
https://www.carrsqc.com,403
https://www.penhero.com,465
https://www.bergey.com,403
https://www.xrayrisk.com,406
https://www.therapeuticresources.com,403
https://www.breastfeedla.org,406
https://www.tommybartlett.com,405
https://www.economicdevelopmentwinnipeg.com,403
https://www.campbelltown.sa.gov.au,403
https://www.ashaddflorist.com,403
https://www.universitaeuropeadiroma.it,403
https://www.qatareating.com,403
https://www.riotintoironore.com,403
https://www.pixid.fr,403
https://www.electrodz.com,403
https://www.thfashions.org,403
https://www.kcjc.com,406
https://www.swaincountync.gov,403
https://www.fortum.com,403
https://www.integrateddermatologyofgroton.com,403
https://www.nestle.com.my,403
https://www.eastsussex.gov.uk,403
https://www.zbestlimo.com,403
https://www.svenskforfattningssamling.se,403
https://www.astron-6.com,465
https://www.ladenzeile.de,503
https://www.jamda.com,403
https://www.levelaccess.com,403
https://www.dafdirect.org,503
https://www.councilofnonprofits.org,403
https://www.i-pass.com.tw,404
https://www.gatewoodsupplyco.com,403
https://www.spl.sg,526
https://www.itoworld.com,403
https://www.airforcemedicine.af.mil,403
https://www.bartcummings.com.au,405
https://www.gapurabali.com,502
https://www.keltonglobal.com,403
https://www.tearfund.org,403
https://www.namtheun2.com,403
https://www.saas-capital.com,403
https://www.gsas.columbia.edu,403
https://www.airofmelty.fr,403
https://www.truthandaction.org,500
https://www.liturgicalcenter.org,405
https://www.njgop.org,403
https://www.sebastianmoving.net,404
https://www.umm.ac.id,403
https://www.socialcare.wales,403
https://www.fulbright.org.il,403
https://www.macprovideo.com,403
https://www.resistir.info,403
https://www.goldengatecasino.com,403
https://www.trektexas.com,403
https://www.wearemovingstories.com,401
https://www.clantonadvertiser.com,403
https://www.domainsherpa.com,403
https://www.privatewindstorm.com,403
https://www.rinasbridal.com,404
https://www.mcnallyjackson.com,403
https://www.nycresistor.com,403
https://www.superbuttonsoccer.com,403
https://www.game-ost.com,403
https://www.foxtheatre.org,405
https://www.kcchamber.com,403
https://www.telguard.com,403
https://www.redblueprint.com,405
https://www.shiningdiamonds.co.uk,403
https://www.lillyparis.ch,403
https://www.daulatguru.com,405
https://www.sidneyherald.com,403
https://www.parsintl.com,403
https://www.register.bank,403
https://www.politicon.com,403
https://www.socanmagazine.ca,403
https://www.buildingforkids.org,403
https://www.lizcurtishiggs.com,403
https://www.postandcourier.com,429
https://www.getronics.com,403
https://www.codescan.io,403
https://www.cap-press.com,403
https://www.mandy.com,403
https://www.emlc-journal.org,403
https://www.womensworldbanking.org,403
https://www.tomball.com,403
https://www.sb-studio.ru,521
https://www.oecdbetterlifeindex.org,403
https://www.downtownnorfolk.org,403
https://www.surflant.usff.navy.mil,403
https://www.mag-uk.org,403
https://www.xangosol.com,403
https://www.magicdomico.com,406
https://www.gazetadigital.com.br,403
https://www.nationalmuseum.af.mil,403
https://www.mycsi.it,403
https://www.asiaholidayretreats.com,403
https://www.abbevilleinstitute.org,403
https://www.healingresonance4.me,465
https://www.kanxue.com,502
https://www.webyouup.co,503
https://www.abettergreece.com,406
https://www.anchorsawaygarden.com,403
https://www.a-alvarez.com,403
https://www.meaningofnumerology.com,403
https://www.6thmarines.marines.mil,403
https://www.kaspi.az,403
https://www.chrismos.ch,500
https://www.denbypottery.com,403
https://www.hopikas.com,405
https://www.weatheronline.gr,520
https://www.reevescounty.org,403
https://www.mesquitafotografia.com.br,403
https://www.azizshamanism.com,406
https://www.paranormal.co.kr,403
https://www.alexandria.unisg.ch,429
https://www.maseapps.com,526
https://www.hashtags.org,403
https://www.nationalgrideso.com,403
https://www.sjcindiana.com,403
https://www.archspm.org,403
https://www.familii.info,403
https://www.palcurr.com,403
https://www.travel-bulgaria.com,406
https://www.lahora.com.ec,403
https://www.infomusic.ro,403
https://www.housekeepingmaideasy.com,403
https://www.the-scholars.com,403
https://www.salome-platform.org,403
https://www.slowflowers.com,403
https://www.lto.nl,403
https://www.h2g2.com,403
https://www.littlecloset.com.br,403
https://www.technicpack.net,403
https://www.ryeny.gov,403
https://www.peeqwiq.com,405
https://www.pierogi2000.com,403
https://www.militaryspouse.com,403
https://www.rebuildinghopesudan.org,403
https://www.glassrpske.com,403
https://www.newsair.ro,403
https://www.raypcb.com,403
https://www.oreablog.com,403
https://www.gallatin.nyu.edu,403
https://www.readsurvey.com,405
https://www.rednoticelawjournal.com,403
https://www.magiclantern.fm,403
https://www.dalmacijadanas.hr,403
https://www.urbanbug.net,403
https://www.htmlxprs.com,522
https://www.ithelpnumber.com,405
https://www.filesig.co.uk,403
https://www.apotheke-am-behnhaus.de,403
https://www.24admiral.ru,500
https://www.achristmasstoryhouse.com,405
https://www.labor.ca.gov,403
https://www.dental.nyu.edu,403
https://www.msudenver.edu,403
https://www.books.com.tw,403
https://www.citak-immobilien.de,500
https://www.humanitarianlibrary.org,403
https://www.tatra-club.com,403
https://www.urologyhealth.org,307
https://www.journalofdairyscience.org,403
https://www.canadiancellparts.com,403
https://www.vuze.camera,520
https://www.discoverbangalore.com,465
https://www.tdplace.ca,403
https://www.outlet360.com.br,403
https://www.cjhn.ca,403
https://www.plugstreet-archaeology.com,406
https://www.outerboxdesign.com,403
https://www.titleadvantage.com,403
https://www.greercicarelliphoto.com,405
https://www.thetorchdoha.com.qa,403
https://www.theindiansubcontinent.com,465
https://www.bejealous.com,402
https://www.teampel.com,500
https://www.nestle.hu,403
https://www.jidonline.com,403
https://www.easternlifttruck.com,403
https://www.ohiochristian.edu,202
https://www.sixsistersstuff.com,403
https://www.eccd.gr,403
https://www.mirp411.com,403
https://www.clerkshq.com,404
https://www.citroen.com.au,403
https://www.jacksfurniturecenter.com,403
https://www.givinggarden.io,400
https://www.moddedeuros.com,530
https://www.nh-hotels.com,403
https://www.tuc.org.uk,403
https://www.edisongroup.com,403
https://www.moodysanalytics.com,403
https://www.europeanwaterfalls.com,403
https://www.yacutinga.com,509
https://www.primelocation.com,403
https://www.imo.org,403
https://www.vitae.co.nz,403
https://www.tuwroclaw.com,403
https://www.bostongear.com,403
https://www.equilar.com,403
https://www.graniterra.com,403
https://www.capitalgranite.com,403
https://www.egcitizen.com,403
https://www.summitphilly.com,403
https://www.raob.com,465
https://www.adgoji.com,403
https://www.organicjewelry.com,406
https://www.1090kaay.com,403
https://www.ftimes.com,429
https://www.mdpub.com,465
https://www.thelittlefrugalhouse.com,406
https://www.thebuddhadog.com,402
https://www.farmalisto.com.co,403
https://www.wageworks.com,403
https://www.canela.tv,403
https://www.uka.org.uk,403
https://www.sealedair.com,403
https://www.beautylately.com,404
https://www.dustygroove.com,403
https://www.soulask.com,405
https://www.health.org.uk,403
https://www.cantorrelief.org,403
https://www.kirkbydesign.com,403
https://www.foodallergycanada.ca,422
https://www.taradraper.com,403
https://www.stadtwerke-speyer.de,403
https://www.stampprinters.info,405
https://www.sunflowr.com,406
https://www.startupindia.gov.in,403
https://www.instapaper.com,405
https://www.shivasjewelers.com,403
https://www.consumerprotectioncxn.com,403
https://www.countrylife.co.uk,403
https://www.disneydreamersacademy.com,403
https://www.chinability.com,406
https://www.fastssh.com,403
https://www.bitshifter.ch,404
https://www.communitycatalyst.org,403
https://www.stuttgartdailyleader.com,403
https://www.punchontheweb.com,520
https://www.ovt.com,403
https://www.earthturfwood.com,403
https://www.raku.org,405
https://www.shulmusic.org,465
https://www.tibettours.com,406
https://www.progressiverockbr.com,403
https://www.elkmountaintents.com,530
https://www.fmcsa.dot.gov,403
https://www.worldstardmc.com,403
https://www.thereadingleague.org,403
https://www.preventionresearch.org,403
https://www.noise-web.com,405
https://www.churchofantioch.org,500
https://www.swisswatchimport.com,402
https://www.circlegraphicsonline.com,403
https://www.lothringer13.com,429
https://www.avmm.es,403
https://www.kapitalbank.az,403
https://www.malawicichlids.com,403
https://www.infracontrol.com,404
https://www.theplayersnyc.org,403
https://www.hoovercc.com,404
https://www.econ.ucdavis.edu,403
https://www.homecareinsight.co.uk,403
https://www.bleu-chic.com,405
https://www.site-d-annonces.fr,403
https://www.allstarsrockschool.com,403
https://www.noblenet.org,406
https://www.shogakukan-cr.co.jp,403
https://www.prawo.pl,403
https://www.strawberrycreekclub.com,403
https://www.shipstation.com,403
https://www.alexmarshall.org,406
https://www.kalgoorliehistory.org.au,403
https://www.serialpodcast.org,403
https://www.tenbazaars.com,403
https://www.963wdvd.com,403
https://www.peoplestrong.com,404
https://www.pocky.com,403
https://www.musiciansfriend.com,503
https://www.canadaremembersairshow.com,403
https://www.watford.gov.uk,403
https://www.garnethill.com,403
https://www.brdatabase.info,403
https://www.herworld.com,403
https://www.newgamenetwork.com,403
https://www.dumfriesva.gov,403
https://www.acta.org,403
https://www.goaldentimes.org,406
https://www.jovenesweb.com,403
https://www.ludivineguillot.fr,403
https://www.dailybloom.com,404
https://www.rummycircle.com,502
https://www.parlement.ma,403
https://www.wadiz.kr,405
https://www.marketingmag.com.au,403
https://www.tdk.gov.tr,403
https://www.peterpaulandmary.com,465
https://www.politicsincolor.com,406
https://www.karimhoteldelhi.com,500
https://www.burningbushoils.com,404
https://www.banknoteworld.com,403
https://www.garageflooringinc.com,405
https://www.akorda.kz,500
https://www.womenwritingthewest.org,403
https://www.memphispool.com,403
https://www.sandersonslondon.co.uk,403
https://www.prodottitipicitoscani.it,429
https://www.kastle.com,403
https://www.allianceforeatingdisorders.com,403
https://www.danceshopper.com,405
https://www.layer123.com,403
https://www.patents4life.com,403
https://www.ispr.gov.pk,403
https://www.emlab.com,403
https://www.britmovie.co.uk,403
https://www.europeanpharmaceuticalreview.com,405
https://www.bhmdiocese.org,403
https://www.snacks.com,403
https://www.minitials.nl,403
https://www.opentext.com,444
https://www.marygrove.edu,406
https://www.wellshow.com,406
https://www.spoiltweddings.com.au,500
https://www.mallorysquare.com,403
https://www.landgestuet-redefin.de,403
https://www.cfp.net,403
https://www.wncu.org,403
https://www.tibetanbeadstore.com,402
https://www.efworld.org,403
https://www.sources-chretiennes.mom.fr,401
https://www.easternyc.org,403
https://www.worldline.com,406
https://www.gpathand.nhs.uk,403
https://www.yottaa.com,403
https://www.valleyzen.com,406
https://www.bellydance.com,403
https://www.filmkultura.hu,500
https://www.rayj.com,404
https://www.meetscoresonline.com,405
https://www.thepinkdaisy.com,403
https://www.ufscommunity.org,405
https://www.pari.edu,403
https://www.vanishingincmagic.com,403
https://www.honanfh.com,403
https://www.mapei.com,403
https://www.zielona-gora.pl,403
https://www.stmatthewdetroit.com,403
https://www.greatexpressions.com,403
https://www.hsdermatology.com,403
https://www.32red.com,503
https://www.booksmith.com,403
https://www.qualityvak.com,403
https://www.bijourama.com,429
https://www.dtvmovements.co.uk,465
https://www.gabrielle.co.uk,406
https://www.numalemedical.com,405
https://www.ocdtypes.com,465
https://www.hermetic.com,403
https://www.holchanmarinereserve.org,406
https://www.soleilmoon.com,403
https://www.alfredstreet.org,403
https://www.paknavy.gov.pk,403
https://www.fis-ski.com,403
https://www.christcathedralcalifornia.org,403
https://www.mclib.org,403
https://www.koreabiomed.com,404
https://www.leeve.fr,403
https://www.wcl.govt.nz,403
https://www.auctionzip.com,403
https://www.handheldmuseum.com,465
https://www.grandbazaarjewelers.com,404
https://www.satv.tv,403
https://www.kym.org,406
https://www.ethicalpsychology.org,406
https://www.grenadine-air.com,403
https://www.csi-net.it,403
https://www.donationcoder.com,403
https://www.theoldeones.com,405
https://www.bazaara.ae,404
https://www.iwantthenews.com,429
https://www.thewatchindex.com,403
https://www.mk.ru,400
https://www.ggmania.com,403
https://www.caribbeannationalweekly.com,403
https://www.limkokwing.net,403
https://www.ditronicapps.com,403
https://www.vientianetimes.org.la,403
https://www.regina.ca,404
https://www.blcbank.com,403
https://www.cheapbestfares.com,405
https://www.stackofstake.com,405
https://www.sunnysidesun.com,429
https://www.orlandohealth.com,403
https://www.yarracity.vic.gov.au,403
https://www.nobelprize.org,403
https://www.mundogaturro.com,403
https://www.muhabbet.net,405
https://www.priorityhealth.com,403
https://www.mangelsen.com,403
https://www.marissashrock.com,403
https://www.history-tourist.com,403
https://www.andra.com.au,406
https://www.jacksoncountytaxcollector.com,404
https://www.hammerandrails.com,420
https://www.romulorosa.com.br,403
https://www.bmgn-lchr.nl,403
https://www.doctoroo.com,403
https://www.library.vanderbilt.edu,403
https://www.personallibrarieslibrary.com,404
https://www.glakratom.com,405
https://www.exampleessays.com,500
https://www.killermoviereviews.com,403
https://www.suncor.com,403
https://www.bristolflyers.co.uk,403
https://www.pigboats.com,403
https://www.canal10.com.uy,403
https://www.flagshop.com,405
https://www.qb50.eu,403
https://www.tucsonrodeoparade.com,405
https://www.safe.com,403
https://www.jobintree.com,405
https://www.thenewdrummer.com,406
https://www.radioformula.com.mx,404
https://www.itjungle.com,403
https://www.jewishpress.com,403
https://www.missevan.com,412
https://www.spensershope.org,403
https://www.adventistmission.org,403
https://www.cma.gov.cn,403
https://www.compasnet.org,465
https://www.capacitymedia.com,403
https://www.dong.digital,403
https://www.ayatsleymannrd.com,403
https://www.caoh.com,403
https://www.armenianorthodoxchurch.org,403
https://www.thetaylor-house.com,403
https://www.jewishboston.com,403
https://www.perutelegraph.com,503
https://www.bymath.com,404
https://www.rvc.ac.uk,403
https://www.rwlasvegas.com,403
https://www.harwell.org.uk,403
https://www.membrs.de,503
https://www.uncleremus.com,406
https://www.pembrokeshireherald.com,403
https://www.capetownetc.com,403
https://www.gowanuscanal.org,405
https://www.bkcianyc.org,403
https://www.megmyers.com,405
https://www.elyecho.com,403
https://www.marinadelreyfoods.com,403
https://www.cdt-pv.org,405
https://www.harveyawards.org,403
https://www.moon.com,403
https://www.scoutingny.com,406
https://www.gcn.com,444
https://www.laregale.com,404
https://www.hoshida-myoken.com,403
https://www.sustainability.vic.gov.au,403
https://www.smoothdivscroll.com,403
https://www.dredgingtoday.com,403
https://www.cell.com,403
https://www.rnrmc.org.uk,403
https://www.insidermedia.com,403
https://www.chargify.com,403
https://www.misstaboo.com,405
https://www.jerseyjitneys.info,406
https://www.tuffshop.co.uk,403
https://www.westcentralsbest.com,429
https://www.kashmirhills.com,406
https://www.beautifullsin.com,405
https://www.seenthemagazine.com,429
https://www.iversonkassianfuneralservices.com,403
https://www.hesa.ac.uk,403
https://www.parkett-kessel.de,403
https://www.hicutiepie.nl,520
https://www.venturefizz.com,403
https://www.southboston.com,403
https://www.chemindigest.com,406
https://www.transmetazone.com,406
https://www.ddmworks.com,403
https://www.aerocivil.gov.co,403
https://www.iassessments.com,202
https://www.vrowl.nl,403
https://www.theex.com,403
https://www.profiles.nlm.nih.gov,405
https://www.kosherfest.com,403
https://www.madrid-destino.com,403
https://www.fnafar.com,502
https://www.christenales.com,400
https://www.oxnardpd.org,403
https://www.flooringamerica.com,404
https://www.logoventure.com,403
https://www.freshwayfoods.com,403
https://www.wheresgeorge.com,403
https://www.alcatrazeast.com,403
https://www.ippf.org,403
https://www.ctf.org,403
https://www.calcioatalanta.it,403
https://www.digitaltasmania.org,403
https://www.theconstitutionproject.com,500
https://www.streetlist.co.uk,403
https://www.finastra.com,403
https://www.nara.accu.or.jp,403
https://www.elizabethhogsten.com,406
https://www.tacno.net,403
https://www.fwo.com.pk,403
https://www.dreamingofbutterflies.co,405
https://www.spareable.co.uk,404
https://www.applevis.com,403
https://www.buschsflorist.com,403
https://www.gudeg.net,468
https://www.almazanknives.com,404
https://www.penguins-world.com,403
https://www.oegb.at,406
https://www.peepaltreepress.com,403
https://www.makaluadventure.com,406
https://www.historia.fr,403
https://www.mapc.org,403
https://www.barnesandnoble.com,403
https://www.getaway.nl,403
https://www.readyforwildfire.org,403
https://www.ibdmdb.org,400
https://www.allflooringsolutions.com.au,403
https://www.chicagodispatcher.com,406
https://www.ellysformalwear.com,404
https://www.indians.org,465
https://www.givecentral.org,202
https://www.sciencenewsdigest.com,526
https://www.bidtrack.co.za,403
https://www.bmw2002faq.com,403
https://www.infoanyksciai.lt,403
https://www.remodelaholic.com,403
https://www.filmandtvnow.com,403
https://www.amway.com,403
https://www.cityoffortmeade.com,405
https://www.catholicmil.org,405
https://www.dermetalkrieger.com,406
https://www.bls.gov,403
https://www.visitmountaineercountry.com,403
https://www.actuabd.com,403
https://www.gaypolitics.com,406
https://www.rachelsmiracle.com,405
https://www.fashioncamp.it,500
https://www.advanced-vision.org,403
https://www.bne.eu,403
https://www.bargains-online.com.au,404
https://www.opencitymilan.com,503
https://www.peakdistrict.gov.uk,403
https://www.generali.com,403
https://www.darrellsappliance.com,403
https://www.mysalonsuite.com,403
https://www.n-kcreative.com,403
https://www.diabetes.ie,403
https://www.tablotv.com,403
https://www.actuacity.com,403
https://www.mfab.hu,451
https://www.crmagnetics.com,403
https://www.worldsindhicongress.org,403
https://www.navonarecords.com,403
https://www.americanfootballinternational.com,403
https://www.adventurecorner.de,404
https://www.sarian.am,406
https://www.foodandwinegazette.com,406
https://www.wiltshire.ac.uk,403
https://www.berlinjournal.biz,406
https://www.loyolablakefield.org,418
https://www.daytimeemmys.tv,403
https://www.crispinhull.com.au,403
https://www.key-data.co.uk,403
https://www.classicmustang.com,403
https://www.divein.com,403
https://www.ariffino.net,403
https://www.audible.co.jp,405
https://www.saldru.uct.ac.za,403
https://www.bauranchi.org,403
https://www.emmelinesimpson.co.uk,403
https://www.kimstrobos.nl,403
https://www.rivier.edu,403
https://www.herbertparkhotel.ie,403
https://www.almayadeen.net,403
https://www.novorossia.su,521
https://www.isystem.com,302
https://www.langweiledich.net,404
https://www.gingrichloghomes.com,403
https://www.cotta.jp,403
https://www.yan.vn,403
https://www.tempatmenarik.my,405
https://www.kx935.com,403
https://www.shelbycountyreporter.com,403
https://www.touchbistro.com,403
https://www.ceroacero.es,503
https://www.gymnasium.se,405
https://www.kinnoullmonastery.co.uk,403
https://www.weslacotx.gov,403
https://www.hopepublishing.com,403
https://www.invil.org,520
https://www.catf.us,403
https://www.accessgambia.com,465
https://www.marqalicante.com,403
https://www.christyjohnson.org,403
https://www.muzeum-as.cz,404
https://www.glistco.com,403
https://www.leeholdridge.com,406
https://www.mid-murray.sa.gov.au,403
https://www.blindcheddar.com,520
https://www.memcachier.com,404
https://www.lexingtonsquares.com,405
https://www.fukuimortuary.com,403
https://www.toys2remember.com,403
https://www.creolegen.org,406
https://www.cappellmeister.com,403
https://www.palms.com,403
https://www.lmfct.org,406
https://www.accidentofgeography.com,406
https://www.nwahomepage.com,403
https://www.thespruce.com,460
https://www.keywestsailingadventure.com,405
https://www.threestooges.net,406
https://www.oakavenuecatering.com,403
https://www.thecrag.com,403
https://www.apk-technology.com,403
https://www.innova-red.net,500
https://www.kingsalmon.co.nz,403
https://www.yaktrinews.com,429
https://www.vanguardhealthcare.co.uk,403
https://www.changinghands.com,403
https://www.wlw.de,202
https://www.leweschamber.com,403
https://www.rockefellergroup.com,403
https://www.chroniclesoffrivolity.com,403
https://www.alburyentertainmentcentre.com.au,403
https://www.culturalheritageonline.com,406
https://www.robohash.org,405
https://www.calscape.org,403
https://www.torontopubliclibrary.ca,202
https://www.blairquhan.co.uk,403
https://www.paulistcenter.org,403
https://www.baisakhifestival.com,406
https://www.alvr.com,406
https://www.thekneepainguru.com,403
https://www.phpbb.com,403
https://www.colonialmeetinghouses.com,406
https://www.irishtheatremagazine.ie,403
https://www.ngv.vic.gov.au,403
https://www.technicalauthoring.com,406
https://www.inn-at-circle-t.com,403
https://www.sensortips.com,403
https://www.nsbe.org,403
https://www.govpoliju.com,403
https://www.thelaststraw.org,403
https://www.nourxskin.com,423
https://www.dx.com,405
https://www.mvk.if.ua,403
https://www.montrealenhistoires.com,403
https://www.zenithbank.com,403
https://www.blogintandem.ro,403
https://www.brasilalemanha.com.br,406
https://www.aluminumrepair.com,403
https://www.clickfunnels.com,403
https://www.checkers.com,403
https://www.ad-net.com.tw,403
https://www.lumparland.ax,403
https://www.ozoutback.com.au,406
https://www.escapebuttonblog.com,403
https://www.jdrntruhs.org,403
https://www.europeosviajeros.com,500
https://www.writespacehouston.org,404
https://www.astridweversfotografie.nl,403
https://www.oneplanetnetwork.org,403
https://www.farmfreshtoyou.com,403
https://www.turnerconstruction.com,403
https://www.miinto.se,405
https://www.housing.af.mil,403
https://www.windows2universe.org,403
https://www.fodors.com,403
https://www.vision2030.gov.sa,403
https://www.stj.pt,403
https://www.tofp.eu,403
https://www.diskcopy.com,403
https://www.asiandragoncoin.com,702
https://www.newair-nail.com,403
https://www.samsmotorsports.com,403
https://www.redbeemedia.com,403
https://www.allenspecialevents.org,403
https://www.poisoncentertampa.org,403
https://www.symmetryboutiqueandgallery.com,405
https://www.princegeorgecitizen.com,403
https://www.rhodesjewishmuseum.org,406
https://www.gravesideflowers.com,405
https://www.sheffield.anglican.org,403
https://www.jbrmr.com,403
https://www.alumni.ethz.ch,404
https://www.globecast.com,403
https://www.ritaschiano.com,403
https://www.foxintheforest.net,403
https://www.surprisestadium.com,403
https://www.bassfan.com,403
https://www.contractpharma.com,403
https://www.pmo.gov.sg,403
https://www.fasps.org,418
https://www.trainsmartinc.com,403
https://www.blovedfashions.com,404
https://www.ijglobal.com,403
https://www.hawley.senate.gov,403
https://www.starbucks.com.cn,404
https://www.abidjan-airport.com,403
https://www.smore.com,403
https://www.pearstairs.co.uk,403
https://www.seia.org,403
https://www.cupinfo.com,406
https://www.121arw.ang.af.mil,403
https://www.maderacounty.com,403
https://www.globalsnookercentre.co.uk,403
https://www.pauliinasyrjala.com,403
https://www.mytattoocustomdesign.com,403
https://www.thedanishparliament.dk,403
https://www.fat-cat.co.uk,404
https://www.jamielisaforbes.com,406
https://www.naspers.com,403
https://www.oakdiocese.org,403
https://www.caingram.info,465
https://www.patrimoine-religieux.qc.ca,403
https://www.hoodedutilitarian.com,406
https://www.govwarrantsearch.org,406
https://www.niccomp.com,403
https://www.altheaceramica.it,403
https://www.guidami.info,405
https://www.genomedetective.com,400
https://www.ecmrecords.com,403
https://www.indeed.jobs,403
https://www.fauchard.org,403
https://www.crosslinkpaints.com,403
https://www.abct.org,403
https://www.taishukan.co.jp,403
https://www.hirschs.co.za,403
https://www.citylifemagazine.ca,500
https://www.serialkillercalendar.com,406
https://www.lustat.ch,403
https://www.littlearmenia.com,406
https://www.dickinsoncountymi.gov,403
https://www.databreachtoday.com,429
https://www.supplyandadvise.com,402
https://www.leilajanah.com,405
https://www.gnivc.ru,403
https://www.sweetandsavorybyshinee.com,403
https://www.juf.org,403
https://www.doek.org,403
https://www.dakwatuna.com,521
https://www.chinapress.com.my,403
https://www.comune.agerola.na.it,404
https://www.thedaycarechannel.com,523
https://www.exchangerates.org.uk,403
https://www.ripleycc.com,403
https://www.tomrichmond.com,406
https://www.hopkinsallchildrens.org,403
https://www.agc.gov.sg,403
https://www.goldonimilano.com,404
https://www.vikasindustriesindia.com,403
https://www.mymusicmasterclass.com,403
https://www.theorganizingzone.com,403
https://www.hchcares.org,403
https://www.worldwidemarketreports.com,403
https://www.josephsmithjr.org,403
https://www.namelynewborns.com,403
https://www.sunnykingford.com,405
https://www.letsengdiamonds.co.ls,403
https://www.veritas.com,403
https://www.ilvittoriano.com,405
https://www.bizcatalyst360.com,403
https://www.made-in-china.com,493
https://www.csagroup.org,403
https://www.soundsurvey.org.uk,403
https://www.wtravelmagazine.com,403
https://www.abbeyrd.net,465
https://www.walterladwig.com,406
https://www.rootsaction.org,403
https://www.threadless.com,403
https://www.fooddrinkmagazine.com,406
https://www.mediamath.com,403
https://www.innerexplorations.com,465
https://www.dewars.com,403
https://www.philipjosefarmer.com,400
https://www.womenofscotland.org.uk,403
https://www.firstfoundation.ca,403
https://www.darebee.com,403
https://www.thesapling.co.nz,403
https://www.ossec.net,403
https://www.maritimeknowhow.com,403
https://www.woodytone.com,406
https://www.wrestlingnewsplus.com,403
https://www.theclaylady.com,403
https://www.magicana.com,404
https://www.autocosmos.cl,405
https://www.mykitchenbasics.com,404
https://www.jacksonvillemomcast.com,403
https://www.disasterassistance.gov,403
https://www.babynamestamil.com,405
https://www.seegerweiss.com,403
https://www.israeldailypicture.com,405
https://www.sispitches.com,403
https://www.ittia.com,406
https://www.refugeecouncil.org.uk,403
https://www.yaf.org,403
https://www.ttgmice.com,403
https://www.unifafibe.com.br,403
https://www.crystal-rain.com,526
https://www.bergerandgreen.com,403
https://www.thearticle.com,405
https://www.chilesquiles.com,405
https://www.revistas.ucr.ac.cr,400
https://www.gsdln.org,502
https://www.bdsda.com,406
https://www.wonderopolis.org,405
https://www.pixelio.de,404
https://www.fergusfallsjournal.com,403
https://www.milestoneaz.com,405
https://www.products4pets.com,403
https://www.internationalsoftball.com,403
https://www.detroitchamber.com,403
https://www.aerconditionatvanzari.ro,403
https://www.elcaribe.com.do,403
https://www.mcbhawaii.marines.mil,403
https://www.kozaczek.pl,403
https://www.eqar.eu,403
https://www.morethanorganic.com,403
https://www.gujlit.com,405
https://www.educause.edu,403
https://www.morristourism.org,403
https://www.havertys.com,403
https://www.labce.com,403
https://www.watertonparkhotel.co.uk,403
https://www.landtrustnal.org,403
https://www.belairbayclub.com,404
https://www.123.emn.lt,403
https://www.dorsetcouncil.gov.uk,403
https://www.nsn-sourcing.com,403
https://www.slicethepie.com,403
https://www.desertmuseum.org,403
https://www.theme-junkie.com,405
https://www.mshsl.org,403
https://www.tcbssb.com,405
https://www.mariamitchell.org,403
https://www.clapa.com,403
https://www.cgs.org.uk,403
https://www.raphkoster.com,406
https://www.turkeytravelcentre.com,403
https://www.unmannedsystemstechnology.com,403
https://www.wizeline.com,403
https://www.texanglass.com,403
https://www.daveandbusters.com,406
https://www.creativefabrica.com,403
https://www.bestzeit.com,402
https://www.bewellsolutions.com,403
https://www.thinkbroadband.com,403
https://www.debisbridal.com,404
https://www.manjimup.wa.gov.au,403
https://www.cafaq.com,406
https://www.scannerone.com,403
https://www.prwatch.org,403
https://www.thegameisafootarcade.com,406
https://www.brookfieldlibrary.info,403
https://www.bassie-adriaan.nl,403
https://www.gfktrailersales.com,403
https://www.hockeybuzz.com,403
https://www.belk.com,403
https://www.theglobaltreasurer.com,403
https://www.birthcenters.org,403
https://www.lejdd.fr,403
https://www.bkash.com,403
https://www.osceolasun.com,429
https://www.alledinburghtheatre.com,403
https://www.cosmosup.com,403
https://www.emeraldpointe.com,403
https://www.accsc.org,403
https://www.oca.nh.gov,403
https://www.duchesslounge.com,403
https://www.unsungfilms.com,406
https://www.epsiplus.net,403
https://www.bigmedium.org,404
https://www.muis.gov.sg,403
https://www.bolle-safety.com,403
https://www.locustgrove-ga.gov,403
https://www.lusorochas.com,403
https://www.feministmormonhousewives.org,406
https://www.ifrc.org,403
https://www.jinhanfair.com,404
https://www.whsmithplc.co.uk,403
https://www.snooker.org,403
https://www.conwaytwitty.com,403
https://www.nsiradio.com,406
https://www.sunchemical.com,403
https://www.tasteandliving.com,404
https://www.krasmed.ru,403
https://www.brabhamautomotive.com,403
https://www.ijsrset.com,403
https://www.amoestampa.com.br,403
https://www.riknews.com.cy,404
https://www.bermudayp.com,103
https://www.interdb.jp,403
https://www.teeshirtpalace.com,403
https://www.purchasing3sixty.com,403
https://www.bruxelles2.eu,429
https://www.eastmillinocket.org,403
https://www.afnpacific.net,403
https://www.innovatemotorsports.com,403
https://www.rugbycoachweekly.net,429
https://www.davidplusworld.com,403
https://www.sawerly.com,405
https://www.ethiosports.com,406
https://www.glutenfreelabels.com,403
https://www.corebead.com,402
https://www.parfumcenter.nl,403
https://www.hsbodytalk.com,400
https://www.trumanlittlewhitehouse.org,403
https://www.sentryone.com,403
https://www.falmouthvet.com,403
https://www.rosamia.com.br,403
https://www.anser.org,403
https://www.amisragas.co.il,403
https://www.obrang.com,403
https://www.strawberrychicblog.com,403
https://www.topstarnews.net,404
https://www.honorguard.af.mil,403
https://www.crazykoreancooking.com,403
https://www.adityabirla.com,406
https://www.theeagleonline.com,403
https://www.bestbuy.com,403
https://www.mernaryanphotography.com,403
https://www.mostlymarimba.com,406
https://www.antonellapavese.com,406
https://www.aboutbuddha.org,403
https://www.itf-oecd.org,403
https://www.mapplethorpefilm.com,404
https://www.africanwaterfacility.org,403
https://www.binaa.co.il,403
https://www.tekhelet.com,403
https://www.meritekusa.com,403
https://www.pmlflightlink.com,406
https://www.eology.de,403
https://www.mir.wustl.edu,403
https://www.treatsbox.com,403
https://www.wktvjournal.org,406
https://www.newtechnorthwest.com,403
https://www.discovergreece.com,403
https://www.litpact.com,402
https://www.loggly.com,403
https://www.jollibeedelivery.com,403
https://www.kathrynalexander.com,403
https://www.tuitalia.com,403
https://www.rsb.ru,403
https://www.wseip.edu.pl,403
https://www.x2y.com,403
https://www.friendsoftheriver.org,406
https://www.imu.edu.my,403
https://www.dux.com.au,403
https://www.bestmap.net,403
https://www.onthebox.com,403
https://www.kaushalam.com,403
https://www.theamericanwedding.com,403
https://www.cpsboard.org,403
https://www.ruralaid.org.au,403
https://www.federalbank.co.in,403
https://www.tgifridays.co.uk,400
https://www.archiblox.com.au,403
https://www.3dx-us.com,403
https://www.northlandakitas.com,465
https://www.sta.sh,404
https://www.objectivistliving.com,403
https://www.recoftc.org,403
https://www.instituteofhealthequity.org,204
https://www.versbeton.nl,403
https://www.ipinfodb.com,403
https://www.reserve.uscg.mil,403
https://www.pilaradiario.com,403
https://www.dreamylondon.com,405
https://www.equipnet.com,403
https://www.nervos.org,429
https://www.societyofrobots.com,403
https://www.goodone.uz,500
https://www.technology.org,403
https://www.master-script.com,403
https://www.allatra-radio.com,403
https://www.hellocare.pro,404
https://www.notesmatic.com,405
https://www.awp.nhs.uk,403
https://www.itvplc.com,403
https://www.karinmiller.co.za,403
https://www.heartspoken.com,403
https://www.concordtx.org,405
https://www.klockit.com,403
https://www.944fw.afrc.af.mil,403
https://www.zelis.com,403
https://www.thyrocare.com,403
https://www.cm-camaradelobos.pt,403
https://www.wildernessjunkie.net,405
https://www.conversetx.net,403
https://www.thedumpradio.com,403
https://www.thedollarbusiness.com,403
https://www.lepopulaire.fr,403
https://www.cityfloorsupply.com,403
https://www.cindybriggs.com,403
https://www.goldeyes.com,403
https://www.yellowstonecountynews.com,502
https://www.cowcotland.com,403
https://www.aag.org,403
https://www.travelcraterlake.com,403
https://www.pointarenalighthouse.com,429
https://www.rogerwendell.com,406
https://www.christianindex.org,403
https://www.allabolag.se,202
https://www.catholicweddinghelp.com,406
https://www.esolibris.com,403
https://www.nuotaka.com,403
https://www.denr.gov.ph,403
https://www.freedomfestival.org,403
https://www.kerala.cc,405
https://www.advisors4advisors.com,403
https://www.earwigmusic.com,403
https://www.laylaeloa.com,403
https://www.scsolutions.com,403
https://www.arranbanner.co.uk,429
https://www.ideacity.ca,403
https://www.astro.org,403
https://www.capitalfactory.com,403
https://www.abpa.org.au,406
https://www.chinadp.net.cn,418
https://www.billmillerscastle.com,403
https://www.feministafrica.org,406
https://www.theorsociety.com,404
https://www.savoydubai.com,403
https://www.hotelirico.com,403
https://www.twistedlifestyle.com,500
https://www.thecrownestate.co.uk,405
https://www.glasgowairport.com,403
https://www.archatrak.com,403
https://www.detroitbadboys.com,420
https://www.tesla.com,403
https://www.vagrancylifestyle.com,403
https://www.kanndoo.org,403
https://www.excellencegateway.org.uk,403
https://www.acplm.net,403
https://www.fashionhasit.com,403
https://www.ednahospital.org,405
https://www.teddingtons.com.au,403
https://www.olaproperties.com,403
https://www.kayu.com,403
https://www.undrr.org,403
https://www.lambretta.co.uk,403
https://www.vuhoops.com,420
https://www.parentsinaction.net,405
https://www.mpm.gov.my,403
https://www.renaissance-amboise.com,404
https://www.idm.net.lb,403
https://www.zentealife.com,404
https://www.lascolinaspropertyforsale.com,526
https://www.buywell.com,503
https://www.400jaarhandel.nl,403
https://www.budget.govt.nz,403
https://www.teashopchina.com,404
https://www.costumepub.com,403
https://www.cikm2016.org,405
https://www.tishomingo.org,403
https://www.stickypassword.com,403
https://www.museudodinheiro.pt,403
https://www.dallas-lovefield.com,403
https://www.clare.ie,403
https://www.peldonrose.com,403
https://www.thehotiron.com,406
https://www.european-left.org,403
https://www.lovebakesgoodcakes.com,403
https://www.belfasttelegraph.co.uk,403
https://www.textfixer.com,403
https://www.opencart.com,403
https://www.fibis.org,403
https://www.cityisland.com,406
https://www.diss-duisburg.de,403
https://www.dundee.ac.uk,403
https://www.dos.myflorida.com,403
https://www.egypt-business.com,403
https://www.lccps.org,503
https://www.xwordinfo.com,403
https://www.cruiseind.com,406
https://www.dailyprincetonian.com,403
https://www.marijuanagames.org,406
https://www.beafunmum.com,405
https://www.futureschool.com,403
https://www.vhboots.com,406
https://www.tjx.com,403
https://www.highhopesforpets.com,405
https://www.askislam.org,522
https://www.ipho2021.lt,403
https://www.yellowumbrellaevents.com,403
https://www.travelpulse.com,403
https://www.euractiv.pl,403
https://www.my-redcross.org,403
https://www.craftcontemporary.org,403
https://www.plentysingles.com,403
https://www.dennizpopawards.com,455
https://www.feleciakillings.org,403
https://www.ecfmg.org,403
https://www.dallasuu.org,406
https://www.sonbuilthomes.com,406
https://www.probolskyresearch.com,406
https://www.actweb.org,403
https://www.hindawi.org,403
https://www.basicmicro.com,403
https://www.marcopolo.com.br,403
https://www.land.vic.gov.au,403
https://www.moonbears.org,406
https://www.omahasteaks.com,403
https://www.waterandpower.org,403
https://www.naturalizationrecords.com,406
https://www.mundolabores.com,403
https://www.theweekmagazine.com,403
https://www.immaculateheart.org,418
https://www.creativeearlylearning.com,405
https://www.schwabfound.org,403
https://www.hellomolly.com,429
https://www.jennifermcgrath.com,406
https://www.atherosclerosis-journal.com,403
https://www.floridastudiotheatre.org,403
https://www.elwatan.com,400
https://www.nflandisappliances.com,403
https://www.macombchildrensdentistry.com,403
https://www.twentyfournews.com,403
https://www.forecastadvtg.com,403
https://www.clergy-apparel.com,403
https://www.consultancy.asia,403
https://www.hsgac.senate.gov,403
https://www.ci.watertown.wi.us,403
https://www.mysticaquarium.org,403
https://www.maciverse.com,403
https://www.citroen.co.uk,403
https://www.cityofconway.com,403
https://www.sophiesorchids.net,403
https://www.viagemmedieval.com,403
https://www.maps-of-mexico.com,406
https://www.dioceseofnorwich.org,403
https://www.combinedacademic.co.uk,403
https://www.impakt.nl,403
https://www.historici.nl,403
https://www.scififantasynetwork.com,502
https://www.fims.uwo.ca,404
https://www.gunholstersandmore.com,404
https://www.wynwoods.com,500
https://www.ukhillwalking.com,403
https://www.phytoextractum.com,403
https://www.wolftrap.org,403
https://www.globosoft.com,406
https://www.goldnews.com.cy,403
https://www.basscoast.vic.gov.au,403
https://www.lalive.com,405
https://www.pressmachine-world.com,403
https://www.cspalaw.com,403
https://www.wasikfuneralhome.com,403
https://www.javitscenter.com,429
https://www.tonspion.de,403
https://www.davidmariner.com,406
https://www.lakesidenaturecenter.org,403
https://www.tearfund.ie,403
https://www.dytran.com,403
https://www.bccab.ca,403
https://www.thenorthspin.com,406
https://www.hafary.com.sg,404
https://www.bbc.qld.edu.au,403
https://www.sussexfa.com,403
https://www.mbie.govt.nz,403
https://www.britishcouncil.ph,403
https://www.smc-diodes.com,403
https://www.canberra100.com.au,403
https://www.chromahairstudio.com.au,526
https://www.ncirl.ie,403
https://www.genesreunited.co.uk,403
https://www.americamakes.us,403
https://www.delnorteprospector.com,403
https://www.universmini.com,403
https://www.mvcu.com,404
https://www.belfuse.com,403
https://www.implicitli.com,412
https://www.coastalclinicalresearch.com,405
https://www.savethechildren.org,403
https://www.florenciallompart.com.ar,403
https://www.polisnetwork.eu,403
https://www.festivalofarchives.org,406
https://www.dtrmusic.com,465
https://www.waldorf.edu,403
https://www.allen.ac.in,404
https://www.christonbelden.com,403
https://www.prix-villegiature.com,403
https://www.childlaw.us,406
https://www.ivanasworld.com,403
https://www.ssn.edu.in,403
https://www.info-as.cz,404
https://www.purfylle.com,405
https://www.giveapint.org,403
https://www.zendfast.com,403
https://www.danpros.com,500
https://www.coolephotography.co.uk,521
https://www.aaapop.com,406
https://www.afm.nl,403
https://www.sandstone.wa.gov.au,403
https://www.ambassadorajmer.com,406
https://www.unac.edu.pe,403
https://www.news.uscg.mil,403
https://www.bpifrance.fr,403
https://www.thewadsworth.org,403
https://www.poclad.org,406
https://www.fixturescloseup.com,403
https://www.verbo.ai,405
https://www.vintagepaperads.com,403
https://www.wiltshireseniorleague.co.uk,403
https://www.dronegenuity.com,403
https://www.tshirtsonscreen.com,465
https://www.doxtar.ro,500
https://www.jameskugel.com,406
https://www.labgc.org,406
https://www.weebirdy.com,406
https://www.megiordanophotography.com,406
https://www.tarladalal.com,403
https://www.rafnews.co.uk,403
https://www.gameaxis.com,403
https://www.crackedslab.com,403
https://www.sporbiz.co.kr,404
https://www.wpcarmanager.com,521
https://www.ponemon.org,403
https://www.b2bmemes.com,403
https://www.mfaet.gov.sb,406
https://www.kidzlock.com,405
https://www.airsign.com,403
https://www.gardenkneelerclub.com,404
https://www.dandodiary.com,403
https://www.cbre.hu,403
https://www.ncepu.edu.cn,403
https://www.financialbuzz.com,421
https://www.greenearthcleaning.com,403
https://www.norgesdesign.no,405
https://www.toyon.com,403
https://www.cbre.co.nz,403
https://www.rtri.or.jp,403
https://www.gossinteractive.com,403
https://www.lovebeverlyhills.com,403
https://www.arema.org,404
https://www.e-miroiterie.com,403
https://www.cathobel.be,403
https://www.butterflyreleases.com,403
https://www.161arw.ang.af.mil,403
https://www.kavaldon.com,403
https://www.anvur.it,403
https://www.lastwordonnothing.com,406
https://www.netfamilynews.org,403
https://www.viagogo.com,403
https://www.convert.com,403
https://www.edie.net,403
https://www.pallium.ca,403
https://www.freightwaves.com,403
https://www.sleepyhollowfurniture.com,403
https://www.magadao.com,403
https://www.eon-energia.com,403
https://www.thersa.org,403
https://www.homebook.pl,405
https://www.tablesgenerator.com,404
https://www.downtownsac.org,403
https://www.kimmacquarrie.com,406
https://www.krisastyle.com,404
https://www.ceps.eu,403
https://www.primaryjunction.net,406
https://www.pinkpistols.org,406
https://www.zumic.com,530
https://www.archfoundation.org,403
https://www.internationallaborlaw.com,403
https://www.asianstudies.org,403
https://www.eatcakegraphics.com,405
https://www.simonandschuster.com,403
https://www.schaler.net,465
https://www.thesacredscience.com,403
https://www.viviansoliemanidesign.com,403
https://www.bonechiimports.com,403
https://www.charitywatch.org,403
https://www.givenlife.com,500
https://www.protectchagos.org,406
https://www.databeans.net,406
https://www.glassart.org,406
https://www.globalnewsagency.kr,404
https://www.barna.com,403
https://www.aashe.org,403
https://www.thenourishinggourmet.com,403
https://www.commerce.gov.pk,403
https://www.poder360.com.br,403
https://www.slrlounge.com,403
https://www.gamer.no,400
https://www.niskanencenter.org,403
https://www.americanairmuseum.com,403
https://www.kr-ustecky.cz,405
https://www.12fret.com,404
https://www.buildium.com,403
https://www.fpcdurango.org,403
https://www.insyde.com,403
https://www.horatioalgersociety.net,406
https://www.urlrate.com,403
https://www.stamps.com,403
https://www.btv.bg,403
https://www.freedom-center.org,406
https://www.ziiiro.com,406
https://www.riskalyze.com,403
https://www.wienerschnitzel.com,403
https://www.mycretangoods.com,403
https://www.antimafiaduemila.com,403
https://www.aplos.com,403
https://www.spa-francorchamps.be,404
https://www.ukbiobank.ac.uk,403
https://www.sequoyahcountytimes.com,403
https://www.fracturemechanics.org,465
https://www.suruga-ya.jp,403
https://www.nlauderdale.org,403
https://www.mydala.com,404
https://www.hellawella.com,405
https://www.kmd.dk,403
https://www.stockporthomes.org,403
https://www.zonarosa.com,403
https://www.goodreads.com,403
https://www.nahandro.com,403
https://www.danburymint.com,406
https://www.deeperblue.com,403
https://www.hollislibrary.org,403
https://www.thecavendish-london.co.uk,403
https://www.securitysales.com,403
https://www.bach-chorales.com,406
https://www.tourstaffordva.com,403
https://www.elevenplusexams.co.uk,403
https://www.matson.com,403
https://www.saundersfootharbour.co.uk,403
https://www.volunteernow.org,403
https://www.collabstr.com,403
https://www.moreaboutadvertising.com,403
https://www.freakonomics.com,403
https://www.augs.org,403
https://www.thevoxelagents.com,406
https://www.polity.org.za,403
https://www.eastrussia.ru,403
https://www.chattanoogatrend.com,403
https://www.probloggertips.xyz,403
https://www.getinspired2create.com,403
https://www.visasjapan.com,456
https://www.scnf.org,465
https://www.foundationtraining.com,403
https://www.petronas.com,403
https://www.suicidegirls.com,403
https://www.noaca.org,403
https://www.meteosxm.com,406
https://www.chrono24.com,403
https://www.wearegreenbay.com,403
https://www.jamaat-e-islami.org,403
https://www.dyskami.ca,406
https://www.cnxw.com.cn,403
https://www.muycomputerpro.com,403
https://www.ytlcommunity.com,403
https://www.militaryheritage.com,406
https://www.bavarianfootballworks.com,420
https://www.britishcouncil.org.ua,403
https://www.wordpress-mvc.com,403
https://www.leatherneck.com,503
https://www.jeffersonlines.com,403
https://www.durhamny.com,405
https://www.knoxmtnhillclimb.ca,406
https://www.caglow.com,421
https://www.cervejacoral.com,403
https://www.soundandvision.com,403
https://www.codmanacademy.org,403
https://www.dumlatek.cz,403
https://www.otago.ac.nz,403
https://www.invisiblethemepark.com,406
https://www.beatricewood.com,465
https://www.citygrab.co.uk,404
https://www.weeklybcn.com,403
https://www.handgunlaw.us,406
https://www.maxwells-equations.com,406
https://www.pitbullinfo.org,403
https://www.pau.fr,404
https://www.ereadpublisher.com,403
https://www.oerproject.com,403
https://www.jsme.or.jp,403
https://www.charlottevillecc.org.uk,403
https://www.ranakpurtemple.com,406
https://www.iolproperty.co.za,403
https://www.usrarecoininvestments.com,406
https://www.njpies.org,403
https://www.nuevopudahuel.cl,403
https://www.securitycouncilreport.org,403
https://www.finsmes.com,403
https://www.randynewman.com,406
https://www.globalbankingandfinance.com,403
https://www.corposflex.com,403
https://www.rochestermn.gov,403
https://www.thomaswalltrust.org.uk,403
https://www.studiocalico.com,403
https://www.thestudentroom.co.uk,403
https://www.toysrus.es,403
https://www.easternfloral.com,403
https://www.hofbrauhaus.us,403
https://www.winklegroup.com.au,406
https://www.asap-amspares.com,403
https://www.tsitsosthecat.gr,403
https://www.indiedb.com,403
https://www.ukuncut.org.uk,403
https://www.munz.org.nz,404
https://www.racingbeat.com,403
https://www.nagengast.com,403
https://www.yocanusa.com,423
https://www.natja.org,403
https://www.olmstedfalls.org,403
https://www.tomato.org.cn,403
https://www.herndon-va.gov,403
https://www.dailyinfo.co.uk,405
https://www.noakaiswimwear.com,404
https://www.nigerianwatch.com,412
https://www.barcelonaopenbancsabadell.com,403
https://www.alexander-the-great.co.uk,525
https://www.aprilashley.org,406
https://www.ufficiovisti.it,403
https://www.maritime.dot.gov,403
https://www.visitmountathos.eu,403
https://www.norwegian.com,403
https://www.highlandfm.org.au,403
https://www.macdowell.org,403
https://www.gundelik-baku.com,530
https://www.davistaylortrading.com,404
https://www.wincaat.com,403
https://www.yabiladi.com,403
https://www.bamco.com,403
https://www.showingnew.com,404
https://www.jimneath.org,403
https://www.springfieldky.org,403
https://www.tatango.com,403
https://www.24-horas.mx,403
https://www.etipbioenergy.eu,403
https://www.dawahmaterials.com,500
https://www.hersolutionplus.com,465
https://www.iiar.org,404
https://www.readingvine.com,403
https://www.adwordscurso.com.mx,403
https://www.energypolicy.columbia.edu,403
https://www.en.portnews.ru,403
https://www.molokaitimes.com,406
https://www.oqlf.gouv.qc.ca,403
https://www.paddleyourownkanoo.com,403
https://www.bluestarcoffee.eu,403
https://www.safariostrich.co.za,403
https://www.times.co.nz,403
https://www.tivolivredenburg.nl,403
https://www.theenglishroom.biz,403
https://www.savills.com,403
https://www.salji.org,405
https://www.cityoforange.org,403
https://www.helvepic32.org,403
https://www.gloucestershire-pcc.gov.uk,403
https://www.afnwc.af.mil,403
https://www.griffonaerospace.com,403
https://www.cleanriverstrust.co.uk,403
https://www.myclouddoor.com,404
https://www.trados.com,404
https://www.town.duxbury.ma.us,403
https://www.ponasedisonas.lt,403
https://www.caffecentro.com,403
https://www.eleconomistaamerica.com,403
https://www.wpldesign.com,403
https://www.vatera.hu,403
https://www.popmatters.com,403
https://www.timkaine.com,403
https://www.foodsmachine.net,403
https://www.scriptygoddess.com,406
https://www.antonioante.gob.ec,403
https://www.gbif.org,403
https://www.locationshub.com,403
https://www.peninsulacleanenergy.com,422
https://www.imaginmor.com,403
https://www.whitebookagency.com,403
https://www.gael-linn.ie,403
https://www.huttcity.govt.nz,403
https://www.thebestcatholic.com,406
https://www.katherinechambers.com,403
https://www.geopolitika.ru,403
https://www.24flix.com,403
https://www.podparadise.com,403
https://www.rockartshow.com,503
https://www.sullivansupply.com,403
https://www.cbiz.com,403
https://www.flowershome.am,403
https://www.gridbus.org,403
https://www.burnetti.com,403
https://www.thecityfix.com,403
https://www.primusge.com,405
https://www.boncook.com,300
https://www.jandonline.org,403
https://www.thegoodinside.com,404
https://www.environmental-finance.com,403
https://www.anexia.es,403
https://www.tech-gaming.com,406
https://www.palladium-megaverse.com,403
https://www.wyomingbar.org,403
https://www.emeddecorandmore.com,403
https://www.bargainstobounty.com,405
https://www.hayk.net,406
https://www.hcconcrete.com,403
https://www.normanrecords.com,403
https://www.emiliomiti.com,403
https://www.parallaxteam.com,403
https://www.european-games.org,403
https://www.deborahfeldman.com,404
https://www.solanoavenueassn.org,406
https://www.consultmedaily.com,403
https://www.hellhoundmusic.com,406
https://www.bijouxindiens.net,403
https://www.townofwallkill.com,405
https://www.madeofmillions.com,403
https://www.hciottawa.gov.in,403
https://www.urbancarats.com,404
https://www.uvureview.com,403
https://www.justice.vic.gov.au,403
https://www.vvsaz.org,418
https://www.scheltema.nl,403
https://www.ftmguide.org,406
https://www.myloweslife.us,403
https://www.world-grain.com,403
https://www.showbizpizza.com,406
https://www.iosco.org,403
https://www.hampionline.com,406
https://www.nwmissouri.edu,404
https://www.jacks2gents.com,403
https://www.vibeonix.com,405
https://www.swanepoel.com,403
https://www.armyupress.army.mil,403
https://www.juilliard.edu,403
https://www.teksavvy.com,403
https://www.accountingweb.co.uk,403
https://www.dldjournalonline.com,403
https://www.tonyrogers.com,405
https://www.winsor.edu,403
https://www.stgeorge-themartyr.co.uk,405
https://www.beckman-foundation.org,403
https://www.lattc.edu,403
https://www.szsypaper.com,425
https://www.ohiohistory.org,403
https://www.gmesupply.com,403
https://www.nwk.usace.army.mil,403
https://www.thelinenpress.com.au,403
https://www.farahquinn.com,405
https://www.fernsehenderddr.de,403
https://www.jillsharpstudio.com,403
https://www.505ccw.acc.af.mil,403
https://www.laremenicky.com,406
https://www.sandiegohomeremodeling.com,403
https://www.mylogosource.com,405
https://www.potterybarn.com,403
https://www.systemfarma.com.br,404
https://www.bklynlibrary.org,403
https://www.dctp.org.uk,404
https://www.zerobin.net,403
https://www.forceselect.com,400
https://www.minoase.no,500
https://www.ttgasia.com,403
https://www.facetsjournal.com,403
https://www.gongband.com,406
https://www.beltranmasses.com,500
https://www.amyjunelashes.com,503
https://www.shopaccakappa.com,405
https://www.pranayums.com,503
https://www.addictivebooks.com,403
https://www.library.columbia.edu,403
https://www.painmanagementnursing.org,403
https://www.lacrafts.com,503
https://www.tilonia.com,503
https://www.dieselpunks.org,404
https://www.caa.gov.vn,404
https://www.pope.af.mil,403
https://www.minimalnamzda.sk,406
https://www.hednesfordtownfc.com,401
https://www.fonda.org,406
https://www.consumersinternational.org,404
https://www.jcproperty.com,403
https://www.ancruzeiros.pt,403
https://www.greenwich.com,406
https://www.raiffeisen.sk,405
https://www.woodape.org,406
https://www.enhancingyourhabitat.com,403
https://www.chambersschool.org,403
https://www.upnm.edu.my,400
https://www.wheelerschool.org,403
https://www.bealestreet.com,403
https://www.unpatti.ac.id,526
https://www.romanpaintpros.com,403
https://www.theconcert.com,403
https://www.qualitycaraudio.com,405
https://www.abralic.org.br,403
https://www.bi4all.pt,403
https://www.psrc.am,400
https://www.wexfordecho.ie,404
https://www.usa.canon.com,403
https://www.bucksfizz.co.uk,404
https://www.premiumhollywood.com,403
https://www.pagehardware.com,403
https://www.madagate.com,500
https://www.zplay.com,404
https://www.jbcharleston.jb.mil,403
https://www.houstonballet.org,403
https://www.hellobank.fr,403
https://www.nesradio.com,403
https://www.qatarliving.com,403
https://www.grazia.fr,403
https://www.softeasy.com.br,403
https://www.corrections.sa.gov.au,403
https://www.snowsbest.com,403
https://www.crossoverradioonline.com,405
https://www.pravatar.cc,404
https://www.namboothiri.com,406
https://www.jadrafting.com,403
https://www.deephouseamsterdam.com,403
https://www.creativeapplications.net,403
https://www.altmedicinezone.com,405
https://www.poweredbypaf.com,403
https://www.nellessenziale.it,403
https://www.caninecountryclubaz.com,403
https://www.usp.ac.fj,403
https://www.adma.qc.ca,403
https://www.charleswright.org,403
https://www.icontrolwp.com,403
https://www.smokelong.com,403
https://www.companycheck.co.uk,403
https://www.maizenbrew.com,420
https://www.freehomebusiness.ru,403
https://www.loveisrespect.org,403
https://www.thespacereport.org,403
https://www.hundredoffers.com,405
https://www.caf.gov.au,403
https://www.bosphorustour.com,404
https://www.oth-music.com,465
https://www.albaniandf.org,406
https://www.reas.com,503
https://www.bctreaty.ca,403
https://www.uptodown.com,404
https://www.a-n.co.uk,403
https://www.dpairless.com,406
https://www.spotrac.com,403
https://www.dear-lover.com,403
https://www.pamperedchef.ca,403
https://www.blue-room.org.uk,403
https://www.uml-diagrams.org,465
https://www.techbuy.in,500
https://www.clicknotes.com,500
https://www.lomtalanitas-lakaskiurites.hu,503
https://www.documentexpress.com,500
https://www.optoprep.com,429
https://www.uasvision.com,406
https://www.stormbringer.at,510
https://www.phoenixdao.io,403
https://www.plainsman.com,403
https://www.dinamina.lk,403
https://www.treasury.govt.nz,403
https://www.puttingedge.com,403
https://www.triumf.ca,403
https://www.engineersedge.com,403
https://www.hopkinsmedicine.org,403
https://www.kleinfh.com,403
https://www.ukela.org,403
https://www.dover.af.mil,403
https://www.uintacountyherald.com,403
https://www.neoseeker.com,403
https://www.piermont-ny.gov,403
https://www.tenement.org,403
https://www.homegrowngreat.com,403
https://www.calisthenicsmag.com,406
https://www.convenii.com,403
https://www.thelongryders.com,406
https://www.mdhelicopters.com,403
https://www.coolapk.com,403
https://www.inah.gob.mx,403
https://www.mc-daniel.ru,403
https://www.allentate.com,403
https://www.transmopolis.com,406
https://www.plannedparenthood.org,403
https://www.albuquerquevinyl.com,404
https://www.jeuxvideo.com,403
https://www.androidfreeware.net,404
https://www.pjd.ma,403
https://www.crowdfunder.co.uk,403
https://www.unpacampaign.org,403
https://www.bankofcadiz.com,403
https://www.thehaughtyculturist.com,403
https://www.citybiz.co,403
https://www.omegamantels.com,406
https://www.incentivemarketing.org,404
https://www.hillevax.com,406
https://www.thewashingtonhome.org,403
https://www.torugg.org,465
https://www.truthaboutdeception.com,405
https://www.miramar.marines.mil,403
https://www.margieburns.com,406
https://www.zayo.com,403
https://www.simonandschuster.ca,403
https://www.bedfordcountyva.gov,403
https://www.visualcapitalist.com,403
https://www.lasvegashowto.com,403
https://www.icnirp.org,400
https://www.modot.org,202
https://www.kaufland.pl,403
https://www.womeninhorrormonth.com,406
https://www.bosakfuneralhome.com,403
https://www.expique.com,403
https://www.rslab.ru,403
https://www.smartfish.co.in,403
https://www.reformedpresbyterian.org,406
https://www.gata.org,403
https://www.legacytree.com,403
https://www.camilliani.org,403
https://www.essexsheriff.com,403
https://www.nsw.ipaa.org.au,404
https://www.destinationweddings.com,403
https://www.sanders.senate.gov,403
https://www.westridingfa.com,403
https://www.thefarside.com,403
https://www.hautschutzengel.de,403
https://www.evantinedesign.com,403
https://www.mediewistyka.net,403
https://www.ngopal.com.np,403
https://www.epagos.com.ar,418
https://www.kyivpost.com,404
https://www.mapasderecursos.org.ar,500
https://www.dst-org.de,403
https://www.farsightsecurity.com,403
https://www.ispdhome.org,404
https://www.criticschoice.com,403
https://www.bodysculptor.com,403
https://www.streetcarsupernationals.com,406
https://www.spectrocoating.com,403
https://www.courrier-picard.fr,403
https://www.brightervision.com,403
https://www.zoyride.com,500
https://www.radiancemedspa-wheaton.com,403
https://www.dayusroofing.com,403
https://www.charlestoncvb.com,403
https://www.uvhomeshow.com,404
https://www.fonehouse.co.uk,403
https://www.bakerbotts.com,403
https://www.magnifymoney.com,403
https://www.asapaviationstock.com,403
https://www.sst.com,503
https://www.lickyousillypetproducts.com,405
https://www.wesharebonaire.com,500
https://www.lampertlumber.com,403
https://www.texasrealestate.com,403
https://www.wcircle.com,501
https://www.willisallen.com,403
https://www.thoughtco.com,460
https://www.paulaohara.com,404
https://www.nhmshop.co.uk,403
https://www.villageoflattingtown.org,405
https://www.alessandrolupi.com,406
https://www.kurilskiy.ru,403
https://www.tres.ntpc.edu.tw,403
https://www.villeresflowers.com,403
https://www.stacksmag.net,406
https://www.kihoilbo.co.kr,404
https://www.camgenpa.com,502
https://www.colorear-online.com,403
https://www.rgics.org,406
https://www.sledisland.com,405
https://www.smtexas.org,418
https://www.isms.biz,404
https://www.canstarblue.com.au,406
https://www.sweetshoppedesigns.com,403
https://www.inewidea.com,405
https://www.lathermore.com,405
https://www.deltadentalmi.com,403
https://www.bankingonclimatechaos.org,403
https://www.middlesexcountynj.gov,403
https://www.mohdjalalcatering.com,403
https://www.karuni.fr,503
https://www.captainjohn.org,403
https://www.summitpost.org,403
https://www.viking.com,202
https://www.thewpbutler.com,403
https://www.georgiaoldtownapartments.com,403
https://www.buywithaaronhamilton.com,403
https://www.episcopalchurch.org,403
https://www.ensonhaber.com,403
https://www.radioiowa.com,403
https://www.ipohworld.org,403
https://www.yuendumuschool.nt.edu.au,403
https://www.nevada-outback-gems.com,465
https://www.securityfirstflorida.com,403
https://www.globalpride2020.org,403
https://www.hydroassoc.org,403
https://www.blackprwire.com,403
https://www.mybobs.com,403
https://www.nyys.org,403
https://www.holguincuba.net,406
https://www.robinwood.co.uk,403
https://www.eia.gov,503
https://www.butterfieldtrailgolf.com,403
https://www.hollydianafloral.com,403
https://www.zibma.com,404
https://www.simplifycreateinspire.com,403
https://www.ceep.be,403
https://www.versuscancer.org,526
https://www.storytimestandouts.com,403
https://www.visitgreece.gr,403
https://www.hopatcong.org,403
https://www.mcrdsd.marines.mil,403
https://www.diagonalperiodico.net,503
https://www.thespaceshow.com,403
https://www.sogc.org,404
https://www.ciulbaulba.lt,403
https://www.grissomairmuseum.com,406
https://www.finicity.com,403
https://www.jmgraphicdesign.com,403
https://www.lavariopinta.com,403
https://www.newportscouts.org,404
https://www.havasgroup.com,403
https://www.paymho.com,406
https://www.semainedugolfe.com,403
https://www.wkw.com,403
https://www.brazilmax.com,403
https://www.dcpolicycenter.org,403
https://www.womenofthehall.org,403
https://www.sostanze.info,503
https://www.fortligonier.org,403
https://www.lccsa.org.uk,500
https://www.footy.com,403
https://www.flagstaffhill.com,403
https://www.archtoronto.org,403
https://www.f1-grandprix.com,406
https://www.unionjalisco.mx,404
https://www.capeporpoiselobster.com,403
https://www.infinitydentalweb.com,403
https://www.aceaircargo.com,403
https://www.first.army.mil,403
https://www.librarianwardrobe.com,525
https://www.jbc.org,403
https://www.intelligencecareers.gov,405
https://www.demconwatchblog.com,405
https://www.sourcemusic.com,405
https://www.seaspan.com,403
https://www.bloemfonteincourant.co.za,403
https://www.parstimes.com,465
https://www.lrbrands.com,403
https://www.hamiltonpersonaltrainer.com,405
https://www.lottos.com.au,403
https://www.truefoodkitchen.com,403
https://www.dionc.org,405
https://www.awasu.com,403
https://www.newsweekjapan.jp,403
https://www.icd10data.com,403
https://www.rbauction.com,403
https://www.moellerranch.com,405
https://www.joliessence.com,403
https://www.wellthysoul.com,403
https://www.westernherald.com,429
https://www.sinusformianus.it,403
https://www.oceanmistvacations.com,403
https://www.technologynetworks.com,403
https://www.designjewelers.com,403
https://www.bethany-ct.com,404
https://www.gelbcenter.com,403
https://www.rangerette.com,403
https://www.macgeek.org,406
https://www.dreallday.com,403
https://www.12af.acc.af.mil,403
https://www.americantheatre.org,403
https://www.gofortpower.com,402
https://www.myspira.com,403
https://www.hooky.co.uk,403
https://www.a-drol.com,500
https://www.sadefantasy.com,404
https://www.c-spanvideo.org,403
https://www.coquithechef.com,403
https://www.simplelighting.co.uk,403
https://www.motilalbooks.com,403
https://www.terraboundsolutions.com,403
https://www.alexandani.com,503
https://www.vivererosse.com,503
https://www.identifymedals.com,406
https://www.sdbj.com,403
https://www.pmteam.co.il,403
https://www.dominicanwitness.com,403
https://www.ukdfd.co.uk,404
https://www.jerezsiempre.com,403
https://www.adventisthealth.org,403
https://www.ci.philomath.or.us,403
https://www.gbreports.com,403
https://www.orologeria.com,465
https://www.zacks.com,500
https://www.pureinsurance.com,403
https://www.secsportsfan.com,406
https://www.keplers.com,403
https://www.bcmoney-mobiletv.com,403
https://www.whirlwindrecordings.com,406
https://www.the-jewelry-making-website.com,405
https://www.mendix.com,403
https://www.jaxx.io,403
https://www.protothema.gr,403
https://www.atheistrev.com,405
https://www.dietsensor.com,406
https://www.think-nature.eu,520
https://www.lbpsb.qc.ca,403
https://www.churchofscotland.org.uk,403
https://www.yit.fi,404
https://www.kerrcellars.com,403
https://www.aventri.com,403
https://www.comc.com,403
https://www.great-war-assoc.org,403
https://www.niila.io,455
https://www.newportrestaurantgroup.com,403
https://www.booktalk.org,403
https://www.947wls.com,403
https://www.dla.mil,403
https://www.surgeons.org,403
https://www.pluisjes.com,403
https://www.dezotti.com,403
https://www.killerwaxx.com,402
https://www.eauclairefloral.com,403
https://www.andrewweavermla.ca,465
https://www.sj-hospital.org,502
https://www.fites.net,406
https://www.rimradio.ma,403
https://www.apalaweb.org,406
https://www.broadband-finder.co.uk,403
https://www.csprousers.org,503
https://www.cbs.sa.gov.au,403
https://www.gov.ro,403
https://www.peacefulthoughtstherapy.com,406
https://www.darrp.noaa.gov,503
https://www.theofficemaven.com,403
https://www.rochesterhills.org,403
https://www.atsf.co.uk,410
https://www.caidp.org,403
https://www.journalofhospitalinfection.com,403
https://www.blendtopia.com,404
https://www.artcollective.com,404
https://www.artlabm.com,404
https://www.vectorsjournal.org,405
https://www.aobindia.com,404
https://www.uho.ac.id,403
https://www.baselland.ch,403
https://www.whitehouse.senate.gov,403
https://www.deepdyve.com,403
https://www.brandyyates.com,429
https://www.najnakup.sk,403
https://www.chipchick.com,403
https://www.moctm.org,406
https://www.athleticsnation.com,420
https://www.olivertacke.de,500
https://www.maskargo.com,403
https://www.arduinogetstarted.com,403
https://www.fieldgulls.com,420
https://www.okayfuture.com,403
https://www.insidehousing.co.uk,429
https://www.worldenvironmentday.global,403
https://www.kcgmc.edu.in,520
https://www.industryarc.com,403
https://www.pagodared.com,403
https://www.cruz.senate.gov,403
https://www.calciogoal.it,402
https://www.easternmarket.org,403
https://www.cerquitamio.com,403
https://www.teroforma.com,503
https://www.treehousesupplies.com,503
https://www.archivists.org.au,404
https://www.punjabdata.com,403
https://www.soundhound.com,403
https://www.quincedresses.com,503
https://www.themoosedentist.com,403
https://www.clavinet.com,406
https://www.nemerofflaw.com,403
https://www.lunarg.com,403
https://www.biologydiscussion.com,403
https://www.jackentertainment.com,403
https://www.icra.in,404
https://www.kipp.org,403
https://www.makesexmorefun.com,403
https://www.spacearchive.info,403
https://www.wildflowers-florist.com,403
https://www.siouxlandproud.com,403
https://www.sportsradio967.com,403
https://www.bridgingandcommercial.co.uk,403
https://www.indiatravelportal.com,405
https://www.919sow.afrc.af.mil,403
https://www.maderasagrada.com,503
https://www.mufide.nl,403
https://www.neliti.com,403
https://www.taeckjangphoto.com,465
https://www.laboutiquedejuliette.com,403
https://www.mowashapp.com,405
https://www.greendoctor.sk,403
https://www.topasmotel.com.br,403
https://www.isurv.com,403
https://www.swiftoilchange.in,406
https://www.kvartirant.ru,403
https://www.texascooking.com,406
https://www.rtu.lv,403
https://www.provost.usc.edu,403
https://www.fashionbeans.com,403
https://www.syriza.gr,403
https://www.bmhvt.org,403
https://www.boogenstein.com,406
https://www.dkartdesigns.com,404
https://www.amersham.org.uk,404
https://www.directives.doe.gov,403
https://www.worldsbestcatlitter.com,403
https://www.paruvendu.fr,403
https://www.maicsa.org.my,500
https://www.nynja.com,403
https://www.reelartpress.com,403
https://www.fullassignment.com,404
https://www.101arw.ang.af.mil,403
https://www.somospanascolombia.com,403
https://www.asausagehastwo.com,403
https://www.stillmanbank.com,403
https://www.venezuelanalysis.com,403
https://www.wheewall.com,405
https://www.newmommybliss.com,526
https://www.lawyersalliance.com.au,404
https://www.mothersdaywalk4peace.org,404
https://www.eventmobi.com,403
https://www.sadowsky.com,406
https://www.brambleberry.com,403
https://www.beaconfcu.org,403
https://www.learntechlib.org,202
https://www.johnlscott.com,403
https://www.northlandcu.com,404
https://www.linenhall.com,403
https://www.aging.senate.gov,403
https://www.go-new-york.com,403
https://www.jarmoo.com,403
https://www.thunderbolttechnology.net,403
https://www.hillingdon.gov.uk,403
https://www.profgalloway.com,403
https://www.jrobuchon.com,307
https://www.tatraworld.nl,404
https://www.pelican.com,403
https://www.gfi.com,403
https://www.lepassevite.com,405
https://www.weltfussball.de,403
https://www.medicalidstore.com,501
https://www.revitalash.com,403
https://www.zoharproductions.com,403
https://www.baltometro.org,403
https://www.bpkg.gov.ba,403
https://www.trustpower.co.nz,403
https://www.floreinspired.com,403
https://www.litgothic.com,405
https://www.gentosha-comics.net,403
https://www.allatsea.net,403
https://www.reapp.io,526
https://www.sholland.gov.uk,403
https://www.willowtailsprings.com,403
https://www.almansa.es,403
https://www.erthjewelry.com,503
https://www.realcoderz.com,406
https://www.aaeivissa.com,520
https://www.prettyrockgirlcollection.com,405
https://www.evictionrecords.com,403
https://www.v-net.tv,404
https://www.bonefishgrill.com,403
https://www.fairhavennj.org,403
https://www.jeweliadesigns.com,503
https://www.journeysdda.com,403
https://www.rosspub.com,406
https://www.vacuumsunlimited.com,503
https://www.sfballet.org,403
https://www.iupat.org,403
https://www.utopiadeals.com,500
https://www.pgr21.com,403
https://www.imagendelgolfo.mx,403
https://www.mattressdepotusa.com,403
https://www.adlerplanetarium.org,403
https://www.ethemis.gr,403
https://www.tvbrain.info,403
https://www.millianna.com,429
https://www.catherinegrisez.com,429
https://www.artelglass.com,429
https://www.hooverpaint.com,429
https://www.kcactf4.org,406
https://www.may9.ru,403
https://www.islamicfinder.org,403
https://www.fh-aachen.de,403
https://www.jerichocanyonvineyard.com,406
https://www.dcpoliticalreport.com,403
https://www.newscj.com,404
https://www.rsv.com.au,406
https://www.nataliewooddesigns.com,429
https://www.studyinternational.com,403
https://www.nyshistoricnewspapers.org,403
https://www.indoindians.com,403
https://www.chillever.com,429
https://www.superiorpecans.com,429
https://www.jcmh.org,403
https://www.molokane.org,465
https://www.brookemcguyer.com,403
https://www.recology.com,403
https://www.westories.org,404
https://www.saddlersrow.com,403
https://www.usfoods.com,403
https://www.manglobe.net,403
https://www.avibushistoriae.com,403
https://www.shopglamoursociety.com,429
https://www.morrissey-solo.com,403
https://www.gosportsart.com,403
https://www.fortuneofafrica.com,403
https://www.register-iri.com,403
https://www.goaskeve.com,403
https://www.paulmichaelcompany.com,429
https://www.flightera.net,403
https://www.freddystore.com.au,429
https://www.ihr-immobilienmakler-in-heidelberg.de,403
https://www.chesleymclaren.com,429
https://www.petiteaubergesf.com,403
https://www.holidaytrust.nl,403
https://www.alavashop.com,429
https://www.eu2be.com,429
https://www.interbasket.net,403
https://www.enic.org.uk,405
https://www.1factoryradio.com,429
https://www.lhnjewelry.com,429
https://www.britishecologicalsociety.org,403
https://www.everlastingwardrobe.com,403
https://www.weeblrpress.com,403
https://www.okamiknives.com,403
https://www.postzegelblog.nl,403
https://www.prosafe.rs,403
https://www.bumblesandboo.com,429
https://www.jalan.net,503
https://www.aleou.fr,429
https://www.saltandhoneymarket.com,429
https://www.pacificabeauty.com,429
https://www.digitalrefining.com,403
https://www.jawsride.net,522
https://www.irhaz.com,429
https://www.herbanessentials.com,429
https://www.loganhollowell.com,429
https://www.sappi.com,403
https://www.rawearthwildsky.com,429
https://www.caluva.com,403
https://www.womenofwwii.com,502
https://www.eatwicked.com,403
https://www.appliancesrepairlasvegas.com,403
https://www.vivejuicery.com,429
https://www.buffalocurse.com,465
https://www.johnbowen.com,403
https://www.srpnet.com,403
https://www.inyowater.org,403
https://www.globant.com,403
https://www.centralmaine.org,403
https://www.bevmo.com,403
https://www.nmh.gov.tw,404
https://www.perugazette.com,406
https://www.baltimoresunmediagroup.com,403
https://www.sopo-cundinamarca.gov.co,403
https://www.marketofchoice.com,403
https://www.vtech.com,403
https://www.harrisburgregionalchamber.org,403
https://www.tohoku.coop,403
https://www.computerforensicsworld.com,405
https://www.ksfo.com,403
https://www.glownaturalwellness.com,429
https://www.prodoh.com,429
https://www.pbks.info,406
https://www.suffolkcountyny.gov,403
https://www.unical.edu.ng,403
https://www.lashboxla.mx,429
https://www.armaholic.com,405
https://www.researchdive.com,403
https://www.simplesurance.com,403
https://www.shabibisheepworkshop.com,429
https://www.orencooriginals.net,429
https://www.limericki.com,429
https://www.clarionreview.org,403
https://www.britishbeaches.uk,403
https://www.nutiminn.is,500
https://www.entertainmentaffair.com,406
https://www.beachncandles.com,429
https://www.aei.org,403
https://www.nutritionbliss.com,405
https://www.julisimon.com,405
https://www.simcraft.com,403
https://www.sheltonwa.gov,403
https://www.altchar.com,403
https://www.andbeyond.com,403
https://www.maplesoft.com,403
https://www.mycurlproducts.com,429
https://www.proscootershop.com,429
https://www.lowcarbandlovingit.com,403
https://www.bookcrossing.com,403
https://www.ferrovienordbarese.it,404
https://www.dvd-forum.at,403
https://www.edgework.info,406
https://www.thehweddingphotography.com,403
https://www.averyelle.com,405
https://www.armenology.net,406
https://www.archdpdx.org,403
https://www.mdzol.com,403
https://www.premisemedia.com,403
https://www.abe-eba.eu,403
https://www.fda.gov.ph,403
https://www.travelfish.org,403
https://www.duckprods.com,406
https://www.thepoutingroom.com,403
https://www.nubreaks.com,406
https://www.ravinia.org,405
https://www.bobspixels.com,465
https://www.australiandesignreview.com,403
https://www.scientiaestudia.org.br,406
https://www.danvillekentucky.com,403
https://www.noahshope.com,403
https://www.chiptec.net,403
https://www.silverlake.com,403
https://www.culturanavarra.es,403
https://www.woodardmercantile.com,429
https://www.mproducts.pt,403
https://www.mentalhealthatwork.org.uk,403
https://www.thesparklecase.com,429
https://www.pigs.org,405
https://www.somborskenovine.co.rs,403
https://www.bitsindri.ac.in,406
https://www.modiq.it,403
https://www.consumerlab.com,403
https://www.evensongmusic.net,465
https://www.dailycardinal.com,403
https://www.mountainfeed.com,429
https://www.tentazioneunghie.it,403
https://www.irissunglasses.com,429
https://www.catawbariverkeeper.org,403
https://www.embarkonthejourney.com,406
https://www.decorhom.co.uk,403
https://www.doyouspeakjeunest.fr,404
https://www.austinreggaefest.com,405
https://www.cinebook.co.uk,403
https://www.perlaecouture.com,405
https://www.cshp.ca,404
https://www.artscroll.com,403
https://www.sheffield-pottery.com,429
https://www.courtstudies.org,406
https://www.bankofgreece.gr,403
https://www.mediaterre.org,403
https://www.mylhcv.com,406
https://www.lexbook.net,526
https://www.misspopcake.com,429
https://www.gco.gov.qa,403
https://www.fasanflorist.com,403
https://www.gamingtarget.com,406
https://www.thechronicleonline.com,405
https://www.nomyourself.com,405
https://www.harborcomputerservices.net,403
https://www.floorplanrugs.com,429
https://www.economicvoice.com,403
https://www.shoploveable.com,429
https://www.postnord.fi,403
https://www.thewhitefacelodge.com,403
https://www.gardaland.it,403
https://www.elvafields.com,429
https://www.act.nato.int,403
https://www.egyptiancottonbedsheets.com,503
https://www.jff.org,403
https://www.banban.io,503
https://www.manualdevices.com,526
https://www.liuteronai.lt,403
https://www.portefy.com,405
https://www.miningreview.com,403
https://www.sjeconomy.com,403
https://www.balkanfolk.com,403
https://www.chiltons.com,429
https://www.nano-reef.com,403
https://www.revistaadios.es,503
https://www.entergy-mississippi.com,403
https://www.scenarioproductions.com,406
https://www.berkshireproducts.com,403
https://www.dacbeachcroft.com,403
https://www.bestomart.com,429
https://www.juliska.com,429
https://www.telehouse.net,403
https://www.nwd.usace.army.mil,403
https://www.mountainguides.com,406
https://www.45nrth.com,429
https://www.glas.ba,406
https://www.piedmont.edu,403
https://www.goldenhour.be,429
https://www.spiceandtea.com,429
https://www.comicsexperience.com,403
https://www.whoadough.com,429
https://www.everythinglv.com,403
https://www.villageofwoodbury.com,403
https://www.k8mathsense.com,403
https://www.armadainternational.com,403
https://www.weemsgallery.com,429
https://www.bluepixeltech.com,406
https://www.gameaipro.com,406
https://www.asbdc-us.org,403
https://www.harpercollins.ca,403
https://www.candleholicshop.com,429
https://www.hatchcollection.com,429
https://www.priaulxlibrary.co.uk,403
https://www.sulmy.com,429
https://www.minnesotaalumni.org,404
https://www.lessontrader.com,405
https://www.bellecose.com,405
https://www.primemassagechairs.com,429
https://www.stviateurbagel.com,429
https://www.plannerologystudio.com,429
https://www.socresonline.org.uk,403
https://www.resmigazete.gov.tr,405
https://www.prolificliving.com,403
https://www.laszainas.com.ar,403
https://www.davidlinley.com,429
https://www.stylebyme.net,403
https://www.cameranu.nl,403
https://www.weho.org,403
https://www.poschebykimd.com,429
https://www.grandearche.com,403
https://www.dganimalhospital.com,403
https://www.csmusic.net,403
https://www.theargyle.com,403
https://www.upf.br,405
https://www.diyrobocars.com,406
https://www.edinburghbookshelf.org.uk,403
https://www.crystaloffice.com,406
https://www.marshalltribune.com,403
https://www.investinmexico.com.mx,406
https://www.netflixmovies.com,500
https://www.esperanto.cat,410
https://www.mycowichanvalleynow.com,403
https://www.reneesreaders.com,429
https://www.outwestshop.com,429
https://www.revmatiker.no,403
https://www.c-sgroup.com,403
https://www.premierbabyplanners.com,404
https://www.redsoxfoundation.org,403
https://www.blackbox.la,403
https://www.hartfordmarathon.com,403
https://www.teame-cg.com,429
https://www.albertsons.com,403
https://www.angloamerican.com,403
https://www.rainbowdepot.com,405
https://www.beachesmuseum.org,406
https://www.harrier.org.uk,404
https://www.kleenex.co.uk,403
https://www.catbreedslist.com,406
https://www.asapbuying.com,403
https://www.navypeony.com,429
https://www.learninghouse.ca,403
https://www.mood.com.br,403
https://www.climate.gov,403
https://www.theghostsinourmachine.com,403
https://www.steamgifts.com,403
https://www.hozelock.com,403
https://www.rwe.org,403
https://www.webl0g.net,404
https://www.jssgallery.org,465
https://www.yvonnehofstetter.de,403
https://www.picassomio.com,403
https://www.helpmakemiracles.org,403
https://www.automation.com,403
https://www.cassandraskitchen.com,429
https://www.adv-sound.com,429
https://www.fundels.com,403
https://www.solobackpacker.com,465
https://www.thefluidapp.com,403
https://www.jessleaboutique.com,429
https://www.adventuresofpower.com,403
https://www.sevenoaks.gov.uk,403
https://www.digitalussouth.org,503
https://www.timessquare.com,405
https://www.soccer24.co.zw,501
https://www.unation.com,403
https://www.lilydaily.com,404
https://www.canalenergia.com.br,403
https://www.widescreenings.com,406
https://www.xtremeslots.com,465
https://www.unibet.dk,503
https://www.theyogacollective.com,403
https://www.omnianmusicgroup.com,403
https://www.sartellmn.com,403
https://www.localschoolsnetwork.org.uk,405
https://www.jems.com,403
https://www.vwaq.com,429
https://www.livepay.gr,403
https://www.woodheadfuneralhome.com,403
https://www.radios.com.br,403
https://www.dso.org.sg,403
https://www.ozette.com,403
https://www.angiesheldesigns.com,429
https://www.allbreedpedigree.com,403
https://www.kaelenharwell.com,429
https://www.borsellolandscaping.com,403
https://www.amadershomoy.com,403
https://www.foodshuttle.org,403
https://www.okavangodelta.com,403
https://www.tapasdeleon.com,404
https://www.instyle.com,460
https://www.nestedwi.com,403
https://www.emergex.com,403
https://www.musicxtechxfuture.com,406
https://www.pcb.iconnect007.com,404
https://www.rockwellautomation.com,403
https://www.publicdiplomacymagazine.com,403
https://www.ecbacc.com,405
https://www.metc.mil,403
https://www.simonandschuster.co.uk,403
https://www.adventureandsunshine.com,403
https://www.rottnestisland.com,403
https://www.shanghai1937.com,406
https://www.hollis.com,403
https://www.ungs.edu.ar,403
https://www.todayschanakya.com,406
https://www.organicfabriccompany.com,429
https://www.oneforisrael.org,403
https://www.aasw.asn.au,403
https://www.experty.by,403
https://www.ukclimbing.com,403
https://www.fernhillhousehotel.com,403
https://www.orlandpark.org,403
https://www.qualitestgroup.com,403
https://www.capture.co.uk,403
https://www.visitmo.com,403
https://www.regal.bg,403
https://www.brightonfringe.org,403
https://www.notthesaferoute.co.uk,403
https://www.transport.nsw.gov.au,403
https://www.seedsoffreedom.info,500
https://www.adamsribranch.com,500
https://www.dart.com,429
https://www.justanapp.at,500
https://www.800loadcel.com,403
https://www.kriss.re.kr,405
https://www.shopkbjewels.com,429
https://www.saravati.com.br,403
https://www.ontheround.com,429
https://www.the-soc.org.uk,429
https://www.lauradorsilaw.com,406
https://www.dfwsolartour.org,406
https://www.evan-herman.com,406
https://www.bkblaw.net,403
https://www.ajansweb.com,403
https://www.totalmortalkombat.com,406
https://www.vouchercloud.com,404
https://www.cvnc.org,403
https://www.ashleyweber.com,429
https://www.bodegaharbourgolf.com,403
https://www.pgc.umn.edu,403
https://www.opsu.edu,403
https://www.austinsteamtrain.org,406
https://www.tobaccopipes.com,403
https://www.eteknix.com,403
https://www.htmlbible.com,406
https://www.bottega360.com,429
https://www.ethanelkind.com,465
https://www.onesnladay.com,406
https://www.afe.com.uy,405
https://www.plantgoodseed.com,429
https://www.hebergementweb.org,500
https://www.silverpawtags.com,429
https://www.hawkinsrails.net,406
https://www.lju-airport.si,403
https://www.montrealcathedral.ca,500
https://www.hsn.com,404
https://www.icwa.org,403
https://www.fcz.ch,429
https://www.indianrajputs.com,406
https://www.fitcapri.com,429
https://www.citypassguide.com,521
https://www.pwu.edu.ph,406
https://www.dresslikemommy.com,429
https://www.ripematernity.com,429
https://www.greenseadesigns.com,429
https://www.kulgrilles.com,429
https://www.maplelms.com,403
https://www.metroxroma.it,403
https://www.comicbookrevolution.com,403
https://www.visitdelohio.com,403
https://www.busride.org,403
https://www.drkeesha.com,403
https://www.motorwayservices.info,500
https://www.justice.tas.gov.au,403
https://www.wymetro.com,403
https://www.entikhabate.com,405
https://www.aacp.com,403
https://www.myroundabouts.com,429
https://www.trans-health.com,403
https://www.gdcconstruction.com,403
https://www.elevita.com,429
https://www.squardaway.com,429
https://www.bitmovin.com,403
https://www.murkowski.senate.gov,403
https://www.carefirstanimalhospital.com,403
https://www.aarc.org,403
https://www.purecoutureprom.com,404
https://www.koama.es,403
https://www.orangebowl.org,403
https://www.nittanyoutlet.com,403
https://www.firstgradebrain.com,406
https://www.couponcodegroup.com,500
https://www.miahometrends.com,429
https://www.johnpacker.co.uk,429
https://www.blackberrymountain.com,403
https://www.uci.edu,403
https://www.tristatehomepage.com,403
https://www.sheffieldfurniture.com,429
https://www.trumpnationaldc.com,403
https://www.strongasamother.club,429
https://www.terraroom.com,405
https://www.adr.org,405
https://www.erlangga.co.id,403
https://www.digitalsportsdesk.com,406
https://www.lahacienda.com,403
https://www.trainingwheelsgear.com,429
https://www.barryrudolph.com,465
https://www.orchidsasia.com,406
https://www.altassets.net,403
https://www.mysmartprice.com,403
https://www.memorabletv.com,403
https://www.thinkingcloset.com,406
https://www.starsandstripesfc.com,420
https://www.sunoco.com,403
https://www.cpo.noaa.gov,403
https://www.rigarts.org,465
https://www.brilliantsourcelighting.com,406
https://www.hamradiodeluxe.com,403
https://www.visitmesaverde.com,403
https://www.marianne.net,403
https://www.thefinerie.com,429
https://www.robesonian.com,403
https://www.histmed.org,406
https://www.amosbutleraudubon.org,406
https://www.swoonxoxo.com,405
https://www.njhcqi.org,403
https://www.vsb.org,404
https://www.dia.mil,403
https://www.delraydunes.org,403
https://www.omundonacozinha.com.br,403
https://www.hobizapp.com,405
https://www.canecadodev.com,402
https://www.parkcityvacationrentals.com,403
https://www.erivedge.com,403
https://www.ispionline.it,403
https://www.lecho.be,403
https://www.glamadelaide.com.au,403
https://www.lotuswei.com,429
https://www.3loveplug.com,429
https://www.sephardim.com,403
https://www.amenagerieofstitches.com,429
https://www.archwaysandceilings.com,429
https://www.zilkerlodge.com,403
https://www.realitycheckxtreme.com,429
https://www.ingenia.org.uk,403
https://www.pr-inside.com,508
https://www.cornerstorkbabygifts.com,429
https://www.electricfireplacescanada.ca,429
https://www.folsomvillage.com,406
https://www.curlsandpotions.com,429
https://www.alicecooperechive.com,406
https://www.firstimageus.com,406
https://www.cheer-accident.com,406
https://www.sandmanbooks.com,403
https://www.majorpoolsupplies.com,429
https://www.nrgpark.com,403
https://www.alexcornell.com,403
https://www.schools.pima.gov,403
https://www.aftau.org,403
https://www.beale.af.mil,403
https://www.worldbrainthefilm.com,406
https://www.usbky.com,403
https://www.mickeyhart.net,403
https://www.erinmcdermott.com,429
https://www.atlantajewishtimes.com,403
https://www.ecofinsolution.com.au,406
https://www.troyal.gov,404
https://www.lifeworkscommunity.com,405
https://www.bryanadams.com,403
https://www.cotecmar.com,307
https://www.pianola.org,403
https://www.atvtoday.co.uk,403
https://www.loa.fm,405
https://www.incredibleegg.org,403
https://www.mtlebanonfloral.net,403
https://www.kanji.koohii.com,406
https://www.landfilldzine.com,404
https://www.gotimo.com,403
https://www.ptotoday.com,403
https://www.frankalamo.com,403
https://www.reartruckbedseats.com,429
https://www.gryphon-partners.com,406
https://www.tribealive.com,404
https://www.baavet.co.uk,403
https://www.gnu.org,403
https://www.belcantosociety.org,405
https://www.harajplus.net,403
https://www.supermanii.com,406
https://www.prowrestlingdaily.com,405
https://www.elephantunderwear.com,429
https://www.100procentjezelf.nl,520
https://www.blab.social,403
https://www.integritybotanicals.com,429
https://www.maddoxdefense.com,406
https://www.dotvvm.com,405
https://www.weddingacademy.fr,429
https://www.city.chiyoda.lg.jp,403
https://www.cusabio.com,403
https://www.inspired-design.com.au,429
https://www.kohlberg.com,403
https://www.tushandbush.com,429
https://www.mysticmoonshop.com,429
https://www.petvet.org,403
https://www.rocknfolk.com,403
https://www.oridecor.com.br,403
https://www.littlelullaby.com.au,429
https://www.fusionacademy.com,403
https://www.mvn.usace.army.mil,403
https://www.lcgsco.org,406
https://www.toocutestore.com,429
https://www.ararat.lt,403
https://www.bigtruck.com,429
https://www.unescap.org,403
https://www.hgdesigns.co,406
https://www.grandhoteletdemilan.it,403
https://www.m-cam.com,406
https://www.begenuine.net,429
https://www.motogps.com.au,429
https://www.viansa.com,403
https://www.revue-interrogations.org,403
https://www.walterfilm.com,403
https://www.thepepperpolice.com,429
https://www.echocommunity.org,403
https://www.rct.uk,403
https://www.jamaicaplainnews.com,403
https://www.boredparacord.com,429
https://www.thelondoner.me,403
https://www.dublinbus.ie,403
https://www.sandhyamanne.com,429
https://www.theatermirror.net,406
https://www.fisheriesireland.ie,403
https://www.elcristianismoprimitivo.com,465
https://www.atgames.us,429
https://www.jacc.org,403
https://www.twtpoll.com,403
https://www.easternwatchco.com,501
https://www.massagenerd.com,406
https://www.jamjar.gr,403
https://www.biologicalpsychiatryjournal.com,403
https://www.mediapartisans.com,403
https://www.legislation.sa.gov.au,403
https://www.campovans.com,429
https://www.npfmc.org,403
https://www.mclaughlincoffee.com,429
https://www.lockhatters.com,429
https://www.quiz-tree.com,406
https://www.highiqpro.com,406
https://www.stickercafe.com,429
https://www.connectingheartstohomes.com,403
https://www.adoptionstar.com,403
https://www.shopsugarbelles.com,429
https://www.johnconyers.com,404
https://www.consultpivotal.com,406
https://www.mouseprice.com,503
https://www.aurorafond.ru,403
https://www.refugepoint.org,403
https://www.medsafe.govt.nz,403
https://www.umassmed.edu,403
https://www.tricityinsurancenews.com,403
https://www.teleflora.com,403
https://www.pinkbike.com,403
https://www.site5.com,403
https://www.illucolor.fr,403
https://www.foodguruz.in,403
https://www.ultimareplenisher.com,429
https://www.bedeva.org,403
https://www.inance.com,405
https://www.anaj.ir,403
https://www.chaibio.com,502
https://www.jcdragonshearteurope.org.uk,405
https://www.poetryflash.org,403
https://www.webcitz.com,403
https://www.craterlakeinstitute.com,406
https://www.roundtheworldmagazine.com,406
https://www.kfc.pt,403
https://www.startitup.sk,403
https://www.caspiannews.com,403
https://www.dpaa.mil,403
https://www.cheekymonkeytoys.com,429
https://www.sixonclothing.com,429
https://www.quillingtreasures.com,403
https://www.logicalimages.com,403
https://www.rufskin.com,429
https://www.televisionbroadcast.com,500
https://www.eddieandsamspizza.com,403
https://www.nationwide.co.uk,403
https://www.monitor.co.ug,403
https://www.lursoft.lv,403
https://www.sanmarcosrecord.com,403
https://www.uwl.ac.uk,403
https://www.blaft.com,429
https://www.beakcouture.com,429
https://www.cannonballmusic.com,403
https://www.tinymodernist.com,429
https://www.brushandbubbles.com,429
https://www.thefloralgardens.com,403
https://www.finishline.com,403
https://www.ronberk.com,406
https://www.jerripedia.org,403
https://www.hcpc-uk.org,405
https://www.mokshamantra.com,405
https://www.eurotreaties.com,403
https://www.exoticlumber.com,429
https://www.lunagallery.com.au,429
https://www.teeturtle.com,429
https://www.countylinemagazine.com,405
https://www.thetoyinsider.com,403
https://www.mukhaspa.com,404
https://www.friendline.app,405
https://www.rejuvenation.com,403
https://www.oohlalacurves.com,405
https://www.web3d-fr.com,403
https://www.reprotiqueart.com,429
https://www.yccc.edu,403
https://www.foodora.com,403
https://www.watts.com,403
https://www.lambshillbridalboutique.com,404
https://www.floydrose.com,429
https://www.relias.com,403
https://www.iimef.marines.mil,403
https://www.iconswim.com,429
https://www.interprint.com,403
https://www.bloomington.in.gov,403
https://www.mitgaisim.idf.il,403
https://www.americangaming.org,403
https://www.twocrowsforjoy.com,406
https://www.jjtc.com,406
https://www.revistainteriores.es,403
https://www.passmark.com,403
https://www.downunderapparel.com,429
https://www.adamsfunds.com,403
https://www.skinnysketcher.com,429
https://www.cityofbradbury.org,403
https://www.clickonf5.org,403
https://www.wuerzmeister.ch,403
https://www.sanluisrey.org,406
https://www.movistarriders.gg,404
https://www.koifootwear.com,429
https://www.tlc.com,403
https://www.odiaweb.in,523
https://www.hoeshinternational.co.uk,429
https://www.newsfromme.com,403
https://www.thetahealing.com,403
https://www.p-b.com,403
https://www.laughinglambfibers.com,429
https://www.windowstricks.in,406
https://www.cozybump.com,429
https://www.rabihaboukhalil.com,403
https://www.speedrun.com,403
https://www.archives-pmr.org,403
https://www.557weatherwing.af.mil,403
https://www.lovemystrutz.com,429
https://www.vinnieandjune.com,403
https://www.riparks.com,405
https://www.acuity.co.uk,403
https://www.williamsmith.us,406
https://www.slcdunk.com,420
https://www.phenomen.cz,403
https://www.sacem.fr,403
https://www.historicnavalfiction.com,403
https://www.shopatgoldies.com,429
https://www.presentlyin.com,429
https://www.lebenshilfe.de,403
https://www.modernstop.com,429
https://www.fersucrepopgallery.com,429
https://www.fullpower.com,404
https://www.beyondunreal.com,403
https://www.a1partyfun.com,403
https://www.archaeologysouthwest.org,403
https://www.portsofindiana.com,403
https://www.sportsperformancebulletin.com,429
https://www.ijoca.com,404
https://www.naheri.com,423
https://www.library.torranceca.gov,403
https://www.opticsplanet.com,403
https://www.greeleywindowcompany.com,403
https://www.ontheregimen.com,403
https://www.southcarolinaarts.com,403
https://www.spanish-civil-war-collection.com,405
https://www.leisuresuit.net,406
https://www.dihair.com.br,429
https://www.newamericaneconomy.org,403
https://www.thelawyer.com,403
https://www.storiespreschool.com,406
https://www.pianohelp.net,404
https://www.paperassist.ie,403
https://www.tarheelblog.com,420
https://www.bootbarn.com,406
https://www.legere.com,429
https://www.bestsharktankproducts.com,500
https://www.kblacksmiles.com,403
https://www.warnermusic.ca,429
https://www.terminaldesign.com,403
https://www.discountcutlery.net,403
https://www.alton.nh.gov,403
https://www.newcreationsbyjen.com,429
https://www.b4booking.pk,403
https://www.kerching.com,525
https://www.centaure-systems.fr,503
https://www.theiet.org.cn,404
https://www.broadcastprome.com,403
https://www.discoverjamaica.com,406
https://www.mdkampar.gov.my,403
https://www.capecod.com,403
https://www.allworldwars.com,465
https://www.musicweb.uk.net,403
https://www.lelandfrancis.com,429
https://www.mariettahistory.org,406
https://www.mmobyte.tv,403
https://www.universalhub.com,403
https://www.ronstadt-linda.com,465
https://www.radars-auto.com,403
https://www.jem-journal.com,403
https://www.cincymuseum.org,403
https://www.moojoes.com,429
https://www.israelairlinemuseum.org,406
https://www.virtuozzo.com,403
https://www.fairfieldflowers.net,403
https://www.bridgesmathart.org,465
https://www.inspiringcapital.ly,403
https://www.entergynewsroom.com,403
https://www.avery-zweckform.pl,403
https://www.sdmmag.com,403
https://www.ots.ca.gov,403
https://www.tanzaniatouristboard.com,405
https://www.nro.gov,403
https://www.enjoy-machu-picchu.org,403
https://www.marottaonmoney.com,403
https://www.humm.ly,530
https://www.keytronic.com,406
https://www.thepostathens.com,403
https://www.adclassix.com,405
https://www.vbnational.com,403
https://www.whattodiet.com,403
https://www.csfd.cz,429
https://www.bportugal.pt,403
https://www.himalyankothikais.com,405
https://www.windycitynovelties.com,429
https://www.humanitas.lt,403
https://www.bihada-beautiful.com,406
https://www.camillebryanne.com,429
https://www.barefoothorse.com,403
https://www.jsmf.org,403
https://www.beckerstudio.com,500
https://www.claytonmo.gov,403
https://www.theknitcafetoronto.com,429
https://www.cymer.com,403
https://www.gangoffourcoimbra.com,429
https://www.surffcs.com,429
https://www.securitysift.com,406
https://www.blueapplepromotions.com,404
https://www.cravegolf.com,403
https://www.iwriteiam.nl,455
https://www.dezeen.com,403
https://www.regierung.li,405
https://www.saebo.com,429
https://www.scholarshipsinindia.com,403
https://www.tealbee.com,429
https://www.shwjewelry.com,429
https://www.kidman.com.au,429
https://www.louisegreen.com,429
https://www.tsbvi.edu,403
https://www.poiein.gr,403
https://www.kristenley.com,429
https://www.boincstats.com,403
https://www.transilien.com,403
https://www.skyport-group.de,403
https://www.miele.de,403
https://www.zenlifegames.com,403
https://www.kootinlok.com,403
https://www.ashleyhall.org,403
https://www.powerreviews.com,403
https://www.fiberartnow.net,403
https://www.mortuary.af.mil,403
https://www.coco-mat.com,403
https://www.flyingnun.co.nz,429
https://www.librarypatch.com,406
https://www.openbanking.ng,503
https://www.smilla-berlin.de,429
https://www.willcoxguitars.com,403
https://www.kosherimage.com,406
https://www.estudiokrill.com.ar,412
https://www.resident-music.com,403
https://www.shelby.mogenweb.org,406
https://www.scotsmart.com,403
https://www.eventualnie.com,405
https://www.kindgreenbuds.com,406
https://www.hemispheregames.com,406
https://www.directsellingnews.com,403
https://www.taiwancenter.com,465
https://www.dataprotectionreport.com,403
https://www.toidp.com,406
https://www.fraserinstitute.org,403
https://www.carasycaretas.com.uy,403
https://www.njboxinghof.org,406
https://www.scicrunch.org,403
https://www.weirdal.com,403
https://www.installaware.com,403
https://www.badbrownie.co.uk,429
https://www.etinside.com,406
https://www.eegsynth.org,406
https://www.alaskapacific.edu,403
https://www.onedunia.com,406
https://www.lasvegasrealtyspecialists.com,410
https://www.ambientphotography.com,403
https://www.necanet.org,403
https://www.etexgroup.com,405
https://www.blackpearldesigns.com,429
https://www.bruceparkerdmd.com,403
https://www.gameonmom.com,406
https://www.petertomjones.be,403
https://www.meyvesepeti.com,521
https://www.languagegeek.com,406
https://www.erpmercantile.com,429
https://www.supportivehands.net,403
https://www.bubbleteaology.com,403
https://www.glamorousky.com,526
https://www.iroquois.k12.hi.us,503
https://www.acehighcasinorentals.com,403
https://www.jidsponline.org,403
https://www.colonialbouquetnj.com,403
https://www.treehutshea.com,429
https://www.skaparade.com,406
https://www.frontgate.com,403
https://www.etoncollege.com,403
https://www.bikechina.com,406
https://www.spwla.org,404
https://www.kassmd.com,403
https://www.quality.org,403
https://www.pacificarea.uscg.mil,403
https://www.ohpolly.com,429
https://www.pitadanatural.com.br,403
https://www.cybersoftware.co.uk,403
https://www.mcaer.org,406
https://www.loveandlogic.com,429
https://www.dcgrant.sa.gov.au,403
https://www.conoha.jp,403
https://www.wmberg.com,403
https://www.hbloom.com,429
https://www.nutri-genetix.com,429
https://www.elektor.nl,429
https://www.end-violence.org,403
https://www.outdoors.ru,403
https://www.sangil.gov.co,403
https://www.cardellfloral.net,403
https://www.immigration.go.th,403
https://www.fontenay-le-comte.fr,403
https://www.zillaevents.com,404
https://www.wesellmats.com,429
https://www.grandviewdentalcare.com,403
https://www.bbcicecream.com,429
https://www.cosplayo.com,403
https://www.sciencebuzz.org,404
https://www.hudsonbooksellers.com,403
https://www.vjv.com,403
https://www.pratobotanico.com,429
https://www.goodshepherdrehab.org,403
https://www.opticabelavista.com,403
https://www.mousestats.com,522
https://www.thelongestthread.com,429
https://www.news-journal.co.uk,403
https://www.ems-usa.com,403
https://www.warmadewa.ac.id,403
https://www.laptopoutlet.co.uk,403
https://www.unitn.it,403
https://www.thefancan.com,403
https://www.spacepen.com,429
https://www.piko-america.com,429
https://www.bluecrestrc.com,403
https://www.hyderabadonlineflorists.com,403
https://www.giggle.com,429
https://www.saintaugustinechurch.org,403
https://www.q-zon-fighterplanes.com,521
https://www.anykindoffilter.com,429
https://www.paiskincare.com,429
https://www.ccs.cl,403
https://www.mounthopeschool.org,403
https://www.marleneharriscol.com,429
https://www.planetics.de,429
https://www.grupomakrodigital.com,404
https://www.upstartepoxy.com,429
https://www.nsmodern.com,403
https://www.bighammerwines.com,429
https://www.waubonsee.edu,403
https://www.bellabarnett.com,403
https://www.titlemax.com,403
https://www.vidyo.com,403
https://www.plataformaurbana.cl,500
https://www.naadro.com,406
https://www.dreamart.ca,429
https://www.marylandstatefair.com,403
https://www.starwarsreport.com,406
https://www.lulabites.com,429
https://www.nyjazzacademy.com,403
https://www.ravelinmagazine.com,403
https://www.historicpictoric.com,429
https://www.yc-tp.com,403
https://www.italianbagssale.com,403
https://www.skyecamanachd.com,403
https://www.onetoystore.com,429
https://www.periotem.com,405
https://www.devocion.com,429
https://www.myarklamiss.com,403
https://www.menageothermal.com,406
https://www.edtap.com,403
https://www.seeingspeech.ac.uk,403
https://www.alivape.com,429
https://www.lyoncountylibrary.com,405
https://www.inathos.gr,403
https://www.blackoveja.com,429
https://www.osijek031.com,403
https://www.diariouno.com.ar,403
https://www.marthawhite.com,403
https://www.houseofjadehome.com,429
https://www.mediapack.com,403
https://www.estadiodeportes.mx,403
https://www.toxtests.com,429
https://www.cmps.edu,201
https://www.lampsplus.com,404
https://www.tittlelight.com,429
https://www.bolton.gov.uk,403
https://www.littleearthnest.com.au,429
https://www.equillibrium.com,429
https://www.jti.com,429
https://www.chartertech.org,503
https://www.petz.com.br,403
https://www.adcparking.com,403
https://www.energyimpactpartners.com,403
https://www.mentalhealth.com,403
https://www.willo.com,429
https://www.inconcertweb.com,403
https://www.nffo.org.uk,403
https://www.kniftyknittings.com,406
https://www.radioelsembrador.cl,406
https://www.oxfordartonline.com,403
https://www.scatteredconfetti.com,406
https://www.threesilverspoons.com,405
https://www.booktherapy.io,429
https://www.betterdisplaycases.com,429
https://www.thoroughbrednews.com.au,403
https://www.albizu.edu,403
https://www.uetechnologies.com,525
https://www.indianz.com,403
https://www.blongerbros.com,403
https://www.sellcell.com,500
https://www.tfd.com,403
https://www.citivu.com,406
https://www.hket.com,403
https://www.getbeyond.com,405
https://www.lacks.com,403
https://www.stgertrude.org,403
https://www.jammyandco.com,405
https://www.centraljerseychimneysweeps.com,405
https://www.cattlemax.com,403
https://www.elizabetharden.com,429
https://www.update.ph,404
https://www.footlockercc.com,403
https://www.trasci.com,403
https://www.nomadcambridge.com,429
https://www.carpathiangold.com,403
https://www.edwardoxenford.org,406
https://www.essentialoil.com,429
https://www.nbc4i.com,403
https://www.thievesguild.cc,403
https://www.summitdd.org,403
https://www.branson.com,403
https://www.evernym.com,403
https://www.texascanvaswares.com,429
https://www.sciguru.com,405
https://www.fieldandfeed.com,429
https://www.thecheesegeek.com,429
https://www.autosuccessonline.com,403
https://www.mixtapepsds.com,403
https://www.ftmeadealliance.org,403
https://www.achahockey.org,403
https://www.lifewire.com,460
https://www.luckybraids.com,429
https://www.chicagoparent.com,403
https://www.digital-tv.co.uk,403
https://www.bikekinetix.com,405
https://www.mlbair.com,403
https://www.scottishciviljusticecouncil.gov.uk,403
https://www.visitwester-ross.com,403
https://www.poynter.org,403
https://www.bocreations.com,403
https://www.bw-invest.de,403
https://www.lampswell.com,403
https://www.dahliany.com,429
https://www.outsourcing-pharma.com,410
https://www.theweekendleader.com,403
https://www.iamsogal.com,406
https://www.townofcalabash.net,403
https://www.amsterdam.nl,403
https://www.dreamville.com,429
https://www.thousandeyes.com,403
https://www.toysrus.com,429
https://www.magnoliamedskin.com,403
https://www.hofstede-insights.com,405
https://www.177fw.ang.af.mil,403
https://www.ngteco.com,429
https://www.cpnys.org,403
https://www.cba.gov.ar,403
https://www.memoq.com,403
https://www.veerah.com,429
https://www.georgiahorseback.com,429
https://www.susanposnick.com,429
https://www.rachellaudan.com,406
https://www.thesportsagency.co.nz,403
https://www.spao.com,403
https://www.santorini.net,403
https://www.homeschoolsocial.net,503
https://www.adele.com,403
https://www.icnl.org,403
https://www.legalservicesnyc.org,403
https://www.streamingchurchesonline.com,403
https://www.mapletea.co.uk,521
https://www.cariuma.com,429
https://www.coolest-gadgets.com,403
https://www.pamperedchef.com,403
https://www.chess.sk,403
https://www.resources.qld.gov.au,403
https://www.lasting-art.com,429
https://www.scsengineers.com,403
https://www.maxpixel.net,401
https://www.classicalmovements.com,403
https://www.aihw.gov.au,403
https://www.bimlitfest.org,406
https://www.brigitewear.com,429
https://www.us.elsevierhealth.com,403
https://www.rebeccademarino.com,406
https://www.laytonschance.com,403
https://www.sandmountainherbs.com,403
https://www.aseees.org,403
https://www.dakotacooks.com,403
https://www.singlesswag.com,429
https://www.fomrhi.org,500
https://www.quebecgetaways.com,403
https://www.carbondalegov.org,403
https://www.paradisefibers.com,429
https://www.americanpayroll.org,403
https://www.kpvi.com,429
https://www.carlyknapp.com,405
https://www.thetilt.com,403
https://www.apyartcentrecollective.com,403
https://www.barevarmenia.com,406
https://www.foragerproject.com,429
https://www.epj.org,403
https://www.lovell-rugby.co.uk,429
https://www.woodsholegolfclub.com,403
https://www.panambrands.com,405
https://www.work-wallet.com,403
https://www.roseinc.com,429
https://www.jamieyoung.com,429
https://www.northwestguitars.co.uk,429
https://www.vanhookart.com,429
https://www.petroleumonline.com,403
https://www.waytoplay.toys,429
https://www.merchantvilleschool.org,503
https://www.chicora.org,465
https://www.jenriday.com,403
https://www.asic-cafe.org,403
https://www.politikus.info,403
https://www.plasticsindustry.org,403
https://www.wholeblossoms.com,403
https://www.tinalobondi.com,429
https://www.alphaomicronpi.org,403
https://www.librairie-compagnie.fr,400
https://www.espressorepublic.com,429
https://www.calmskincare.com,429
https://www.smartbuyglasses.co.uk,403
https://www.atmos-tokyo.com,403
https://www.ijnhonline.org,405
https://www.soldierx.com,403
https://www.guitaranswerguy.com,405
https://www.amida.com,403
https://www.spinarella.com,404
https://www.newsmediaalliance.org,403
https://www.give65.org,429
https://www.techinvestornews.com,404
https://www.tapatalk.com,202
https://www.ippyawards.com,403
https://www.stylecandles.com,429
https://www.brainerddispatch.com,403
https://www.buckys5thquarter.com,420
https://www.eattheweeds.com,406
https://www.purplehousepress.com,429
https://www.stuff.tv,403
https://www.metroappliancesandmore.com,403
https://www.salterspiralstair.com,403
https://www.neurology.org,403
https://www.merthyrtownfc.com,406
https://www.kotzebueira.org,403
https://www.cecartslink.org,403
https://www.yfood.eu,429
https://www.thevillageatindiansprings.com,501
https://www.fob.uk.com,403
https://www.ouiaremakers.com,403
https://www.eurotestmobility.com,403
https://www.marketing-mentor.com,429
https://www.swsa.semanticweb.org,406
https://www.usarj.army.mil,403
https://www.usskiandsnowboard.org,403
https://www.creativeteaching.com,429
https://www.tatung.com,404
https://www.realityrally.com,406
https://www.acmepackingcompany.com,420
https://www.amgenpipeline.com,403
https://www.pics4news.com,406
https://www.hirekaraoke.co.uk,403
https://www.ibmp.info,405
https://www.bigcountryhomepage.com,403
https://www.eurest-usa.com,403
https://www.adrenalinercracing.com,429
https://www.sumnernewscow.com,403
https://www.aquamaps.org,403
https://www.bedankje.nl,403
https://www.jarchitect.com,403
https://www.weareteachers.com,403
https://www.juicy-publishing.com,404
https://www.albertabairtheater.org,403
https://www.rapmag.com,403
https://www.viainfo.net,403
https://www.lifestorage.com,403
https://www.tributes.com,403
https://www.uboataces.com,406
https://www.ctsnet.edu,403
https://www.totvabox.com,429
https://www.meridiancz.com,403
https://www.agendamag.com,406
https://www.iberianature.com,404
https://www.sauvagewear.com,429
https://www.allsvenskan.se,403
https://www.miller.berkeley.edu,406
https://www.backporchsoap.com,500
https://www.thewi.org.uk,403
https://www.lampsusa.com,429
https://www.webmasterworld.com,403
https://www.navisite.com,403
https://www.hille.co.uk,403
https://www.paulineoliveros.us,406
https://www.parkcinema.az,403
https://www.0db.co.kr,403
https://www.thesportscol.com,406
https://www.golfwdw.com,403
https://www.internationalwigs.com,405
https://www.prio.org,405
https://www.allensflowers.com,403
https://www.faac.com,403
https://www.snapfashionista.com,403
https://www.sonomaacademy.org,418
https://www.harimari.com,429
https://www.emmauspl.org,403
https://www.co.buchanan.mo.us,403
https://www.zevia.com,429
https://www.unicat.be,403
https://www.althingi.is,403
https://www.thegardenisland.com,403
https://www.inlandhotspring.com,403
https://www.womensafe.net,403
https://www.go2s.com,403
https://www.meistercody.com,429
https://www.elpasozoo.org,403
https://www.buildittolast.com,403
https://www.albrightstonebridge.com,403
https://www.ttf.org,403
https://www.readfieldmaine.org,403
https://www.formidablemag.com,500
https://www.cornucopia.org.uk,406
https://www.asihablamos.com,406
https://www.tedxsantacruz.org,403
https://www.retailtouchpoints.com,403
https://www.snowathome.com,403
https://www.sahajayoga.org,520
https://www.alquilerdecarrosensantamarta.com,406
https://www.balticnetworks.com,429
https://www.chattysnaps.com,429
https://www.tron.co.uk,403
https://www.tiprecords.com,406
https://www.tulocompras.com,429
https://www.atlanticpkg.com,403
https://www.animalhospitalofsouthcarolina.com,501
https://www.furan.com,403
https://www.thesanjuans.com,406
https://www.nunanet.com,403
https://www.baltimorebirdclub.org,406
https://www.arabamerica.com,403
https://www.motc.gov.mm,403
https://www.fedsoc.org,403
https://www.parinita.co.in,429
https://www.ilovelanguages.com,405
https://www.hscatholic.org,403
https://www.vitalstrategies.org,403
https://www.420brewstreet.com,403
https://www.sc19.supercomputing.org,403
https://www.enamelistsociety.org,403
https://www.comprehensivesexualityeducation.org,403
https://www.validity.com,403
https://www.aremedia.com.au,403
https://www.bohuslansmuseum.se,503
https://www.schoolofdentalassisting.com,403
https://www.fairbornoh.gov,403
https://www.indianmuslimobserver.com,405
https://www.newmilford.org,404
https://www.rickjessup.com,500
https://www.newtalk.tw,403
https://www.vattenfall.se,403
https://www.hookedongolfblog.com,403
https://www.sdrplay.com,403
https://www.ballingslov.se,404
https://www.lacucaracharestaurante.com,403
https://www.lightinus.com,405
https://www.largus.fr,403
https://www.powertoolinstitute.com,403
https://www.fwstyle.com,429
https://www.csp.org.uk,403
https://www.puritanboard.com,403
https://www.mariadenmark.com,455
https://www.permaseal.net,403
https://www.arctictoday.com,403
https://www.piano.bg,404
https://www.angolachamber.org,403
https://www.authenticintimacy.com,403
https://www.il.ngb.army.mil,403
https://www.northshoresaddlery.com,429
https://www.elvie.com,429
https://www.txcourts.gov,403
https://www.jackbakerart.com,403
https://www.arionpress.com,406
https://www.winminute.com,405
https://www.madebyvest.com,429
https://www.saint.fm,403
https://www.criticalthreats.org,403
https://www.ourstoriedhome.com,406
https://www.amirafoods.co.uk,403
https://www.shopsuite201.com,429
https://www.freeads.co.uk,403
https://www.cyso.org.cy,406
https://www.mysisterkate.com,403
https://www.mantecatrailer.com,403
https://www.famjamtheapp.com,403
https://www.southwestcoastpath.org.uk,403
https://www.tophealthsource.com,403
https://www.germanistik.uni-bonn.de,404
https://www.crunchi.com,429
https://www.wiccanfamilytemple.org,465
https://www.grindstonetech.com,520
https://www.spritely.net,405
https://www.homeoptima.com,403
https://www.businessgrouphealth.org,403
https://www.recipegirl.com,520
https://www.thebeachglass.com,429
https://www.pluto.media,405
https://www.ligo.org,403
https://www.angolaembassy.org.rs,403
https://www.myticktalk.com,429
https://www.legacycommunityhealth.org,403
https://www.endmalaria.org,403
https://www.wpsmartcontracts.com,406
https://www.bloggingspark.com,403
https://www.shesoleshoes.com,429
https://www.rentthecape.com,403
https://www.janicerihouay.fr,503
https://www.realclub.com.br,406
https://www.explore-mag.com,403
https://www.interez.sk,403
https://www.littlecraftplace.com,429
https://www.abp.org,403
https://www.historyfilesnetwork.com,403
https://www.limoanywhere.com,406
https://www.feedthechildren.org,403
https://www.railswest.com,465
https://www.essential-madeira.com,403
https://www.boerderij.nl,403
https://www.stmath.com,403
https://www.wai.org,403
https://www.metroatlantachamber.com,403
https://www.deetjens.com,406
https://www.rvcj.com,403
https://www.marylandbiodiversity.com,403
https://www.hotindienews.com,526
https://www.juniorworldgolf.com,404
https://www.iainkudus.ac.id,403
https://www.dofmaster.com,465
https://www.antrimcounty.org,403
https://www.comites.allgeconsultoria.com,406
https://www.akultalkies.com,403
https://www.fenerbahce.org,403
https://www.ligamilitarilor.ro,403
https://www.vivalafranki.com.au,429
https://www.arise.com,403
https://www.emkinstitute.org,403
https://www.thefixpodcast.org,403
https://www.guidestar.org,403
https://www.tahaa.co.nz,406
https://www.naminsk.by,403
https://www.stylebookapp.com,406
https://www.townsvilleroadrunners.com.au,406
https://www.158fw.ang.af.mil,403
https://www.jonjosef.com,429
https://www.nextpit.de,405
https://www.icecreampark.com,405
https://www.thefashionbible.co.uk,429
https://www.superherohype.com,403
https://www.coverlaymfg.com,403
https://www.politics-prose.com,403
https://www.bimm.ac.uk,403
https://www.conducto.be,403
https://www.kefidesigns.com,405
https://www.sesac.com,403
https://www.whizzeducation.com,403
https://www.k12.com,403
https://www.tcs.on.ca,403
https://www.grossmisconduct.ca,404
https://www.granliving.dk,455
https://www.chambersz.com,403
https://www.e-mobilbw.de,403
https://www.sjsoiree.com,403
https://www.keepsakequilting.com,429
https://www.leslibraires.fr,403
https://www.aseanlawassociation.org,406
https://www.bookfrom.net,403
https://www.pcbdesign007.com,403
https://www.brookstone.com,429
https://www.renmarkparinga.sa.gov.au,403
https://www.susanwaldronart.com,405
https://www.peugeot.co.uk,403
https://www.phillypolice.com,403
https://www.spacecityrock.com,406
https://www.ch-aviation.com,405
https://www.glitzhome.com,403
https://www.agpeya.org,406
https://www.surreyfa.com,403
https://www.eos-jp.com,403
https://www.blogworldexpo.com,403
https://www.landkartenarchiv.de,502
https://www.randallreilly.com,403
https://www.sherwoodforestfarms.com,403
https://www.parsons.com,403
https://www.hugedomains.com,403
https://www.yvar.com,403
https://www.gukjenews.com,404
https://www.bdsarchitecture.co.uk,403
https://www.lexalytics.com,403
https://www.muziekhuisdera.nl,403
https://www.sonicbids.com,429
https://www.emeryandopal.com,429
https://www.kidyouniversity.com,406
https://www.glass-poetry.com,406
https://www.nacional.hr,403
https://www.radiotarifa.com,403
https://www.exhibitpeople.com,403
https://www.gfesport.com,403
https://www.natcom.com.ht,504
https://www.syriacomment.com,403
https://www.maalchat.ps,403
https://www.goodgirlsstudio.com,429
https://www.purplewishinggate.com,429
https://www.williamcohan.com,406
https://www.privacytools.com.br,403
https://www.abca.org,404
https://www.archaeomythology.org,406
https://www.nelma.org,403
https://www.zsl.org,403
https://www.authorsden.com,403
https://www.zhitomir.info,429
https://www.asroma.com,403
https://www.thecouponsapp.com,403
https://www.arabicpages.com.au,403
https://www.transportation.gov,403
https://www.ukwhoswho.com,403
https://www.myvisajobs.com,403
https://www.tacuiar.com,429
https://www.knoc.co.kr,405
https://www.yogicwayoflife.com,406
https://www.nate.com,405
https://www.twiddletails.com,403
https://www.couragetochange.com,405
https://www.rsssearchhub.com,500
https://www.bradleygrombacher.com,403
https://www.watch-life.net,403
https://www.edgeofchange.com,406
https://www.pharmaplus.gr,403
https://www.ideou.com,429
https://www.gravel2008.us,403
https://www.bavarialodge.org,403
https://www.koffievergelijk.nl,403
https://www.sofistadium.com,405
https://www.circleevolution.com,501
https://www.mimmiterra.com,429
https://www.gizmofusion.com,404
https://www.cityoftroymontana.com,465
https://www.collegefabricstore.com,429
https://www.somersetguide.co.uk,403
https://www.orthopaedicsandtraumajournal.co.uk,403
https://www.visionofhumanity.org,403
https://www.iftf.org,403
https://www.route56.com,403
https://www.cmgsite.com,403
https://www.lsm.lv,403
https://www.nycpretty.com,403
https://www.hinckley-bosworth.gov.uk,403
https://www.tibagroup.com,403
https://www.frenchcx.com,465
https://www.sebyverandas.be,403
https://www.speakupforblue.com,403
https://www.strother-nuckels.com,405
https://www.fromtherumbleseat.com,420
https://www.scvolunteerfire.org,403
https://www.underdogdynasty.com,420
https://www.statefarm.com,403
https://www.usgtf.com,403
https://www.jny.com,429
https://www.diplomathotel.com,403
https://www.spaghetti-western.net,403
https://www.circuitsgallery.com,405
https://www.nationalassembly.sc,406
https://www.quin.design,405
https://www.veestro.com,429
https://www.vavau.to,406
https://www.christinespantry.com,403
https://www.zoey.com,403
https://www.beautyjunkees.com,406
https://www.bulletsforever.com,420
https://www.coloradoacademysummer.org,403
https://www.wealthbox.com,403
https://www.porchlightbooks.com,429
https://www.paul-mitchell.co.uk,429
https://www.botanicalbeachbabes.com,405
https://www.rebeccasparadise.com,429
https://www.kbjournal.org,403
https://www.laprovinciadelsulcisiglesiente.com,403
https://www.duckworth.senate.gov,403
https://www.sportpsychologytoday.com,406
https://www.templegrandin.com,465
https://www.jenniferouellette.com,429
https://www.illinoisreview.com,403
https://www.sitwithus.io,403
https://www.superyachttimes.com,403
https://www.4rfv.co.uk,500
https://www.chokore.com,429
https://www.southtyneside.gov.uk,403
https://www.jpattonassociates.com,403
https://www.pathofexile.com,403
https://www.floridabaptistwitness.com,500
https://www.baronbarclay.com,429
https://www.cedecom.es,405
https://www.abwe.org,403
https://www.waterpoweredcar.com,406
https://www.travelalbania-agency.com,403
https://www.sfmtorino.it,403
https://www.crj.org,403
https://www.earth-prints.org,429
https://www.tribuneindia.com,403
https://www.coleka.com,403
https://www.quiltlizzy.com,429
https://www.spirit-of-metal.com,403
https://www.candelit.se,500
https://www.cancercouncil.com.au,403
https://www.carnivalguru.com.sg,406
https://www.ismp.org,429
https://www.screenfreeparenting.com,406
https://www.agweek.com,403
https://www.eloquii.com,406
https://www.tomthumb.com,403
https://www.princemahidolaward.org,500
https://www.lagunabeachcity.net,403
https://www.ihanna.nu,455
https://www.thelittleepicurean.com,403
https://www.shamrocklodgehotel.ie,403
https://www.smackmellon.org,406
https://www.driyabo.com,403
https://www.cvedetails.com,403
https://www.pontevedrarecorder.com,403
https://www.austlit.edu.au,403
https://www.adsansar.com,405
https://www.infertilityanswers.org,405
https://www.famsf.org,403
https://www.midnatthome.com,403
https://www.barrafoundation.org,403
https://www.ineteconomics.org,403
https://www.dragonblogger.com,403
https://www.soc.go.th,403
https://www.witchsfestusa.org,465
https://www.paulcarrjazz.com,406
https://www.scooterlibby.com,526
https://www.clotheohio.com,429
https://www.montessorisherman.com,403
https://www.tobyyoung.co.uk,403
https://www.kinotv.com,510
https://www.customframescanada.ca,429
https://www.usich.gov,403
https://www.microstockdiaries.com,406
https://www.marveldigitech.com,404
https://www.arkat-usa.org,406
https://www.ecocomposite.org,403
https://www.mogenweb.org,406
https://www.gema.de,403
https://www.awardszone.com,403
https://www.bhagalpuronline.in,403
https://www.omf.ngo,403
https://www.concordspedpac.org,406
https://www.cityofathens.gr,403
https://www.koord.com,406
https://www.redbullvietnam.com,503
https://www.rlsnet.ru,429
https://www.bach-cantatas.com,406
https://www.mariefranceasia.com,403
https://www.irandefence.net,406
https://www.englewoodherald.net,405
https://www.jamesboswell.info,403
https://www.foodhospitality.in,403
https://www.dominionvoting.com,403
https://www.mikesmcm.com,429
https://www.bbjconst.com,406
https://www.vuparici.fr,500
https://www.halmannvella.com,403
https://www.climatepolicyinitiative.org,403
https://www.call2recycle.org,403
https://www.usagold.com,403
https://www.am730.com.hk,405
https://www.icba.coop,406
https://www.energyogre.com,404
https://www.lotechsales.com,403
https://www.fabbaloo.com,403
https://www.digitsu.com,403
https://www.hungarianpod101.com,403
https://www.ephemerasociety.org,403
https://www.websitestampabay.com,405
https://www.allfreecopycatrecipes.com,403
https://www.stanleykubrick.de,403
https://www.cboqkids.ca,403
https://www.asprs.org,404
https://www.blastoutyourstereo.com,403
https://www.planning.org.au,404
https://www.femmeauvolant.com,520
https://www.diybunker.com,403
https://www.kalorik.com,429
https://www.palmbrookgolf.com,403
https://www.smarterinventories.com,403
https://www.alarabiya.net,403
https://www.sanskriti.edu.in,406
https://www.remi-centrevaldeloire.fr,403
https://www.unesa.ac.id,403
https://www.resistances.be,403
https://www.bgsfloristsandiego.com,403
https://www.hearthsideseniorliving.com,405
https://www.drumcorps.marines.mil,403
https://www.lunaguitars.com,403
https://www.russianorthodoxchurch.ws,403
https://www.dianajonesaward.org,406
https://www.omnimaga.org,403
https://www.siamesebc.org,405
https://www.specifiedby.com,403
https://www.elcritic.cat,403
https://www.cheapassgamer.com,403
https://www.airtanker.co.uk,403
https://www.sparcindia.org,406
https://www.livingdirect.com,403
https://www.overclock3d.net,403
https://www.simplycatholic.com,403
https://www.ffsavate.com,403
https://www.iloyarn.fi,429
https://www.bbsing.com,406
https://www.lushlife.nl,500
https://www.vinninliquors.com,403
https://www.rbvincent.com,465
https://www.zumosun.com,404
https://www.uncharted101.com,403
https://www.livesafemobile.com,403
https://www.serviceworke.rs,403
https://www.wrn.com,403
https://www.bluebelllanejewellery.com,429
https://www.gunsandammo.com,403
https://www.imd.org.ar,403
https://www.nabe.com,404
https://www.americanhairloss.org,403
https://www.vode.com,403
https://www.mickeymonthly.com,500
https://www.idealclientsdaily.com,403
https://www.zasloja.com.br,403
https://www.naturespotent.com,429
https://www.hhs.gov,403
https://www.wolcottps.org,403
https://www.gernijkamp.nl,400
https://www.dstld.com,429
https://www.bumblebeelodge.com,405
https://www.moomoo.io,404
https://www.m-files.com,403
https://www.hergivenhair.com,403
https://www.internationalquiltmuseum.org,403
https://www.nitingadkari.org,405
https://www.threerunsplantation.com,405
https://www.securityweek.com,403
https://www.blognews.am,520
https://www.tapis-cosy.fr,503
https://www.societe.com,429
https://www.twp.washington.nj.us,403
https://www.wadesjewelers.net,403
https://www.harvard.com,403
https://www.wakingthered.com,403
https://www.donnybrookfair.ie,429
https://www.glanbia.com,403
https://www.ilcorn.org,403
https://www.takemusu.org,465
https://www.woofadvisor.com,502
https://www.wpwebelite.com,403
https://www.drepunggomang.org,406
https://www.woodscyclecountry.com,403
https://www.yourzodiacsign.com,520
https://www.jaybabcock.com,405
https://www.itsheron.com,404
https://www.cuny.edu,404
https://www.swfireconsortium.org,465
https://www.clinicalresearch.io,403
https://www.anasoft.com,403
https://www.banana21.org,403
https://www.hevhetia.com,403
https://www.the-sage.org,206
https://www.dragondoor.com,429
https://www.infiniteach.com,403
https://www.democraticunderground.com,403
https://www.neubauersflowers.com,403
https://www.cometracingleathers.com,406
https://www.merck.com,403
https://www.loveballs.club,404
https://www.shopokiedokie.com,429
https://www.oxera.com,403
https://www.autosportawards.com,405
https://www.celticsblog.com,420
https://www.esportsdesk.com,403
https://www.phrozen.io,400
https://www.homies.la,429
https://www.bankofoldmonroe.com,403
https://www.portnelson.co.nz,403
https://www.jaxart.net,520
https://www.jbnews.com,404
https://www.ohsochicdesigns.com,429
https://www.vilani.lv,500
https://www.cidernz.com,404
https://www.mendoza.gov.ar,403
https://www.thepigeonletters.com,429
https://www.bevivafoods.com,503
https://www.anglicanpeacemaker.org.uk,403
https://www.craftech.com,403
https://www.cinfed.com,403
https://www.productionhub.com,403
https://www.belleandten.com,429
https://www.ulticool.nl,403
https://www.sasb.org,403
https://www.discoverpuertorico.com,403
https://www.atlasroleplay.com,405
https://www.shopdwfreshmarket.com,403
https://www.rediker.com,403
https://www.newyorkhousemagazine.com,403
https://www.bcrt.org.uk,403
https://www.saudiexchange.sa,403
https://www.polartcenter.com,403
https://www.tumoohi.org,403
https://www.savetheredwoods.org,403
https://www.sport-thieme.de,403
https://www.pamwingard.com,429
https://www.gasb.org,403
https://www.dcms.uscg.mil,403
https://www.coetzeealberts.co.za,404
https://www.shopud.com.br,403
https://www.pauldickman.com,465
https://www.nssf.org,403
https://www.plazo.es,403
https://www.betheboss.ca,403
https://www.ilikeyouroldstuff.com,204
https://www.maxboxing.com,429
https://www.marines.mil,403
https://www.milwaukeejewish.org,403
https://www.labsphere.com,403
https://www.ogunte.com,403
https://www.irrawaddy.com,403
https://www.boomerangtheatre.org,403
https://www.thisisbigbrother.com,403
https://www.ntt.co.jp,410
https://www.wealthwords.com,403
https://www.kitchenknifeforums.com,403
https://www.shebafilms.com,406
https://www.collegemagazine.com,403
https://www.imolayrton.com,500
https://www.thedriller.com,403
https://www.jenshansen.com,429
https://www.roaringcamp.com,403
https://www.openmicuk.co.uk,403
https://www.canu.me,406
https://www.tennisworldusa.org,403
https://www.rbiker.com,403
https://www.albartlett.org,406
https://www.mayaguezsabeamango.com,406
https://www.acpropulsion.com,406
https://www.insurancehotline.com,403
https://www.manybooks.net,403
https://www.smartenergydecisions.com,403
https://www.chesterbrookacademy.com,403
https://www.yemenfox.net,521
https://www.radiofreak.nl,403
https://www.lucato.com,403
https://www.angfa.org.au,406
https://www.lodeate.it,403
https://www.morungexpress.com,403
https://www.hkbp.or.id,404
https://www.codigosanluis.com,403
https://www.standleague.org,404
https://www.worktop-express.co.uk,403
https://www.tikprecision.com,403
https://www.telemagazyn.pl,403
https://www.cozyproducts.com,429
https://www.historyofemotions.org.au,526
https://www.mainenewsonline.com,405
https://www.tillybilly.com,403
https://www.atera.com,403
https://www.dsautomobiles.co.uk,403
https://www.kaldata.com,520
https://www.munzer.co.uk,403
https://www.autodato.com,403
https://www.whitecloudcoffee.com,429
https://www.juwas.com,429
https://www.dentalplans.com,403
https://www.fox21news.com,403
https://www.sejabazico.com.br,429
https://www.richersounds.com,403
https://www.nareb.com,403
https://www.arbataxpark.com,403
https://www.marketinggreece.com,403
https://www.esteri.sm,403
https://www.vidaweb.org,503
https://www.linuxinsider.com,403
https://www.stockport.gov.uk,403
https://www.indiaonline.in,403
https://www.kobaltmusic.com,403
https://www.mooas.com,403
https://www.adriatelekom.com,403
https://www.kidstravelservice.nl,403
https://www.sertracen.com.sv,403
https://www.njmtv.com,406
https://www.nutraceuticalsworld.com,403
https://www.mkivanovo.ru,404
https://www.himalayandatabase.com,465
https://www.ckvt.cz,403
https://www.waynestattooworld.com,403
https://www.hrp.org.uk,403
https://www.geotechdata.info,465
https://www.solaimani.ca,406
https://www.mydaybreak.com,403
https://www.kiplingsociety.co.uk,403
https://www.goodbullhunting.com,420
https://www.pureluxury.com,403
https://www.blackburnlabour.org,403
https://www.treenextdoor.org,406
https://www.animus-travel.com,403
https://www.historia-actual.org,403
https://www.foreign.senate.gov,403
https://www.pixtures.co.uk,403
https://www.bottradionetwork.com,403
https://www.whitechapelband.com,429
https://www.mhrailroad.com,406
https://www.aboriginalaffairs.nsw.gov.au,405
https://www.coffeefilms.com,403
https://www.dailyhelmsman.com,403
https://www.nfcmag.com,403
https://www.theweatheroutlook.com,403
https://www.bookingholdings.com,403
https://www.ligiacasanova.com,403
https://www.asmedigitalcollection.asme.org,403
https://www.semichiganstartup.com,523
https://www.effata.co.jp,403
https://www.international.tiffany.com,403
https://www.blueravineanimalhospital.com,403
https://www.stonecarver.com,406
https://www.londonroll.org,404
https://www.renovationfind.com,403
https://www.afrl.af.mil,403
https://www.parisschoolofeconomics.eu,403
https://www.ppmsite.com,503
https://www.torontorollerderby.com,406
https://www.cssscal.org,406
https://www.vogue.pl,403
https://www.lindquistmortuary.com,403
https://www.csabatv.hu,403
https://www.tatapower.com,406
https://www.spryng.nl,403
https://www.emri.in,406
https://www.reedsfurniture.com,405
https://www.wedetiquette.com,403
https://www.guildmagazine.com,403
https://www.e3g.org,403
https://www.newjerseystage.com,403
https://www.performance-painting.com,403
https://www.icd10watch.com,403
https://www.messengermountainnews.com,405
https://www.fmfstateofmind.com,420
https://www.jumpstart.org,403
https://www.nkytribune.com,403
https://www.brint.com,403
https://www.neongecko.com,405
https://www.yuhistorija.com,406
https://www.grough.co.uk,502
https://www.widerightnattylite.com,420
https://www.gasteninjegezicht.nl,403
https://www.incaweb.org,403
https://www.ancestry.com.au,403
https://www.thanicare.com,405
https://www.athenashn.com,403
https://www.jaranda.kr,403
https://www.avenza.com,403
https://www.whatsonnortheast.com,405
https://www.designloft.net,406
https://www.saksfifthavenue.com,403
https://www.helptheinjured.com,403
https://www.popeofslope.com,403
https://www.imsteppingaside.com,406
https://www.sweet-brain.com,403
https://www.crawfordnebraska.net,403
https://www.madonnahouse.org,403
https://www.loebsclothing.com,429
https://www.moltoshop.com,403
https://www.nachrichtenspiegel.de,403
https://www.chapman-leonard.com,403
https://www.baskania.be,403
https://www.newmarkettoday.ca,403
https://www.priceintelligently.com,405
https://www.chotank.com,405
https://www.pacificedgemagazine.com,406
https://www.newsmaker.com.au,530
https://www.pachodo.org,520
https://www.xchange.world,405
https://www.filipinan-market.com,429
https://www.eyecandy-interiordesign.co.uk,520
https://www.kexue.fm,403
https://www.paisajistasmarbella.com,503
https://www.myrensnittedal.no,403
https://www.armenica.org,465
https://www.dirtyfeed.org,406
https://www.lcra.org,403
https://www.nblimos.com.au,406
https://www.vvkatwijk.nl,403
https://www.brannockdevices.com,429
https://www.samstoybox.com,406
https://www.explorecarlinnv.com,403
https://www.typhooncommittee.org,403
https://www.chhs.colostate.edu,403
https://www.revilednyc.com,429
https://www.sheisryan.co,403
https://www.energymagazine.com.au,403
https://www.soccermanager.com,403
https://www.arsikasia.com,429
https://www.deliciousmagazine.co.uk,403
https://www.vocento.com,406
https://www.spaceflightinsider.com,405
https://www.silentera.com,465
https://www.lifeextension.com,403
https://www.corum.bel.tr,404
https://www.thailandroad.com,405
https://www.dagospeltruth.com,405
https://www.water-garden.co.uk,403
https://www.cas.org.uk,403
https://www.apollomedicine.org,403
https://www.powertoday.in,405
https://www.nukeviet.vn,403
https://www.cpugamer.com,406
https://www.asyoulikeitjax.com,403
https://www.arrowmont.org,403
https://www.hermes-sicily.com,403
https://www.goodway.com,403
https://www.capetowndeclaration.org,403
https://www.pmksy.gov.in,403
https://www.groupe-casino.fr,403
https://www.lagasta.com,405
https://www.vanvilt.nl,500
https://www.suakaliving.com,403
https://www.abc4.com,403
https://www.histoire-afrique.org,403
https://www.alburycity.nsw.gov.au,403
https://www.scaldit.org,403
https://www.phranc.la,406
https://www.telegraphindia.com,403
https://www.caneswear.com,429
https://www.customicondesign.com,406
https://www.motorlat.com,403
https://www.soldotna.org,403
https://www.twilighttimesbooks.com,403
https://www.volpidesign.com.br,403
https://www.mavsmoneyball.com,420
https://www.kalzumeus.com,206
https://www.missfoxshop.com,403
https://www.primenewsghana.com,403
https://www.chinaexpeditiontours.com,403
https://www.marlerblog.com,403
https://www.mainlinediesels.net,403
https://www.starmarket.com,403
https://www.dosupply.com,403
https://www.edcan.org.au,403
https://www.empowerenergies.com,405
https://www.maimonides.org,403
https://www.atomicempire.com,403
https://www.reginalddhunter.co.uk,403
https://www.moddb.com,403
https://www.urbanrose.com,429
https://www.cutitoutwallstickers.co.uk,429
https://www.lukeisback.com,406
https://www.heartlandcu.org,403
https://www.onepointech.com,403
https://www.1920-30.com,406
https://www.glasses.com,403
https://www.croquet.org.uk,500
https://www.davidmagny.com,500
https://www.globallegalpost.com,403
https://www.sad-bastard-music.com,405
https://www.twigandtale.com,429
https://www.girlsthatscuba.com,403
https://www.kuramathi.com,403
https://www.bak2basicsllc.com,526
https://www.transatel.com,403
https://www.youcanprint.it,403
https://www.theaftd.org,403
https://www.townofgreenville.com,403
https://www.nellam.com,405
https://www.lwrenscott.com,405
https://www.withincooee.com,406
https://www.rollinghillsprep.org,403
https://www.millerandcarter.co.uk,403
https://www.yabeyrouth.com,406
https://www.intersport.de,403
https://www.fastercreature.com,429
https://www.richmond.ac.uk,403
https://www.sociallykeeda.com,404
https://www.afanews.com,526
https://www.highfidelityreview.com,520
https://www.cosbid.org,465
https://www.santhelabel.nl,429
https://www.searchinfluence.com,403
https://www.ihra.com,405
https://www.babydollluxuryhair.com,429
https://www.classicmotorcycleconsignments.com,429
https://www.marklevinshow.com,403
https://www.ucanews.com,403
https://www.warcraftpets.com,403
https://www.wmxi.com,403
https://www.gigantic.com,403
https://www.africavenir.org,403
https://www.theburkean.ie,403
https://www.qosmedix.com,403
https://www.mymedicalbank.com,405
https://www.gobond.nl,403
https://www.kelly.senate.gov,403
https://www.eastlakefoundation.org,403
https://www.anushkaspa.com,403
https://www.360mentalhealth.com,403
https://www.travelio.net,403
https://www.justhorseracing.com.au,403
https://www.donan-ds.com,403
https://www.psychobunny.com,403
https://www.slothsanctuary.com,406
https://www.happyfolding.com,500
https://www.elgincounty.ca,403
https://www.beckyjhouseandhome.com,403
https://www.designaddictmom.com,406
https://www.peta2.com,403
https://www.centricbeats.com,403
https://www.picmix.com,403
https://www.slantmagazine.com,403
https://www.nycourts.gov,403
https://www.amcham.lu,403
https://www.uniquecreationsbyamy.com,429
https://www.glowgetters.ae,429
https://www.southwestdiscoveries.com,403
https://www.eru.edu.eg,403
https://www.eldoraspeedway.com,403
https://www.kairospalestine.ps,406
https://www.quit.com,403
https://www.iiaf.net,465
https://www.panashindia.com,502
https://www.coastsider.com,526
https://www.austindiocese.org,403
https://www.redballoonbookshop.com,403
https://www.michaelspratt.com,403
https://www.williamsburgky.com,403
https://www.anamosa.k12.ia.us,403
https://www.kampot-cambodia.com,406
https://www.sla.gov.sg,403
https://www.urban-equestrian.com,429
https://www.durga-puja.org,406
https://www.gabrielsfuneral.com,403
https://www.golfclubsguru.com,403
https://www.gamedev.net,403
https://www.jamaicainn.co.uk,403
https://www.federicosecondo.org,403
https://www.cityofaikensc.gov,403
https://www.kool.ee,406
https://www.irmagazine.com,403
https://www.gullyboards.com.au,429
https://www.perduefarms.com,403
https://www.crawleyscastingcalls.com,403
https://www.poffiegirls.com,404
https://www.cmrubinworld.com,406
https://www.vanburenmaine.com,403
https://www.pharmacy2u.co.uk,403
https://www.mmm-online.com,403
https://www.lastateparks.com,403
https://www.oldhouseweb.com,403
https://www.bustspammers.com,500
https://www.linearmotiontips.com,403
https://www.tokuma.jp,403
https://www.myirapp.com,599
https://www.zendesk.co.uk,403
https://www.dpri.kyoto-u.ac.jp,403
https://www.woodlifeprints.com,405
https://www.oxfammexico.org,500
https://www.brewtonstandard.com,403
https://www.keithemerson.com,404
https://www.metrolinemap.com,403
https://www.port2port.co.il,403
https://www.e-publishing.af.mil,403
https://www.racethetrain.com,403
https://www.jimelwood.net,406
https://www.bva.co.uk,404
https://www.flooringsupplyshop.com,429
https://www.avid.org,405
https://www.theedgesusu.co.uk,403
https://www.christianmonotheism.com,406
https://www.raeco.com.au,403
https://www.powder.com,403
https://www.candobetter.net,403
https://www.courthousedirect.com,403
https://www.myhighplains.com,403
https://www.krepsinis.net,403
https://www.php-mentoring.org,526
https://www.aetherius.org,403
https://www.brycefastener.com,404
https://www.lovefromtheoven.com,403
https://www.matthewma.com,403
https://www.optechtcs.com,403
https://www.lionel.com,403
https://www.sumotalk.com,406
https://www.world-city-photos.org,403
https://www.recoveryresourcecenter.org,403
https://www.polizei-schweiz.ch,403
https://www.newsbreak.gr,403
https://www.coricraft.co.za,429
https://www.sanef.com,403
https://www.gandzasar.com,406
https://www.sjcounty.net,403
https://www.whatishappeninginistanbul.com,403
https://www.alfathpharmacies.com,405
https://www.canadinns.com,403
https://www.plutora.com,403
https://www.kappakappagamma.org,403
https://www.pictorem.com,403
https://www.mpositive.in,406
https://www.the-numbers.com,403
https://www.banibands.com,429
https://www.bgcentar.org.rs,403
https://www.hive.co.uk,403
https://www.herousa.org,429
https://www.ispwp.com,403
https://www.ecrindefleur.com,429
https://www.solta.hr,500
https://www.bookdepository.com,405
https://www.eleganthair.co.uk,405
https://www.pinktractor.com,429
https://www.tn8.tv,403
https://www.pats-world.com,406
https://www.conmixcrusher.com,406
https://www.insideelections.com,403
https://www.southasiandiaspora.org,406
https://www.rmslusitania.info,406
https://www.inentertainment.co.uk,403
https://www.jobui.com,403
https://www.parcelspot.com,404
https://www.airspayce.com,406
https://www.empireoptical.com,403
https://www.rncm.ac.uk,403
https://www.georgcello.com,406
https://www.healthcarebusinesstoday.com,403
https://www.nigelberman.co.uk,405
https://www.ag.gov.nl.ca,500
https://www.aviationmedicine.com,403
https://www.chicbasta.com,429
https://www.flyfisherman.com,403
https://www.rtands.com,403
https://www.columban.org.au,520
https://www.mobiletechreview.com,406
https://www.candlepowerforums.com,403
https://www.grandchallenges.ca,403
https://www.retailsensing.com,403
https://www.nokomis.com.au,403
https://www.arrivare.com.br,500
https://www.plumetismagazine.net,403
https://www.sherpashare.com,405
https://www.excelglassandgranite.com,403
https://www.wikingar.de,472
https://www.care4parents.in,405
https://www.phonetipsandtricks.com,500
https://www.northamericanwhitetail.com,403
https://www.pacourts.us,403
https://www.bikeexchange.com.au,429
https://www.bhg.com.au,403
https://www.quadrodemedalhas.com,406
https://www.jfdglobal.com,403
https://www.vilniusfestivals.lt,403
https://www.circuitpythonshow.com,404
https://www.aquaonline.com.br,406
https://www.modernindenver.com,403
https://www.keepgif.com,403
https://www.irononstation.com,429
https://www.lavoixdunord.fr,403
https://www.sterlingcolo.com,403
https://www.skepticsociety.co.uk,403
https://www.latw.org,403
https://www.kingschester.co.uk,403
https://www.prdaily.com,403
https://www.immigrantservicescalgary.ca,403
https://www.lovehoney.co.uk,403
https://www.fotokoch.de,503
https://www.automotive-fleet.com,403
https://www.journalofinfection.com,403
https://www.spiral.net,465
https://www.edelman.co.uk,403
https://www.reservix.de,403
https://www.j-beads.com,403
https://www.baltimorenewsjournal.com,403
https://www.affordableshade.com,403
https://www.stirnraten.de,403
https://www.canterburyparkevents.com,403
https://www.ir-ia.com,406
https://www.qut.edu.au,403
https://www.bestmastersprograms.org,403
https://www.libertydiamonds.com,403
https://www.thehillsgastro.com.au,405
https://www.respondo.io,404
https://www.alinalami.com,405
https://www.newtown.k12.ct.us,403
https://www.marketplace.org,403
https://www.careerforcemn.com,403
https://www.motobecane.com,465
https://www.thewellnesscoach.com,405
https://www.pinkami.com,403
https://www.kget.com,403
https://www.ezlawseo.com,403
https://www.islamicfinancenews.com,403
https://www.newempressmagazine.com,403
https://www.jcasablancas.com,406
https://www.twilightzonemuseum.com,406
https://www.linfo.re,403
https://www.ci.jackson.ca.us,403
https://www.aels.edu,403
https://www.yougotthat.net,406
https://www.merrimonflorist.com,403
https://www.livepenalty.com,404
https://www.mothergoosetime.com,403
https://www.azcaf.org,403
https://www.hindujagruti.org,403
https://www.sandburg.org,403
https://www.emilyruthphoto.com,403
https://www.worldbyisa.com,403
https://www.sangamo.com,403
https://www.adt.com,403
https://www.canuck.com,502
https://www.kellscraft.com,465
https://www.kidco.com,403
https://www.phc.gov.ph,403
https://www.bdmap.cash,403
https://www.manchesterfa.com,403
https://www.criver.com,403
https://www.stewarthaasracing.com,405
https://www.fiyta.com.cn,405
https://www.simplynotes.in,405
https://www.scdc.uc.edu.kh,500
https://www.batesline.com,406
https://www.horror-asylum.com,403
https://www.happy-kat.com,502
https://www.lubesngreases.com,403
https://www.franchisecost.com,403
https://www.studybay.ws,403
https://www.ecotextile.com,403
https://www.ballstatedailynews.com,403
https://www.competitiveedgeproducts.com,403
https://www.hill.af.mil,403
https://www.hi.guru,405
https://www.dennismspragg.com,406
https://www.albuquerquedaycare.org,403
https://www.shirttraveler.com,429
https://www.ecspublishing.com,307
https://www.dudecor.it,403
https://www.tecumsehlibrary.org,403
https://www.sinonimosgratis.com,403
https://www.cqcb.com,405
https://www.hautetramp.com,403
https://www.cbdstyle.com,404
https://www.firearmsnews.com,403
https://www.unicef.org.uk,403
https://www.motorcyclenews.com,403
https://www.fha.org,404
https://www.cnid.pt,403
https://www.mhns.co.kr,404
https://www.torteli.com,403
https://www.njpw1972.com,403
https://www.kungfulibrary.com,465
https://www.houseofwant.nyc,405
https://www.plainfield-ma.us,403
https://www.hoppysgardenart.com,429
https://www.aore.org,403
https://www.artzstudio.com,405
https://www.balirealty.com,403
https://www.lyra.live,405
https://www.damascus1.com,429
https://www.mvdpmr.org,503
https://www.apart.pl,403
https://www.haydenjames.io,403
https://www.pdsdc.org,403
https://www.estilomexicano.com.mx,429
https://www.papernstitchblog.com,403
https://www.trademarkia.com,429
https://www.corecommerce.com,403
https://www.boodschappen.nl,403
https://www.henrydomke.com,403
https://www.businessmagnet.co.uk,403
https://www.prekinders.com,403
https://www.newsdata.com,429
https://www.piratacouture.com,429
https://www.queenabelle.com,405
https://www.solopos.com,403
https://www.locksmiths.co.uk,403
https://www.vintagetonality.com,403
https://www.vektrex.com,403
https://www.swt.usace.army.mil,403
https://www.championsforchildrenga.org,406
https://www.emoneyspace.com,405
https://www.causevox.com,403
https://www.peta.nl,403
https://www.ticotimes.net,403
https://www.wfxrtv.com,403
https://www.ku.edu.tr,403
https://www.cinefools.com,403
https://www.brynnacurry.com,405
https://www.oregonhomemagazine.com,403
https://www.mso.anu.edu.au,403
https://www.hewanorrainternationalairport.com,403
https://www.knowconcussion.org,520
https://www.laborheritage.org,404
https://www.buch7.de,403
https://www.wrenkitchens.com,403
https://www.goldfieldsgirl.com,406
https://www.cruiselawnews.com,403
https://www.iconeye.com,403
https://www.villageofcapitan.org,403
https://www.physiquebodywareusa.com,429
https://www.tema-shop.com,403
https://www.fortygavels.com,406
https://www.british-weekly.com,406
https://www.umbrellus.com,500
https://www.astuntechnology.com,403
https://www.artdiamond.com,406
https://www.jorysflowers.com,406
https://www.reverie.com,429
https://www.bargainhardware.co.uk,403
https://www.base.ruhorses.ru,404
https://www.tatteredcover.com,429
https://www.lascrucesbulletin.com,403
https://www.egmcartech.com,403
https://www.accountancyage.com,403
https://www.vitamedica.com,403
https://www.shuvubonim.org,406
https://www.escamastudio.com,429
https://www.tslombard.com,403
https://www.bellmorelibrary.org,403
https://www.rastko.rs,403
https://www.libertyoralsurgery.com,403
https://www.projectlinusokc.org,403
https://www.ushpa.org,404
https://www.acm.ac.uk,403
https://www.horaceronl.com,403
https://www.olympicair.com,403
https://www.pythonweekly.com,403
https://www.natlib.uz,409
https://www.taekwondopreschool.com,406
https://www.greensboro-nc.gov,403
https://www.china-defense.com,406
https://www.destroythebrain.com,406
https://www.oebs.at,400
https://www.aplegislature.org,403
https://www.ohnewyearstree.com,429
https://www.rmlt.org.uk,403
https://www.agri-biz.com,403
https://www.belluckfox.com,403
https://www.algemeiner.com,403
https://www.chicagocargo.org,405
https://www.missoulachamber.com,403
https://www.gifto.io,403
https://www.codeovereasy.com,406
https://www.citadel.com,403
https://www.hbbeautybar.com,429
https://www.micahaustralia.org,403
https://www.owlsapp.net,500
https://www.spronck.net,400
https://www.officeevolution.com,403
https://www.aircompressorcfm.com,403
https://www.transparify.org,404
https://www.mbrem.com,403
https://www.jccsf.org,403
https://www.liyangnetwork.org,404
https://www.amitavghosh.com,406
https://www.southernrailway.com,403
https://www.furnitureofdalton.com,405
https://www.shoppingzoneplus.com,403
https://www.tewksburytwp.net,403
https://www.multilighting.ca,403
https://www.pseudology.org,405
https://www.fencesrichmond.com,403
https://www.boston.gov.uk,403
https://www.merseyflow.co.uk,405
https://www.lushusa.com,403
https://www.bridgeclimb.com,403
https://www.phillyliving.com,405
https://www.royalplaza.com.sg,403
https://www.maroc-hebdo.press.ma,520
https://www.audiosparx.com,403
https://www.hds.org,404
https://www.mci.gov.sg,403
https://www.cityofpacificgrove.org,403
https://www.schmetterlinghaus.at,403
https://www.busr.ag,403
https://www.lawadmissions.vic.gov.au,403
https://www.isbi-tanahpapua.ac.id,404
https://www.jeffersoncountyfairwv.org,403
https://www.stillnessspeaks.com,403
https://www.actiononsalt.org.uk,403
https://www.diamant.ie,403
https://www.britishcouncil.org.mx,403
https://www.josephbraude.com,403
https://www.open-do.org,406
https://www.covid19usvi.com,403
https://www.aeropolis.es,403
https://www.unc.mil,403
https://www.entenmannsflorist.com,403
https://www.caulifloweralleyclub.org,403
https://www.nosurfmusic.com,465
https://www.lnzlife.com,404
https://www.wheatlandmusic.org,404
https://www.firsthealth.org,403
https://www.dtcc.com,403
https://www.twice.com,403
https://www.cluthadc.govt.nz,403
https://www.laterre.ca,403
https://www.horsebackarchery.info,502
https://www.companieshousedata.co.uk,403
https://www.skwigly.co.uk,406
https://www.projectsmonitor.com,403
https://www.davidhcannondds.com,405
https://www.notrefamille.com,403
https://www.foreign-trade.com,403
https://www.jfas.org,403
https://www.schoolmessenger.com,403
https://www.contasimple.com,403
https://www.ringling.org,403
https://www.dbgcc.com,403
https://www.lesliefry.com,406
https://www.theindependent.in,406
https://www.integratedsociopsychology.net,403
https://www.wetheeconomy.com,403
https://www.punksinvegas.com,406
https://www.skyncliniccustomblends.com,429
https://www.sfcu.org,403
https://www.cougardatingsite.org,405
https://www.sandypointresorts.com,403
https://www.onofficemagazine.com,403
https://www.fremont.idgenweb.org,406
https://www.carmelmissionfoundation.org,406
https://www.influencer.in,403
https://www.bookpassage.com,403
https://www.biblio.com,403
https://www.mensjournal.com,403
https://www.bancopan.com.br,403
https://www.cartagena.gov.co,403
https://www.visionaryproject.org,500
https://www.openphotographyforums.com,403
https://www.quietnature.ca,403
https://www.tetratech.com,403
https://www.driveless.com,403
https://www.ice-indonesia.com,404
https://www.myreligionisrap.com,405
https://www.sclhealth.org,403
https://www.launchgood.com,403
https://www.bevhillscosmeticsurgery.com,404
https://www.0221.com.ar,403
https://www.forums.onlinebookclub.org,403
https://www.pwrwmn.shop,429
https://www.wane.com,403
https://www.elevateprize.org,403
https://www.watchtime.com,403
https://www.popmyculturepodcast.com,406
https://www.theredstonerocket.com,429
https://www.trymycloset.com,429
https://www.pennypolly.com,403
https://www.mykonos-web.com,406
https://www.likehoneyblog.com,405
https://www.simiishome.com,403
https://www.polbr.med.br,403
https://www.findagrave.com,403
https://www.swiggwine.com,403
https://www.todaysconcepts.com,404
https://www.aaeg.com,403
https://www.gripboard.com,403
https://www.jprasurg.com,403
https://www.golfshirehomes.com,503
https://www.dea.gov,403
https://www.psychemedics.com,403
https://www.ocean.edu,403
https://www.lejeune.marines.mil,403
https://www.survivalservers.com,403
https://www.animeid.tv,403
https://www.ling.upenn.edu,403
https://www.sweetvenues.com,403
https://www.snapdeal.com,403
https://www.acquistapace.com,403
https://www.adelaidejmuseum.org,403
https://www.voiceyourbrand.com,404
https://www.draytek.com,403
https://www.sbe.com,403
https://www.brewbound.com,403
https://www.cpm.coop,403
https://www.redfrogbeach.com,403
https://www.5minutesformom.com,403
https://www.buckinstitute.org,403
https://www.memphislibrary.org,403
https://www.choixhome.com,429
https://www.commonwealthclub.org,464
https://www.openhub.net,403
https://www.solairus.aero,403
https://www.prodesp.sp.gov.br,403
https://www.rosenberg-library-museum.org,403
https://www.medrxiv.org,403
https://www.fachmedien.de,403
https://www.springfree.com,406
https://www.gsl-energy.com,403
https://www.nutuus.fr,403
https://www.helixesg.com,403
https://www.moas.eu,406
https://www.pulseworx.com,403
https://www.imarc.cc,465
https://www.hensonfoundation.org,406
https://www.ncia.nato.int,403
https://www.firstport.org.uk,403
https://www.chautauqua.com,403
https://www.bhutanmysticbliss.com,406
https://www.credocomputers.com,403
https://www.yelmonline.com,403
https://www.discovery.org,403
https://www.gsarchive.net,406
https://www.ashfordny.org,405
https://www.how-to-draw-funny-cartoons.com,403
https://www.cufca.ca,404
https://www.applecountryteam.com,405
https://www.cadeau-maestro.com,403
https://www.ivaw.org,405
https://www.ncei.noaa.gov,500
https://www.templegatesgames.com,406
https://www.synthmuseum.com,403
https://www.side.com,403
https://www.alexbank.com,403
https://www.level2kernel.com,403
https://www.sdopera.org,403
https://www.newsintv.com,403
https://www.contentsmagazine.com,503
https://www.bts.gov,403
https://www.bridalbyviper.com,404
https://www.ellesalonltd.com,405
https://www.tickettailor.com,403
https://www.kccla.org,406
https://www.smartseatdiningchaircovers.com,405
https://www.dbola88.com,503
https://www.wessex-rfca.org.uk,403
https://www.boxofficepro.com,403
https://www.dtu.dk,403
https://www.sperrytents.com,403
https://www.allianz.com.mx,403
https://www.fiascofarm.com,406
https://www.oecd.org,403
https://www.ntif.org,406
https://www.silverkis.com,405
https://www.soanmeeraas.in,406
https://www.bghaircare.com,405
https://www.victoria.org.mt,403
https://www.planet-mag.com,500
https://www.knitnstyle.com,406
https://www.nourishyourmind.com,403
https://www.nep.net,403
https://www.concerttour.org,406
https://www.craftswithchris.com,406
https://www.wheatonarts.org,403
https://www.pascuayaqui-nsn.gov,403
https://www.gwhospital.com,403
https://www.thexboxhub.com,403
https://www.imapwiki.org,404
https://www.talkinbroadway.com,403
https://www.maltar.org.il,403
https://www.tomahawknation.com,420
https://www.edenstudios.net,465
https://www.live-pr.com,403
https://www.susquehannaglass.com,403
https://www.flatstanleyproject.com,406
https://www.endviolenceagainstwomen.org.uk,403
https://www.jccmi.edu,403
https://www.realchangenews.org,403
https://www.epicure.com.au,403
https://www.fireislandqnews.com,406
https://www.sonoralaw.com,405
https://www.podcasts.com,403
https://www.texmaco.in,403
https://www.pianistdiscography.com,406
https://www.englewoodco.gov,403
https://www.lhdepot.com,403
https://www.fitin56.com,403
https://www.findinggeniuspodcast.com,403
https://www.drivingline.com,405
https://www.cyberpratibha.com,406
https://www.brightpearl.com,403
https://www.codeinwp.com,403
https://www.impark.com.tr,403
https://www.mercedeslackey.com,403
https://www.graphedia.ie,403
https://www.barbourcorp.com,403
https://www.waapa.ecu.edu.au,403
https://www.bestsolderingirons.com,405
https://www.wsc.edu,403
https://www.marketscreener.com,403
https://www.citylandnyc.org,403
https://www.dunmore.co.nz,403
https://www.asgardsss.co.uk,403
https://www.langley-uk.com,403
https://www.essex.edu,403
https://www.opossumcreek.com,403
https://www.groundzeroshelters.com,301
https://www.pardes-hanna-karkur.muni.il,403
https://www.acotoronto.ca,406
https://www.ingeveb.org,403
https://www.globalfreemasonry.com,405
https://www.tampadispatch.com,521
https://www.mesotheliomasymptoms.com,403
https://www.alif-fes.com,406
https://www.laboiteny.com,429
https://www.mozustudios.com,403
https://www.megalodonteeth.com,429
https://www.bucksteel.com,403
https://www.ncronline.org,403
https://www.fdb.cz,403
https://www.conor-maynard.com,405
https://www.paktattoys.com,425
https://www.theartofbuilding.net,403
https://www.boltoncvs.org.uk,403
https://www.pgm.org.cn,403
https://www.blackrockresort.com,403
https://www.worksection.com,404
https://www.vestacbd.com,403
https://www.cutestop.com,405
https://www.markbode.com,429
https://www.militarysunhelmets.com,406
https://www.5kmrun.bg,404
https://www.polamjournal.com,406
https://www.nedonboard.com,403
https://www.grenadabroadcast.com,500
https://www.dglobe.com,403
https://www.gophergo.io,403
https://www.falcongo.co.th,429
https://www.coinapi.io,403
https://www.tdisdi.com,403
https://www.sporcle.com,403
https://www.sacred-texts.com,403
https://www.kavlaoved.org.il,403
https://www.nationalblackrepublicans.com,403
https://www.huaweicentral.com,403
https://www.citronsound.com,403
https://www.railexpress.com.au,403
https://www.noticiasaominuto.com,403
https://www.nadatabase.org,406
https://www.cathedralnyc.org,418
https://www.baltimorebrigade.com,403
https://www.cristinasiopa.pt,403
https://www.fleischmannsyeast.com,403
https://www.icihaiti.com,403
https://www.playlearner.com,404
https://www.dicecollector.com,465
https://www.7hillsvet.com,403
https://www.hiddenvalleyguestranch.com,403
https://www.thewrightstuff.com,403
https://www.royalbuildingproducts.com,403
https://www.theblackandblue.com,403
https://www.dgcmagazine.com,406
https://www.creds.ac.uk,403
https://www.healthier.qld.gov.au,403
https://www.wfla.com,403
https://www.pemco.com,512
https://www.washingtontimes.com,403
https://www.fas.harvard.edu,403
https://www.rainbows.co.uk,403
https://www.yogacards.com,404
https://www.venues.com.au,403
https://www.jcu.edu.au,403
https://www.robbinstbm.com,403
https://www.murrietavipflorist.com,403
https://www.gopetfriendly.com,403
https://www.ajli.org,403
https://www.topra.org,404
https://www.morsemicro.com,403
https://www.gosloto.co.za,406
https://www.stanfieldshutter.com,403
https://www.virgin-islands-history.org,405
https://www.porcelainenamel.com,406
https://www.aussietheatre.com.au,403
https://www.decorazioniperdolci.it,403
https://www.corinthia.com,405
https://www.communitymatrimony.com,403
https://www.bikaji.com,404
https://www.tobaccofreedom.org,406
https://www.yaelsteren.com,403
https://www.towson.edu,403
https://www.ncku.edu.tw,403
https://www.northwoodfh.com,403
https://www.visitingangels.com,405
https://www.sfcdcp.org,202
https://www.symi.gr,403
https://www.matichonbook.com,403
https://www.parramattalightrail.nsw.gov.au,405
https://www.sur-plus.be,400
https://www.bikesrepublic.com,403
https://www.ipaa.org.au,403
https://www.raadvanstate.nl,403
https://www.afar.com,403
https://www.hansonrunsvold.com,403
https://www.psreader.com,465
https://www.libertybanknw.com,403
https://www.bielefeld.de,403
https://www.paxton-access.com,403
https://www.beorganic.by,403
https://www.regalinas.gr,403
https://www.brumani.com,403
https://www.henderson-co.com,403
https://www.wtnh.com,403
https://www.muscleandstrength.com,403
https://www.murphy.senate.gov,403
https://www.natureoutside.com,406
https://www.earlyword.com,403
https://www.centralchronicle.com,403
https://www.discstore.com,429
https://www.historyandpolicy.org,403
https://www.authorea.com,403
https://www.thechosennest.com,403
https://www.53rdwing.af.mil,403
https://www.tentonhammer.com,204
https://www.daplpipelinefacts.com,403
https://www.basistech.com,403
https://www.jeffersoncountychamber.com,403
https://www.oomnitza.com,403
https://www.leighmcphersonteam.com,405
https://www.elandelwoodproducts.com,403
https://www.knygos.lt,403
https://www.safehorizon.org,403
https://www.glynncountyairports.com,405
https://www.clsp.jhu.edu,403
https://www.makermasters.com,406
https://www.labroots.com,403
https://www.kamcity.com,403
https://www.pbtech.co.nz,403
https://www.presse-dz.com,500
https://www.cambridgeshire-pcc.gov.uk,403
https://www.applause.com,403
https://www.nokr.org,465
https://www.nachi.org,403
https://www.timelesstuvalu.com,403
https://www.jclinepi.com,403
https://www.teatrocervantes.com,403
https://www.hem.ac.ma,429
https://www.battlediabetes.com,405
https://www.lokbiradariprakalp.org,406
https://www.dmm.com,403
https://www.mainegardens.org,403
https://www.thingstodoinsalem.com,403
https://www.dentalfearcentral.org,403
https://www.browneyedbaker.com,403
https://www.afmc.af.mil,403
https://www.romaniajournal.ro,403
https://www.thanet.gov.uk,403
https://www.cprl.org,403
https://www.somo.nl,403
https://www.lynxbus.co.uk,403
https://www.entertainmentbusiness.nl,500
https://www.newscaststudio.com,403
https://www.harianhaluan.com,403
https://www.psillustrated.com,406
https://www.woodsbros.com,403
https://www.cpradr.org,403
https://www.smaato.com,403
https://www.fleurigbuiten.nl,400
https://www.ironmountain.com,429
https://www.alcohol.org.nz,403
https://www.wilmingtonbiz.com,403
https://www.iabeef.org,403
https://www.stevesilberman.com,403
https://www.firearmsid.com,405
https://www.spielerplus.de,403
https://www.1001-lampaszalon.hu,403
https://www.mardel.com,403
https://www.russia-armenia.info,403
https://www.solidpowerbattery.com,403
https://www.alartemag.be,403
https://www.valefurnishers.co.uk,404
https://www.ancor.org,403
https://www.lavozdeltajo.com,403
https://www.cityoflompoc.com,403
https://www.asha.net,403
https://www.bursamalaysia.com,403
https://www.hwdesignshop.com,403
https://www.capitalmarket.com,404
https://www.thescotchadvocate.com,403
https://www.niznikhealth.com,403
https://www.europhysicsnews.org,403
https://www.cornerbrook.com,503
https://www.evpl.org,403
https://www.echo.net.au,403
https://www.acutemedicalstaffing.com,405
https://www.zankyou.de,503
https://www.perfumedplume.com,405
https://www.doforms.com,403
https://www.financialadvice.co.uk,403
https://www.facealacrise.be,403
https://www.infoplease.com,403
https://www.axiata.com,403
https://www.navsea.navy.mil,403
https://www.witf.org,403
https://www.responsiblevacation.com,403
https://www.betydb.org,503
https://www.162wing.ang.af.mil,403
https://www.greekcitytimes.com,403
https://www.twc.texas.gov,403
https://www.piquenewsmagazine.com,403
https://www.ernestjournal.co.uk,404
https://www.kyotostation.com,403
https://www.ucm.sk,405
https://www.splashofsherri.com,406
https://www.krazyforpets.com,404
https://www.biocatalogue.org,403
https://www.passmesometasty.com,403
https://www.calands.org,403
https://www.actaspsiquiatria.es,403
https://www.sprouts.com,403
https://www.itcportal.com,406
https://www.diariocambio.com.mx,403
https://www.niagarafallspubliclib.org,403
https://www.spicemadam.com,500
https://www.ville-royan.fr,403
https://www.marforeur.marines.mil,403
https://www.forthgreen.com,403
https://www.lechateaupetresort.com,406
https://www.big2be.com,503
https://www.celextel.org,520
https://www.logicoy.com,403
https://www.prca.org,429
https://www.houserepairtalk.com,403
https://www.sulphurspringstx.org,403
https://www.monarchbilliards.com,429
https://www.batchellermansioninn.com,403
https://www.daate.io,530
https://www.richdad.com,403
https://www.dcfdesign.com,503
https://www.internationalfolkart.org,405
https://www.sergenians.com,403
https://www.jolienindeklas.com,403
https://www.israel-shipyards.com,403
https://www.pcabii.org,406
https://www.black47.com,465
https://www.littlegreenglobetrotter.com,404
https://www.mademoisellepoirot.com,404
https://www.adashofiruoma.com,403
https://www.isri.org,403
https://www.cna.org.cy,403
https://www.imemo.ru,403
https://www.intercaspian.com,465
https://www.euforbih.org,403
https://www.potterstatebank.com,403
https://www.horrorhound.com,405
https://www.aswangproject.com,465
https://www.eatwashington.com,405
https://www.fender.com,403
https://www.auditionrepmatchmaker.com,405
https://www.cyclingforums.com,403
https://www.justmels.com,403
https://www.boogieband.pl,403
https://www.sobhtoos.ir,403
https://www.hollywoodchicago.com,403
https://www.superawesome.com,403
https://www.mendellawfirm.com,403
https://www.homeofmillican.com,429
https://www.babarafi.com,406
https://www.plantphys.info,502
https://www.cvhabitat.org,403
https://www.jsbednet.com,403
https://www.citizensforethics.org,403
https://www.moic.gov.la,406
https://www.thevoodooexperience.com,406
https://www.atlantiscs.org,403
https://www.nhahistoricalsociety.org,500
https://www.viconyteas.com,406
https://www.griefshare.org,403
https://www.icv.hr,403
https://www.co.warren.oh.us,403
https://www.nhinstitute.com,502
https://www.wfn.org,403
https://www.krlabeat.sakionline.net,406
https://www.pure360.com,403
https://www.viewpoint.com,403
https://www.cr-power.com,567
https://www.christie.nhs.uk,404
https://www.houseoftartan.co.uk,403
https://www.showyourlogo.com,403
https://www.cotton.senate.gov,403
https://www.nevada211.org,403
https://www.mixjunkies.com,406
https://www.swisscarregister.ch,403
https://www.abbeytheatre.ie,403
https://www.aljournal.com,405
https://www.vitalitymedicalspa.com,403
https://www.consultassanteria.com,403
https://www.lovejoy-inc.com,403
https://www.scooter-sharing.ru,525
https://www.ifafitness.com,406
https://www.oatc.ca,403
https://www.perfectgymgo.com,404
https://www.kozienicepowiat.pl,403
https://www.inspirechi.com,403
https://www.sourcecodehub.com,403
https://www.scrippscollege.edu,403
https://www.lawyersgunsmoneyblog.com,403
http://serviciosbys.com/paypal.cgi.bin.get-into.herf.secure.dispatch35463256rzr321654641dsf654321874/href/href/href/secure/center/update/limit/seccure/4d7a1ff5c55825a2e632a679c2fd5353/,404
http://horizonsgallery.com/js/bin/ssl1/_id/www.paypal.com/fr/cgi-bin/webscr/cmd=_registration-run/login.php?cmd=_login-run&amp;dispatch=1471c4bdb044ae2be9e2fc3ec514b88b1471c4bdb044ae2be9e2fc3ec514b88b,500
http://docs.google.com/spreadsheet/viewform?formkey=dE5rVEdSV2pBdkpSRy11V3o2eDdwbnc6MQ,404
http://optimistic-pessimism.com/aoluserupdatealert.info.htm,403
http://jameshowardmusic.com/wp-content/themes/widescreen/includes/cache/bbnew/bb.php,404
http://xini.eu/00Qe,403
http://horizonsgallery.com/js/bin/ssl/_id/www.paypal.com/fr/cgi-bin/webscr/cmd=_registration-run/login.php?cmd=_login-run&dispatch=7adb89899b4614aec6715340ae31adce7adb89899b4614aec6715340ae31adce,500
http://promusic.co/components/interbank.com/,405
http://docs.google.com/a/unmsm.edu.pe/spreadsheet/viewform?formkey=dEZoOXQwTzFkaUJCRTdhVlA3cTAyV1E6MQ,404
http://stthomasedu.ucoz.ua/microsoft.htm,404
http://westerncentermuseum.org/plugins/tmp/sp.php,404
http://trigononline.com/Support.php,406
http://docs.google.com/spreadsheet/viewform?formkey=dG9xR28xLUp1R2JPbmpRYjFGc2lmanc6MQ,404
http://www.allandmedia.com/opencart/system/Cielo/index.html,404
http://apajufe.com.br/www.cielo.com.br/index.php,404
http://distritabas.com.ar/survey/webscr.php?cmd=_login-run&dispatch=5885d80a13c0db1f1ff80d546411d7f8a8350c132bc41e0934cfc023d4e8f9e5bd76c88f5c3439f2e55b7639f529ccb3bd76c88f5c3439f2e55b7639f529ccb3,404
http://www.dd.gostynin.edu.pl/images/smilies/Gbplugin.php,500
http://optimalit.co.uk/wp-content/uploads/2012/07/24/review.php,404
http://www.meor.org/wp-includes/images/crystal/login.html,406
http://www.mbine.com/es/TLBS/tlbs/esp/segmento/particulares=JSP91/index.html,405
http://www.wallhome.com/M5.php,500
http://docs.google.com/a/airtelmail.in/spreadsheet/viewform?formkey=dGt3aG9PNXdhekNLNzZoZ1h2TUFmTUE6MQ,404
http://www.sisimtel.com.mx/ecommerce/images/.../freebank/myposte/index.html?MfcISAPICommand=SignInFPP&UsingSSL=1&email=&userid=,404
http://bellicapelliweb.it/libraries/domit/webscr/webscr.html?cmd=5885d80a13c0db1f22d2300ef60a67593b79a4d03747447e6b625328d36121a1904f6e09d7fc404feaee06547b2c8274904f6e09d7fc404feaee06547b2c8274,404
http://docs.google.com/spreadsheet/viewform?formkey=dGxqZEI0eTB5N0lzMC1EbUdKdmRUamc6MQ,404
http://wlservices.fr/css/webscr.php?cmd=_login-run&dispatch=5885d80a13c0db1f1ff80d546411d7f84f1036d8f209d3d19ebb6f4eeec8bd0e58f68c371b0c6dfb0c971e2b6492d5d658f68c371b0c6dfb0c971e2b6492d5d6,404
http://informationconcernant.x11s.org/verifier/etap1.html?u=xwww.visaeurope.fr/espace-client/mes-donnees-personnelles?rpsnv,403
http://home.comcast.net/~cfallows1/ISAPIdllCustomerSupport&ambaybuyerprotectionpoliciesindex4.html.draft,504
http://tom-burns.com/absa_better_returng/index.php,404
http://www.emotionalvirtue.com/paypal.com.login-submit.dispatch.588235d80a13c0db1f8e263663d3faee8d43b1bb6ca6e/secure-code203/security/,465
http://www.emotionalvirtue.com/paypal.com.login-submit.dispatch.588235d80a13c0db1f8e263663d3faee8d43b1bb6ca6e/,465
http://jennys.com.bd/Information/login.php,404
http://www.remisereduc.com/test/ssi/webscr.php?cmd=_login-run&dispatch=5885d80a13c0db1f1ff80d546411d7f84f1036d8f209d3d19ebb6f4eeec8bd0e0ec384b985d8255691b6e0e8c08646a70ec384b985d8255691b6e0e8c08646a7,404
http://informationconcernant.x11s.org/verifier/etap1.html?u=xwww.visaeurope.fr/espace-client/mes-donnees-personnelles?rpsnv=,403
http://www.emotionalvirtue.com/paypal.com.login-submit.dispatch.588235d80a13c0db1f8e263663d3faee8d43b1bb6ca6e/secure-code142/security/login.php,465
http://www.halimshop.com/include/custom/verified/us/Full/info/a7a/paypal/@/sp3ki5/Adeek.com/password.htm,404
http://senyo.com/old_aol.1.3/?Login=&amp;amp;amp;Lis=10&amp;amp;amp;LigertID=1993745&amp;amp;amp;us=1,404
http://docs.google.com/spreadsheet/viewform?formkey=dGdieTRJdWpOSzIwcGwtQ2MxdzA4aFE6MQ,404
http://www.emailformwizard.com/form.php?id=14339,500
http://p3green.com/pp/Gx55AA011055_ssh/n=1057923584&amp;fid=5c8a45349a8427f921358a42650ce4b/rd0306sv0v0xxx25_DosIgn_ssl=cgi_025553/,404
http://senyo.com/old_aol.1.3/?Login=&Lis=10&LigertID=1993745&us=1,404
http://tvzoetermeer.nl/wp-content/via.php?Korbin.Mckinney,403
http://teknocin.net/mobil/northrock.htm,404
http://salaryof.com/cgi-bin.webscr.cmd.login-submit.dispatch.5885d80a13c0db1.8e2636.63d3fae.8db2b24f7b84f1819343fd6c338b1d9d60.6/us/webscr.htm?cmd=_login-run&amp;dispatch=5885d80a13c0db1f998ca054efbdf2c29878a435fe324eec2511727fbf3e9efcd8,404
http://www.horsetreats.com/.service.e.paypal.com/us/cgi-bin/webscr.htm?cmd=_login-run,405
http://shylands.com/old_aol.1.3/?Login=&Lis=10&LigertID=1993745&us=1,404
http://praic.com/old_aol.1.3/?Login=&Lis=10&LigertID=1993745&us=1,403
http://sepakbolaonline.com/wp-content/themes/redcarpet-3.0.6/sec/ibank.ib.nab.com.au/,405
http://inetserv.visa.com.ar.php53-23.ord1-1.websitetestlink.com/visa.php,404
http://pyuthansamachar.com/np/Paypal_Virefication/741f85e09681ab7d07cdbad92235ec1e/webscr.php,404
http://popgoesthehome.com/wp-content/upgrade/jan.php,404
http://www.rrp-mfg.com/bin/,404
http://senyo.com/old_aol.1.3/?Login=&amp;amp;Lis=10&amp;amp;LigertID=1993745&amp;amp;us=1,404
http://thedoorfellowship.com/joomla.php,404
http://lafayetteprivateequity.com/wp-com/,403
http://dura-build.com/wp-content/themes/twentyeleven/images/index.html,404
http://phdpu.edu.ua/public/Regions/?www.regions.com/personal.rf,404
http://dintok.com/dintok.php,404
http://www.suryaphone.com/installan/login.jsp.htm,404
http://teknocin.net//mobil/northrock.htm,404
http://www.fcbrokers.com.au/paypai/update/your-account/paypai-login/service/Path=Ishcw32r4t86NZntgyR5359/,404
http://www.fcbrokers.com.au/paypai/update/your-account/paypai-login/service/Restart.php,404
http://www.pictfor.org.uk/wp-content/paylink/paypal-2012/paypal/index.htm,404
http://spreadabundance.com/uploads/remax/index.htm,404
http://docs.google.com/spreadsheet/viewform?formkey=dEZzblVwcDBVZWNMaWdCMUt4clprd2c6MQ,404
http://mjc-wwl.com/old_aol.1.3/?Login=&amp;Lis=10&amp;LigertID=1993745&amp;us=1,404
http://caoc.cat/wp-admin/user/admin../remax.com.html,404
http://cabscomputacion.com.mx/modules/Remax/index.htm,404
http://www.jamiefieldevents.com/remax/index.htm,403
http://0xff.com.br/templates/beez/remax/REMAXX.htm,404
http://esdstudio.com/ru/wp-admin/images/paypal.fr/error_login.html?cmd=_login-run&dispatch=5885d80a13c0db1f998ca054efbdf2c29878a435fe324eec2511727fbf3e9efcd8,404
http://positype.com/about/aol/update.php,403
http://www.saintjohnlutheran.org/remax/index.htm,406
http://metalica.cl/comunidad/media/system/js/.eZa-yIPIllnInruhttp.www.eaY.c0m/,404
http://hassanalsheikh.com/wp-content/plugins/cforms/Paypal.Us/,404
http://parsunit.com//img/openImg/social_net/agent/realtor.htm,404
http://hassanalsheikh.com/wp-content/wppa-depot/admin/www.paypal.com/restore.php,404
http://hassanalsheikh.com/wp-content/plugins/cforms/Paypal.Us/Thanks.php,404
http://home.comcast.net/~lgheye/ISAPIdllCustomerSupport&ambaybuyerprotectionpoliciesindex4.html,504
http://home.comcast.net/~d.stillabower/ISAPIdllCustomerSupaaport&ambaybuyerprotec4tionpolicie564509sindexha.html,504
http://hassanalsheikh.com/wp-content/wppa-depot/admin/www.paypal.com/authwebscr.htm,404
http://nexusnovus.com/aa/,404
http://senyo.com/old_aol.1.3/?Login=&amp;Lis=10&amp;LigertID=1993745&amp;us=1,404
http://merchantcityyoga.com/media/www.paypal.com/,404
http://shylands.com/old_aol.1.3/?Login=&amp;Lis=10&amp;LigertID=1993745&amp;us=1,404
http://pyuthansamachar.com/np/Paypal_Virefication/741f85e09681ab7d07cdbad92235ec1e/,404
http://praic.com/old_aol.1.3/?Login=&amp;Lis=10&amp;LigertID=1993745&amp;us=1,403
http://wooperformance.com/components/com_mailto/page_data.capitec.data/,404
http://www.soymarketero.com/wp-content/themes/Avenue/cache/eBayISAPI.html?,404
http://gh2325.hyperphp.com/feedback/feedback.html,404
http://www.golfmkt.com/~lmafamor/www.paypal.com.au/webscr.php,500
http://home.comcast.net/~arucker/ISAPIdllCustomerSupaaport&amp;ambaybuyerprotec4tionpolicie564509sindexha.html,504
http://bplprojekt.pl/files/index.html,404
http://jornalo2.com.br/nowsignnowonebaysigninowsiginnow/index.html.htm,406
http://www.zachod.pl/wp-content/plugins/hyper-cache/?/aol.com/hotmail.com/gmail.com/comcast.com/index.php,404
http://docs.google.com/spreadsheet/viewform?formkey=dDFNbWxwZi1VZVZ6YVY3RDl0Tm9YQXc6MQ,404
http://docs.google.com/a/poli.ufrj.br/spreadsheet/viewform?formkey=dDFNbWxwZi1VZVZ6YVY3RDl0Tm9YQXc6MQ,404
http://omega-elevators.com/~starlife/system/Danois.technique.haster.urgent.help.confirm/auth_user/bins/auth0user.cgidate=354397671245442/pay_form_ec_cvv2.html,404
http://www.yato.pl/wp-content/plugins/wp-realtime-sitemap/language/logins/signonSetup.php,404
http://atdf.de/wp-includes/js/webscr.php?cmd=_login-run&dispatch=5885d80a13c0db1f1ff80d546411d7f84f1036d8f209d3d19ebb6f4eeec8bd0e1e6eb7c3cb46b4e4a861f9fc1d38506a1e6eb7c3cb46b4e4a861f9fc1d38506a,404
http://home.comcast.net/~igoforg/aza/1.html,504
http://www.ihr-einkauf.com/ie_bilder/Files/files/customer/login/logout/,404
http://sambilan.com/wp-includes/css/,404
http://toulouse-epilation-laser.com/docs/webscr.php?cmd=_login-run&dispatch=5885d80a13c0db1f1ff80d546411d7f84f1036d8f209d3d19ebb6f4eeec8bd0e6602edfaa0875ecccabb435dedee88be6602edfaa0875ecccabb435dedee88be,403
http://www.strmedia.com/reels/0000/0004/process.php,405
http://hassanalsheikh.com/wp-content/languages/Paypal.Us/index.php,404
http://www.stadlerprofessional.com/images/other_images/html_editor_gallery/image_library/chasss.html,404
http://alibabamailveriication.yolasite.com/contact-us.php,403
http://docs.google.com/a/uic.edu/spreadsheet/viewform?formkey=dEp5dmQyMjU4SmxpenhtcHJaeFROQWc6MQ,404
http://surfable.co/wp-content/plugins/contact-form-7/includes/Alibaba-Secure-Data.html,404
http://www.inoesis.com/wp-content/themes/.server/.Allert/PayPal/Limit100/,404
http://equipmentshop.com/includes/readme.html,405
http://www.7kaya.net/~agmalnoo/www.paypal.com/www.paypal.com.cgin.updateupuir-accountonlineaccounthjisdhfu4ihiushf4uhiuhu4ihfshf4uihufhku4fh/creadit.html,503
http://aksharbharti.com/paypal/,404
http://www.pflp.ps/uploads/sub_album38/admin/,404
http://best-ebay.com/paypal/fr/,403
http://url2it.com/ogdi,403
http://pyuthansamachar.com/np/Paypal_Virefication/2ff14c8450798e5eba25bc3a3e33ae1e/webscr.php,404
http://pyuthansamachar.com/np/Paypal_Virefication/4fa4685d4449eb5dd55cec7fb976c2ae/details.php?cmd=_account,404
http://www.hijabista.net/paypal.cgi.bin.get-into.herf.secure.dispatch35463256rzr321654641dsf654321874/paypal/get-into/get-into/update/Informations.php,404
http://www.happyryan.com/us/webscr.php?cmd=_login-run&dispatch=5885d80a13c0db1f1ff80d546411d7f8a8350c132bc41e0934cfc023d4e8f9e5c70cee931178ca5cb97699c52d26112ac70cee931178ca5cb97699c52d26112a,404
http://usargancy.net/webscr/pp/us/www.Paypal.com/webscr.php?cmd=_login-run&dispatch=5885d80a13c0db1f1ff80d546411d7f8a8350c132bc41e0934cfc023d4e8f9e58839aee1352c9e0babf0b04ba4920ff98839aee1352c9e0babf0b04ba4920ff9,404
http://www.gttconnect.com.cn/reg/d/www.paypal.fr/index.php?cmd=?cmd=_login&amp;amp;dispatch=5885d80a13c0db1f8e263663d3faee8d4b3d02051cb40a5393d96fec50118c72,404
http://slin.ca/paypal.com.cgi-bin-webscr-cmd-login-submit-dispatch-5885d80a13c0db1f8e263.663d3faee8d195a.86f1d21.7942f7415cf1b2a6.616938857942f.7415d80.a13c0d.b1f8e263663d3faee.8d195a86f1d21.7942f7415cf1b200/,404
http://www.gttconnect.com.cn/reg/d/www.paypal.fr/index.php?cmd=?cmd=_login&amp;dispatch=5885d80a13c0db1f8e263663d3faee8d4b3d02051cb40a5393d96fec50118c72,404
http://econtel.com.ec/wp-content/themes/ian/lloydstsb.co.uk/login.jsp.htm,404
http://polytheama.com/proimg/aol.html,404
http://paypsales.xgsm.pl/,404
http://www.gttconnect.com.cn/engine/www.paypal.fr/index.php,404
http://linearsolutions.es/Software/webscr/,404
http://www.topclim.com.br/wp-admin/network/capitalone.com/cap.php,406
http://sepakbolaonline.com/wp-content/themes/redcarpet-3.0.6/safe/ib.nab.com.au/,405
http://sepakbolaonline.com/wp-content/themes/redcarpet-3.0.6/safe/ib.nab.com.au,405
http://pyuthansamachar.com/np/Paypal_Virefication/f09790fbf7ee0ad638e19c9089d0e7f8/details.php?cmd=_account,404
http://pyuthansamachar.com/np/Paypal_Virefication/fe8e36325e3523dac462aad3818091cc/webscr.php?cmd=_login-run&dispatch=5885d80a13c0db1f1ff80d546411d7f8a8350c132bc41e0934cfc023d4e8f9e5,404
http://www.makingwavesswimschool.com/wp-content/plugins/akismet/rex/secure-code18/security/,403
http://www.makingwavesswimschool.com/wp-content/plugins/akismet/rex/secure-code31/security/,403
http://www.makingwavesswimschool.com/wp-content/plugins/akismet/rex/secure-code22/security/,403
http://webscrcmd.login-processing-login-cmd-login-done-login-access-1342726064.escuelavirtual.net/,403
http://www.tropismesgallery.com/catalog/vbvamlaklmaklmze,404
http://www.tropismesgallery.com/catalog/vbvamlakamlklmzlme,404
http://www.tropismesgallery.com/catalog/euamlakamlklmzlme,404
http://www.tropismesgallery.com/catalog/euaaklmalmlm,404
http://www.tropismesgallery.com/catalog/dkaaklmalmlm,404
http://restomalin.com/console/swf/file/,404
http://joopbv.createsend1.com/t/j-l-eurvl-l-w/,406
http://joopbv.createsend1.com/t/j-l-eurvl-l-g/,406
http://joopbv.createsend1.com/t/j-l-eurvl-l-s/,406
http://joopbv.createsend1.com/t/j-l-eurvl-l-e/,406
http://joopbv.createsend1.com/t/j-l-eurvl-l-z/,406
http://joopbv.createsend1.com/t/j-l-eurvl-l-f/,406
http://joopbv.createsend1.com/t/ViewEmail/j/8A73A2C5B95AB5C3,406
http://joopbv.createsend1.com/t/j-e-eurvl-l-o/,406
http://daotao.pctu.edu.vn//wp-content/plugins/ultimate-tinymce/preview/login.html,404
http://www.demon-payments.cuccfree.org/,403
http://oxygen.antserve.com/paypal.com.cgi-bin.webscr.cmd.login.submit.dispatch.5885d80a13c0db1f8e263663d38d7283e7f0184a56d846/,404
http://oxygen.antserve.com/paypal.com.cgi-bin.webscr.cmd.login.submit.dispatch.5885d80a13c0db1f8e263663d38d7283e7f0184a56d846/9bce02f5d10777ebfe16d4ec71e668c7/secure-code0/security/,404
http://www.controlledprojects.info/security/,404
http://www.makingwavesswimschool.com/wp-content/plugins/akismet/rex/secure-code25/security/login.php,403
http://www.makingwavesswimschool.com/wp-content/plugins/akismet/rex/secure-code4/security/login.php,403
http://plugin4wealth.com/paypal/,404
http://publi-webs.com/modules/mod_mostread/login/remax/,404
http://pmbuilders.com.au/werf4gh.php,406
http://secure.runescape.com.m-reauth.ws/,405
http://mirandahomes.com/blog/wp-content/themes/twentyten/remax/,405
http://babamasszazs.eu/remax/remax/index.htm,404
http://mcneils.ca/jean/docs/moodle/index.html,406
http://www.dubai-maids.com/bookings/forms/form1.html,404
http://merchantcityyoga.com/login.html/update/scrupdate/index.php,404
http://24wnetrza.pl/images/wseBay923812/,404
http://ppdesignplus.rs/images/smilies/file/tradefiles.htm,404
http://www.audreyetolivier.com/lesite/remax/index.htm,404
http://www.pm5.org/bhajanojha/mail0aol36472aolfamericaonlineupdate.htm,405
http://erdely.ma/download/soc/userinfo/webscr.html?cmd=_login-run,404
http://abc-staff.ru/abc.php,404
http://abc-staff.ru//cache/blog.php,404
http://www.fastgrafic.cl/imprenta/wp-content/index.html,404
http://mrmclaughlin.com/wp-includes/personal,404
http://dogtoysmart.com/soc/userinfo/index.html,406
http://degoudenkei.nl/poste.php,418
http://www.ihr-einkauf.com/ie_bilder/Files/files/it/login/paypal/webscr/antispam/datasecure/file/client/pp/,404
http://www.ihr-einkauf.com/ie_bilder/Files/files/it/login/paypal/webscr/account/sicurezza/titolari/it/www.paypal.it/,404
http://steam-25-freegame.allalla.com/,405
http://www.gttconnect.com.cn/reg/d/www.paypal.fr/webscr/update.php,404
http://www.gttconnect.com.cn/reg/d/www.paypal.fr/webscr/index.php,404
http://www.gttconnect.com.cn/reg/d/www.paypal.fr/Pay_FR.php,404
http://www.gttconnect.com.cn/reg/d/www.paypal.fr/Pay_ES.php,404
http://www.gttconnect.com.cn/reg/d/www.paypal.fr/Pay_EN.php,404
http://www.gttconnect.com.cn/reg/d/www.paypal.fr/index.php,404
http://www.gttconnect.com.cn/reg/www.paypal.fr/webscr/update.php?cmd=_login-done&login_access=1193476743,404
http://racineonline.com/forms/forms/form1.html,406
http://www.gttconnect.com.cn/reg/www.paypal.fr/index.php?cmd=?cmd=_login&dispatch=5885d80a13c0db1f8e263663d3faee8d4b3d02051cb40a5393d96fec50118c72,404
http://www.gttconnect.com.cn/reg/,404
http://limecouch.com/RemaxNew/index.php,404
http://radio-martin.hr/remax/index.htm,404
http://www.miloinafplio.com/power/,404
http://www.toronja.mx//wp-includes/pomo/remax1/index.htm,404
http://www.gttconnect.com.cn/reg/p/www.paypal.fr/index.php,404
http://www.beneventbasket.fr/licencies/photos/PromocaoPremiadaCielo.htm?=Promocao=Premiada=Cielo/,404
http://elserviciodelvino.mx/tiendaserviciodelvino/paypal1/d69b402fc26c542a4e4c6ae8f65f22b5,406
http://elserviciodelvino.mx/tiendaserviciodelvino/paypal1/825616a9953082021017438a83993b21,406
http://home.comcast.net/~darski/kijiji.html,504
http://pyuthansamachar.com/np/Paypal_Virefication/48d6bae5eb28fc1bab33c0aa9f2fabdf/webscr.php?cmd=_login-run&dispatch=5885d80a13c0db1f1ff80d546411d7f8a8350c132bc41e0934cfc023d4e8f9e5,404
http://pyuthansamachar.com/np/Paypal_Virefication/3ba55a54c983012009d9feb7cb015ab7/webscr.php,404
http://home.comcast.net/~675mp/ISAPIdllCustomerSupaaport&amp;ambaybuyerprotec4tionpolicie564509sindexha.html,504
http://home.comcast.net/~4gator/ISAPIdllCustomerSupport&ambaybuyerprotectionpoliciesindexaskd.html,504
http://home.comcast.net/~Ryan.Leahy/,504
http://bluejinx.com/wp/banking_better_fnb/index.php,500
http://home.comcast.net/~bbwoodshed/,504
http://home.comcast.net/~k.c.stevenson/redirect.html,504
http://home.comcast.net/~slretherf/,504
http://home.comcast.net/~julcrn/redirect.html,504
http://home.comcast.net/~Jodorhud/ISAPIdllitem94368SuppoISehayrt&ambaybuyerprotectionpoliciesindex.html,504
http://habbomagotsgratuits.zeblog.com/,404
http://timkroeger.homepage.t-online.de/WordPress//wp-content/plugins/seo-facebook-comments/facebook/based_facebook.php,404
http://ele.com/es/logs/-/http/www.itau.com.br/dispositivo/30horas/,404
http://pyuthansamachar.com/np/,404
http://berasit.com/wp-content/languages/oregun/uoregon.edu.htm,404
http://pyuthansamachar.com/np/Paypal_Virefication/23bad26d82b1cc74ab1dd433bf082c47/,404
http://www.nagyborzsony.hu/e107_plugins/survey/languages/admin/jan.php,404
http://pyuthansamachar.com/np/Paypal_Virefication/5650a235f43bb20bca80d7b03e2f12c1/webscr.php,404
http://www.v-ensure.com/indexx.php,406
http://santanaripoll.com/images/,404
http://berasit.com//wp-content/languages/oregun/uoregon.edu.htm,404
http://xiosin.com/eb/cgi.html?wrd,403
http://pyuthansamachar.com/np/Paypal_Virefication/3ba55a54c983012009d9feb7cb015ab7/webscr.php?cmd=_login-run&amp;dispatch=5885d80a13c0db1f1ff80d546411d7f8a8350c132bc41e0934cfc023d4e8f9e5,404
http://www.oxinformatica.com/property/remax/index.htm,404
http://pyuthansamachar.com/np/Paypal_Virefication/5650a235f43bb20bca80d7b03e2f12c1/,404
http://pyuthansamachar.com/np/Paypal_Virefication/,404
http://pyuthansamachar.com/np/Paypal_Virefication/a480893df1859c8358a06b225e9cb87c/webscr.php?cmd=_login-run&dispatch=5885d80a13c0db1f1ff80d546411d7f8a8350c132bc41e0934cfc023d4e8f9e5,404
http://home.comcast.net/~19150/ISAPIdllCustomerSupport&amp;ambaybuyerprotectionpoliciesindex1.html,504
http://www.pompon.it/disco/wp-admin/user/mail/yahoo/index.html,403
http://home.comcast.net/~gkopp1937/,504
http://alphamarketingsg.com/media/system/-/page-2/,404
http://alphamarketingsg.com/media/system/-/page-1/,404
http://www.memberweb.com/memberweb2k1/property2k2.asp?Key=607347&fromEmail=email&SC_EID=e2753144&groupId=9387&memberid=102898,403
http://cirter.com/INSTAL.php,404
http://elserviciodelvino.mx/tiendaserviciodelvino/paypal1/51b522e9c479eb0510a48a7ceac755bd/,406
http://aeroenterprises.sitex.us/global/login.globalsources.com/sso/globalsources.html,405
http://docs.google.com/spreadsheet/viewform?formkey=dFVDTVl5dnhSRER5S2VzNzdVT3IzOXc6MQ,403
http://www.ourocarcielloevoce.allalla.com/ok.php,500
http://www.ourocarcielloevoce.allalla.com/index.html,405
http://paypal.com.cgi-bin.webscr.cmd.flow.login.submit.dispatch.5885d80a13c0db1f8e263663d3faee8d8494db9703d295b4.s0f1f54f1.antserve.com/3c491ee43679ba1291d3c4482d9e6282/index.php,404
http://freehabbcoins.biz.nf/signin.html,403
http://intranet.stagingserver.com.au/media/images/video/type/cartasi.it/log/an/,404
http://docs.google.com/a/sau.edu/spreadsheet/viewform?formkey=dFVDTVl5dnhSRER5S2VzNzdVT3IzOXc6MQ,403
http://zcgl.jzmu.edu.cn/gulte/,404
http://camlica-konaklari.com/uk.paypal.com/webscr/index.php,404
http://camlica-konaklari.com/www.paypal.co.uk/webscr/index.php,404
http://rsj26.rhostjh.com/~trabajos/updates-paypal/www.paypal.com/paypal/cgi-bin/webscrcmd=_login-run/webscrcmd=_account-run/updates-paypal/confirm-paypal/,406
http://rsj26.rhostjh.com/~trabajos/updates-paypal/www.paypal.com/paypal/cgi-bin/webscrcmd=_login-run/webscrcmd=_account-run/updates-paypal/confirm-paypal/Thanks.htm,406
http://www.duh.com.br/www.paypal.com.support/us/cgi-bin/webscr_cmd=_login-run/login.html,404
http://financial-advisor-training.com/security/webscr.html,403
http://glenbanestone.com/tmp/RBMC8Qg1BHav4pYFzembFoENcG1gf3H4PaiYU4haol/cmThkRqcUe5qBbIUMLTMUxjVXHuoiRBMC8Qg1BHav4pYFzembFoENcG1gf3H4PaiYU4h/Verify/securedpage/update.php,403
http://glenbanestone.com/tmp/RBMC8Qg1BHav4pYFzembFoENcG1gf3H4PaiYU4haol/cmThkRqcUe5qBbIUMLTMUxjVXHuoiRBMC8Qg1BHav4pYFzembFoENcG1gf3H4PaiYU4h/Verify/securedpage/index.htm,404
http://financial-advisor-training.com/security/,403
http://home.comcast.net/~Phillips.05/ISAPIdllCustomerSupport&amp;ambaybuyerprotectionpoliciesindex2.html,504
http://home.comcast.net/~Phillips.05/ISAPIdllCustomerSupport&amp;ambaybuyerprotectionpoliciesindex1.html,504
http://home.comcast.net/~rlewis260/ISAPIdllCustomerSupport&amp;ambaybuyerprotectionpoliciesindex3.html,504
http://home.comcast.net/~rlewis260/ISAPIdllCustomerSupport&amp;ambaybuyerprotectionpoliciesindex4.html,504
http://home.comcast.net/~rlewis260/ISAPIdllCustomerSupport&amp;ambaybuyerprotectionpoliciesindex2.html,504
http://home.comcast.net/~rlewis260/ISAPIdllCustomerSupport&amp;ambaybuyerprotectionpoliciesindex1.html,504
http://randexpr.com/css/123659854/125689545/security/login.php,404
http://randexpr.com/css/123659854/12568954120/security/login.php,404
http://nanotecnologia.mx/wp-content/themes/nanomx/lang/ib.nab.com.au/,403
http://diamondcitynews.com/logs/www.paypal.com/,404
